vin (1-10),county,city,state,postal code,model year,make,model,electric vehicle type,clean alternative fuel vehicle (cafv) eligibility,electric range,legislative district,dol vehicle id,vehicle location,electric utility,2020 census tract
JN1AZ0CP5C,Stevens,Colville,WA,99114,2012,NISSAN,LEAF,Battery Electric Vehicle (BEV),Clean Alternative Fuel Vehicle Eligible,73,7.0,153331706,POINT (-117.90454 48.54657),AVISTA CORP,53065950200
1N4AZ1CP1J,King,Seattle,WA,98122,2018,NISSAN,LEAF,Battery Electric Vehicle (BEV),Clean Alternative Fuel Vehicle Eligible,151,37.0,333135022,POINT (-122.31009 47.60803),CITY OF SEATTLE - (WA)|CITY OF TACOMA - (WA),53033007800
5UX43EU09S,Kitsap,Poulsbo,WA,98370,2025,BMW,X5,Plug-in Hybrid Electric Vehicle (PHEV),Clean Alternative Fuel Vehicle Eligible,40,23.0,267525737,POINT (-122.64681 47.73689),PUGET SOUND ENERGY INC,53035940100
3C3CFFGE5F,Thurston,Yelm,WA,98597,2015,FIAT,500,Battery Electric Vehicle (BEV),Clean Alternative Fuel Vehicle Eligible,87,2.0,474468501,POINT (-122.60735 46.94239),PUGET SOUND ENERGY INC,53067012422
1N4AZ0CP1F,Thurston,Olympia,WA,98502,2015,NISSAN,LEAF,Battery Electric Vehicle (BEV),Clean Alternative Fuel Vehicle Eligible,84,22.0,226741833,POINT (-122.92333 47.03779),PUGET SOUND ENERGY INC,53067010600
WBY1Z2C59F,Snohomish,Lynnwood,WA,98037,2015,BMW,I3,Battery Electric Vehicle (BEV),Clean Alternative Fuel Vehicle Eligible,81,32.0,208518453,POINT (-122.27734 47.83785),PUGET SOUND ENERGY INC,53061051602
1C4RJXR6XR,Snohomish,Snohomish,WA,98290,2024,JEEP,WRANGLER,Plug-in Hybrid Electric Vehicle (PHEV),Not eligible due to low battery range,21,44.0,258162341,POINT (-122.09305 47.91265),PUGET SOUND ENERGY INC,53061052302
YV4BR0PKXJ,Kitsap,Kingston,WA,98346,2018,VOLVO,XC90,Plug-in Hybrid Electric Vehicle (PHEV),Not eligible due to low battery range,19,23.0,316199201,POINT (-122.4977 47.79802),PUGET SOUND ENERGY INC,53035090202
1N4BZ0CP4G,Kitsap,Poulsbo,WA,98370,2016,NISSAN,LEAF,Battery Electric Vehicle (BEV),Clean Alternative Fuel Vehicle Eligible,84,23.0,344423992,POINT (-122.64681 47.73689),PUGET SOUND ENERGY INC,53035090202
KNDCE3LG8K,King,Seattle,WA,98117,2019,KIA,NIRO,Battery Electric Vehicle (BEV),Clean Alternative Fuel Vehicle Eligible,239,36.0,4734390,POINT (-122.38418 47.70044),CITY OF SEATTLE - (WA)|CITY OF TACOMA - (WA),53033003302
KL8CK6S00G,Yakima,Yakima,WA,98903,2016,CHEVROLET,SPARK,Battery Electric Vehicle (BEV),Clean Alternative Fuel Vehicle Eligible,82,14.0,332341264,POINT (-120.71847 46.55029),PACIFICORP,53077002803
5YJ3E1EC6L,Thurston,Lacey,WA,98503,2020,TESLA,MODEL 3,Battery Electric Vehicle (BEV),Clean Alternative Fuel Vehicle Eligible,308,22.0,273571518,POINT (-122.82324 47.04437),PUGET SOUND ENERGY INC,53067011300
1C4JJXN62P,Kitsap,Port Orchard,WA,98367,2023,JEEP,WRANGLER,Plug-in Hybrid Electric Vehicle (PHEV),Not eligible due to low battery range,21,35.0,238015025,POINT (-122.68471 47.50524),PUGET SOUND ENERGY INC,53035092901
KNDCE3LG9K,Snohomish,Lynnwood,WA,98087,2019,KIA,NIRO,Battery Electric Vehicle (BEV),Clean Alternative Fuel Vehicle Eligible,239,21.0,8713050,POINT (-122.27981 47.85727),PUGET SOUND ENERGY INC,53061041703
WAUTPBFF5H,Snohomish,Edmonds,WA,98026,2017,AUDI,A3,Plug-in Hybrid Electric Vehicle (PHEV),Not eligible due to low battery range,16,32.0,106075574,POINT (-122.31768 47.87166),PUGET SOUND ENERGY INC,53061050900
1G1FZ6S02L,Snohomish,Lynnwood,WA,98037,2020,CHEVROLET,BOLT EV,Battery Electric Vehicle (BEV),Clean Alternative Fuel Vehicle Eligible,259,32.0,283206829,POINT (-122.27734 47.83785),PUGET SOUND ENERGY INC,53061051702
1C4JJXP6XN,Skagit,Mount Vernon,WA,98274,2022,JEEP,WRANGLER,Plug-in Hybrid Electric Vehicle (PHEV),Not eligible due to low battery range,21,10.0,271716721,POINT (-122.32295 48.4152),PUGET SOUND ENERGY INC,53057952600
1FMCU0EZ8N,Thurston,Olympia,WA,98506,2022,FORD,ESCAPE,Plug-in Hybrid Electric Vehicle (PHEV),Clean Alternative Fuel Vehicle Eligible,38,22.0,195305568,POINT (-122.87741 47.05997),PUGET SOUND ENERGY INC,53067010200
5YJ3E1EB3J,Kitsap,Bremerton,WA,98311,2018,TESLA,MODEL 3,Battery Electric Vehicle (BEV),Clean Alternative Fuel Vehicle Eligible,215,23.0,136878675,POINT (-122.60915 47.62631),PUGET SOUND ENERGY INC,53035091701
JA4T5WA92R,Yakima,Yakima,WA,98908,2024,MITSUBISHI,OUTLANDER,Plug-in Hybrid Electric Vehicle (PHEV),Clean Alternative Fuel Vehicle Eligible,38,14.0,269497000,POINT (-120.60199 46.59817),PACIFICORP,53077000902
5YJ3E1EB1J,King,Kirkland,WA,98034,2018,TESLA,MODEL 3,Battery Electric Vehicle (BEV),Clean Alternative Fuel Vehicle Eligible,215,1.0,474583259,POINT (-122.22901 47.72201),PUGET SOUND ENERGY INC||CITY OF TACOMA - (WA),53033022300
1N4AZ1CP4J,King,Seattle,WA,98133,2018,NISSAN,LEAF,Battery Electric Vehicle (BEV),Clean Alternative Fuel Vehicle Eligible,151,32.0,303128633,POINT (-122.33364 47.73709),CITY OF SEATTLE - (WA)|CITY OF TACOMA - (WA),53033000402
5YJ3E1EA3J,Kittitas,Ellensburg,WA,98926,2018,TESLA,MODEL 3,Battery Electric Vehicle (BEV),Clean Alternative Fuel Vehicle Eligible,215,13.0,344096189,POINT (-120.54872 46.99703),PUGET SOUND ENERGY INC,53037975300
5UXTA6C06M,Snohomish,Bothell,WA,98021,2021,BMW,X5,Plug-in Hybrid Electric Vehicle (PHEV),Clean Alternative Fuel Vehicle Eligible,30,1.0,170396957,POINT (-122.18384 47.8031),PUGET SOUND ENERGY INC,53061051922
1G1FY6S01L,Thurston,Lacey,WA,98503,2020,CHEVROLET,BOLT EV,Battery Electric Vehicle (BEV),Clean Alternative Fuel Vehicle Eligible,259,2.0,265623928,POINT (-122.82324 47.04437),PUGET SOUND ENERGY INC,53067011628
5YJYGDEE0L,Snohomish,Lynnwood,WA,98087,2020,TESLA,MODEL Y,Battery Electric Vehicle (BEV),Clean Alternative Fuel Vehicle Eligible,291,21.0,124395995,POINT (-122.27981 47.85727),PUGET SOUND ENERGY INC,53061051803
5YJSA1E28G,Snohomish,Lynnwood,WA,98037,2016,TESLA,MODEL S,Battery Electric Vehicle (BEV),Clean Alternative Fuel Vehicle Eligible,210,21.0,341396905,POINT (-122.27734 47.83785),PUGET SOUND ENERGY INC,53061051601
1G1RB6S52H,Skagit,Bow,WA,98232,2017,CHEVROLET,VOLT,Plug-in Hybrid Electric Vehicle (PHEV),Clean Alternative Fuel Vehicle Eligible,53,40.0,349234077,POINT (-122.397 48.56045),PUGET SOUND ENERGY INC,53057950802
1N4BZ1CP8K,Skagit,Mount Vernon,WA,98273,2019,NISSAN,LEAF,Battery Electric Vehicle (BEV),Clean Alternative Fuel Vehicle Eligible,150,10.0,109851010,POINT (-122.33891 48.41644),PUGET SOUND ENERGY INC,53057952700
5YJXCAE24G,King,Kirkland,WA,98034,2016,TESLA,MODEL X,Battery Electric Vehicle (BEV),Clean Alternative Fuel Vehicle Eligible,200,45.0,4735286,POINT (-122.22901 47.72201),PUGET SOUND ENERGY INC||CITY OF TACOMA - (WA),53033021904
5YJ3E1EAXK,Snohomish,Arlington,WA,98223,2019,TESLA,MODEL 3,Battery Electric Vehicle (BEV),Clean Alternative Fuel Vehicle Eligible,220,39.0,160628149,POINT (-122.1264 48.19471),PUGET SOUND ENERGY INC,53061053505
1FMCU0LZXN,Yakima,Yakima,WA,98908,2022,FORD,ESCAPE,Plug-in Hybrid Electric Vehicle (PHEV),Clean Alternative Fuel Vehicle Eligible,38,14.0,232828879,POINT (-120.60199 46.59817),PACIFICORP,53077000401
YV4BR0DL4L,Thurston,Olympia,WA,98516,2020,VOLVO,XC60,Plug-in Hybrid Electric Vehicle (PHEV),Not eligible due to low battery range,18,22.0,6337467,POINT (-122.78598 47.08476),PUGET SOUND ENERGY INC,53067012225
1G1FX6S01H,Island,Freeland,WA,98249,2017,CHEVROLET,BOLT EV,Battery Electric Vehicle (BEV),Clean Alternative Fuel Vehicle Eligible,238,10.0,143360472,POINT (-122.52664 48.00956),PUGET SOUND ENERGY INC,53029971900
5UXKT0C51J,Yakima,Wapato,WA,98951,2018,BMW,X5,Plug-in Hybrid Electric Vehicle (PHEV),Not eligible due to low battery range,13,15.0,282553729,POINT (-120.42083 46.44779),PACIFICORP,53077940007
1N4BZ1CP4K,Snohomish,Marysville,WA,98270,2019,NISSAN,LEAF,Battery Electric Vehicle (BEV),Clean Alternative Fuel Vehicle Eligible,150,44.0,2384007,POINT (-122.1769 48.06114),PUGET SOUND ENERGY INC,53061052711
5YJ3E1EB0L,Snohomish,Snohomish,WA,98290,2020,TESLA,MODEL 3,Battery Electric Vehicle (BEV),Clean Alternative Fuel Vehicle Eligible,322,39.0,4653827,POINT (-122.09305 47.91265),PUGET SOUND ENERGY INC,53061052301
5YJ3E1EAXJ,King,Seattle,WA,98103,2018,TESLA,MODEL 3,Battery Electric Vehicle (BEV),Clean Alternative Fuel Vehicle Eligible,215,43.0,280224899,POINT (-122.35436 47.67596),CITY OF SEATTLE - (WA)|CITY OF TACOMA - (WA),53033004902
YV4BR0DLXK,Kitsap,Bainbridge Island,WA,98110,2019,VOLVO,XC60,Plug-in Hybrid Electric Vehicle (PHEV),Not eligible due to low battery range,17,23.0,127213362,POINT (-122.521 47.62732),PUGET SOUND ENERGY INC,53035090901
5YJ3E1EA2J,Kitsap,Bremerton,WA,98312,2018,TESLA,MODEL 3,Battery Electric Vehicle (BEV),Clean Alternative Fuel Vehicle Eligible,215,35.0,281249692,POINT (-122.65223 47.57192),PUGET SOUND ENERGY INC,53035080700
YH4K14AA0C,Kitsap,Bainbridge Island,WA,98110,2012,FISKER,KARMA,Plug-in Hybrid Electric Vehicle (PHEV),Clean Alternative Fuel Vehicle Eligible,33,23.0,196625971,POINT (-122.521 47.62732),PUGET SOUND ENERGY INC,53035091002
5YJSA1E26G,Island,Clinton,WA,98236,2016,TESLA,MODEL S,Battery Electric Vehicle (BEV),Clean Alternative Fuel Vehicle Eligible,210,10.0,124200996,POINT (-122.35803 47.9796),PUGET SOUND ENERGY INC,53029972000
WBY2Z6C57K,Thurston,Tumwater,WA,98512,2019,BMW,I8,Plug-in Hybrid Electric Vehicle (PHEV),Not eligible due to low battery range,17,22.0,229495584,POINT (-123.04078 46.94792),PUGET SOUND ENERGY INC,53067010910
KM8K33AG5L,Skagit,Mount Vernon,WA,98273,2020,HYUNDAI,KONA,Battery Electric Vehicle (BEV),Clean Alternative Fuel Vehicle Eligible,258,40.0,4878891,POINT (-122.33891 48.41644),PUGET SOUND ENERGY INC,53057952500
1C4RJYB68P,Yakima,Union Gap,WA,98903,2023,JEEP,GRAND CHEROKEE,Plug-in Hybrid Electric Vehicle (PHEV),Not eligible due to low battery range,25,15.0,245749206,POINT (-120.71847 46.55029),PACIFICORP,53077001400
5UXTS1C08M,King,Seattle,WA,98144,2021,BMW,X3,Plug-in Hybrid Electric Vehicle (PHEV),Not eligible due to low battery range,17,37.0,209729166,POINT (-122.30866 47.57874),CITY OF SEATTLE - (WA)|CITY OF TACOMA - (WA),53033010002
5YJ3E1EA3J,King,Seattle,WA,98136,2018,TESLA,MODEL 3,Battery Electric Vehicle (BEV),Clean Alternative Fuel Vehicle Eligible,215,34.0,336434822,POINT (-122.38415 47.53755),CITY OF SEATTLE - (WA)|CITY OF TACOMA - (WA),53033010602
WA1LAAGE7M,Kitsap,Bainbridge Island,WA,98110,2021,AUDI,E-TRON,Battery Electric Vehicle (BEV),Clean Alternative Fuel Vehicle Eligible,222,23.0,287453960,POINT (-122.521 47.62732),PUGET SOUND ENERGY INC,53035091002
1G1FZ6S07K,Snohomish,Lynnwood,WA,98087,2019,CHEVROLET,BOLT EV,Battery Electric Vehicle (BEV),Clean Alternative Fuel Vehicle Eligible,238,21.0,477813668,POINT (-122.27981 47.85727),PUGET SOUND ENERGY INC,53061041703
5YJ3E1EBXK,Walla Walla,Walla Walla,WA,99362,2019,TESLA,MODEL 3,Battery Electric Vehicle (BEV),Clean Alternative Fuel Vehicle Eligible,220,16.0,255013832,POINT (-118.34261 46.07068),PACIFICORP,53071920801
3FA6P0PU5F,Snohomish,Everett,WA,98203,2015,FORD,FUSION,Plug-in Hybrid Electric Vehicle (PHEV),Not eligible due to low battery range,19,38.0,9620047,POINT (-122.23019 47.94949),PUGET SOUND ENERGY INC,53061041201
1G1FY6S08L,Stevens,Loon Lake,WA,99148,2020,CHEVROLET,BOLT EV,Battery Electric Vehicle (BEV),Clean Alternative Fuel Vehicle Eligible,259,7.0,140898397,POINT (-117.63731 48.06288),AVISTA CORP,53065951302
WBA33AG04M,King,Auburn,WA,98001,2021,BMW,530E,Plug-in Hybrid Electric Vehicle (PHEV),Not eligible due to low battery range,18,47.0,141826758,POINT (-122.28802 47.30264),PUGET SOUND ENERGY INC||CITY OF TACOMA - (WA),53033029902
5YJ3E1EB9J,Kitsap,Seabeck,WA,98380,2018,TESLA,MODEL 3,Battery Electric Vehicle (BEV),Clean Alternative Fuel Vehicle Eligible,215,35.0,3557284,POINT (-122.81585 47.64509),PUGET SOUND ENERGY INC,53035091301
1N4AZ1CP0J,King,Auburn,WA,98092,2018,NISSAN,LEAF,Battery Electric Vehicle (BEV),Clean Alternative Fuel Vehicle Eligible,151,31.0,475311350,POINT (-122.18262 47.31825),PUGET SOUND ENERGY INC||CITY OF TACOMA - (WA),53033031000
1N4AZ1CP5J,Snohomish,Snohomish,WA,98290,2018,NISSAN,LEAF,Battery Electric Vehicle (BEV),Clean Alternative Fuel Vehicle Eligible,151,39.0,349084263,POINT (-122.09305 47.91265),PUGET SOUND ENERGY INC,53061052203
1N4AZ0CP8D,Snohomish,Everett,WA,98201,2013,NISSAN,LEAF,Battery Electric Vehicle (BEV),Clean Alternative Fuel Vehicle Eligible,75,38.0,122815822,POINT (-122.20596 47.97659),PUGET SOUND ENERGY INC,53061040100
5YJYGDEF2L,Snohomish,Marysville,WA,98270,2020,TESLA,MODEL Y,Battery Electric Vehicle (BEV),Clean Alternative Fuel Vehicle Eligible,291,44.0,272546914,POINT (-122.1769 48.06114),PUGET SOUND ENERGY INC,53061052710
WA1E2AFY5R,Chelan,Leavenworth,WA,98826,2024,AUDI,Q5 E,Plug-in Hybrid Electric Vehicle (PHEV),Not eligible due to low battery range,23,12.0,272879554,POINT (-120.65754 47.5982),PUD NO 1 OF CHELAN COUNTY,53007960201
2C4RC1S7XN,Yakima,Yakima,WA,98908,2022,CHRYSLER,PACIFICA,Plug-in Hybrid Electric Vehicle (PHEV),Clean Alternative Fuel Vehicle Eligible,32,14.0,218188029,POINT (-120.60199 46.59817),PACIFICORP,53077000402
5YJ3E1EB4J,King,Seattle,WA,98144,2018,TESLA,MODEL 3,Battery Electric Vehicle (BEV),Clean Alternative Fuel Vehicle Eligible,215,37.0,265630438,POINT (-122.30866 47.57874),CITY OF SEATTLE - (WA)|CITY OF TACOMA - (WA),53033009500
1N4AZ0CP2D,King,Seattle,WA,98177,2013,NISSAN,LEAF,Battery Electric Vehicle (BEV),Clean Alternative Fuel Vehicle Eligible,75,32.0,157691481,POINT (-122.37238 47.74068),CITY OF SEATTLE - (WA)|CITY OF TACOMA - (WA),53033000500
1N4AZ0CP1D,Snohomish,Edmonds,WA,98026,2013,NISSAN,LEAF,Battery Electric Vehicle (BEV),Clean Alternative Fuel Vehicle Eligible,75,32.0,185005306,POINT (-122.31768 47.87166),PUGET SOUND ENERGY INC,53061050900
5YJYGDEE2L,Snohomish,Everett,WA,98208,2020,TESLA,MODEL Y,Battery Electric Vehicle (BEV),Clean Alternative Fuel Vehicle Eligible,291,44.0,123235318,POINT (-122.18637 47.89251),PUGET SOUND ENERGY INC,53061052121
1N4AZ0CP0D,Chelan,Wenatchee,WA,98801,2013,NISSAN,LEAF,Battery Electric Vehicle (BEV),Clean Alternative Fuel Vehicle Eligible,75,12.0,145130310,POINT (-120.30521 47.41493),PUD NO 1 OF CHELAN COUNTY,53007960700
1N4AZ0CP1D,Snohomish,Lynnwood,WA,98037,2013,NISSAN,LEAF,Battery Electric Vehicle (BEV),Clean Alternative Fuel Vehicle Eligible,75,32.0,114361306,POINT (-122.27734 47.83785),PUGET SOUND ENERGY INC,53061051602
ZACPDFDW3R,Kitsap,Bremerton,WA,98311,2024,DODGE,HORNET,Plug-in Hybrid Electric Vehicle (PHEV),Clean Alternative Fuel Vehicle Eligible,32,23.0,262534016,POINT (-122.60915 47.62631),PUGET SOUND ENERGY INC,53035091600
5YJ3E1EB0J,King,Seattle,WA,98101,2018,TESLA,MODEL 3,Battery Electric Vehicle (BEV),Clean Alternative Fuel Vehicle Eligible,215,43.0,476007409,POINT (-122.34223 47.61085),CITY OF SEATTLE - (WA)|CITY OF TACOMA - (WA),53033008401
WP0AC2Y1XL,Snohomish,Lynnwood,WA,98087,2020,PORSCHE,TAYCAN,Battery Electric Vehicle (BEV),Clean Alternative Fuel Vehicle Eligible,192,21.0,286930122,POINT (-122.27981 47.85727),PUGET SOUND ENERGY INC,53061041812
3C3CFFGE6G,Snohomish,Mill Creek,WA,98012,2016,FIAT,500,Battery Electric Vehicle (BEV),Clean Alternative Fuel Vehicle Eligible,84,44.0,477399065,POINT (-122.20105 47.84423),PUGET SOUND ENERGY INC,53061052004
3FA6P0PU4H,Kitsap,Port Orchard,WA,98367,2017,FORD,FUSION,Plug-in Hybrid Electric Vehicle (PHEV),Not eligible due to low battery range,21,35.0,169755050,POINT (-122.68471 47.50524),PUGET SOUND ENERGY INC,53035092101
5YJ3E1EB1J,Snohomish,Marysville,WA,98270,2018,TESLA,MODEL 3,Battery Electric Vehicle (BEV),Clean Alternative Fuel Vehicle Eligible,215,39.0,441835978,POINT (-122.1769 48.06114),PUGET SOUND ENERGY INC,53061052709
5UXTS1C08M,Walla Walla,Walla Walla,WA,99362,2021,BMW,X3,Plug-in Hybrid Electric Vehicle (PHEV),Not eligible due to low battery range,17,16.0,275789013,POINT (-118.34261 46.07068),PACIFICORP,53071920902
1G1FZ6S01L,Thurston,Rainier,WA,98576,2020,CHEVROLET,BOLT EV,Battery Electric Vehicle (BEV),Clean Alternative Fuel Vehicle Eligible,259,2.0,271231313,POINT (-122.68993 46.88897),PUGET SOUND ENERGY INC,53067012530
5YJ3E1EB1J,Yakima,Yakima,WA,98902,2018,TESLA,MODEL 3,Battery Electric Vehicle (BEV),Clean Alternative Fuel Vehicle Eligible,215,15.0,273775694,POINT (-120.51904 46.59783),PACIFICORP,53077001201
1FADP5CU9E,Snohomish,Everett,WA,98208,2014,FORD,C-MAX,Plug-in Hybrid Electric Vehicle (PHEV),Not eligible due to low battery range,19,21.0,168703293,POINT (-122.18637 47.89251),PUGET SOUND ENERGY INC,53061041814
JTMEB3FV0S,Yakima,Yakima,WA,98908,2025,TOYOTA,RAV4 PRIME (PHEV),Plug-in Hybrid Electric Vehicle (PHEV),Clean Alternative Fuel Vehicle Eligible,42,14.0,278580221,POINT (-120.60199 46.59817),PACIFICORP,53077002804
5YJ3E1EB3L,Chelan,Wenatchee,WA,98801,2020,TESLA,MODEL 3,Battery Electric Vehicle (BEV),Clean Alternative Fuel Vehicle Eligible,322,12.0,6237087,POINT (-120.30521 47.41493),PUD NO 1 OF CHELAN COUNTY,53007961001
1N4AZ0CP1F,Snohomish,Edmonds,WA,98026,2015,NISSAN,LEAF,Battery Electric Vehicle (BEV),Clean Alternative Fuel Vehicle Eligible,84,21.0,106886846,POINT (-122.31768 47.87166),PUGET SOUND ENERGY INC,53061050300
KNDJP3AEXG,Snohomish,Lynnwood,WA,98037,2016,KIA,SOUL,Battery Electric Vehicle (BEV),Clean Alternative Fuel Vehicle Eligible,93,21.0,209171889,POINT (-122.27734 47.83785),PUGET SOUND ENERGY INC,53061051928
5YJ3E1EB3L,Snohomish,Lynnwood,WA,98036,2020,TESLA,MODEL 3,Battery Electric Vehicle (BEV),Clean Alternative Fuel Vehicle Eligible,322,32.0,103258158,POINT (-122.29245 47.82557),PUGET SOUND ENERGY INC,53061051702
5YJ3E1EBXJ,Yakima,Moxee,WA,98936,2018,TESLA,MODEL 3,Battery Electric Vehicle (BEV),Clean Alternative Fuel Vehicle Eligible,215,15.0,233035295,POINT (-120.39197 46.55621),PACIFICORP,53077001702
5YJXCAE27L,Kitsap,Silverdale,WA,98383,2020,TESLA,MODEL X,Battery Electric Vehicle (BEV),Clean Alternative Fuel Vehicle Eligible,293,23.0,102970122,POINT (-122.69275 47.65171),PUGET SOUND ENERGY INC,53035091205
5UXTS1C05M,Island,Oak Harbor,WA,98277,2021,BMW,X3,Plug-in Hybrid Electric Vehicle (PHEV),Not eligible due to low battery range,17,10.0,169426204,POINT (-122.64682 48.29077),PUGET SOUND ENERGY INC,53029970300
5YJXCAE21L,King,Kirkland,WA,98033,2020,TESLA,MODEL X,Battery Electric Vehicle (BEV),Clean Alternative Fuel Vehicle Eligible,293,45.0,4767346,POINT (-122.2066 47.67887),PUGET SOUND ENERGY INC||CITY OF TACOMA - (WA),53033022603
WA1LAAGE5K,King,Kirkland,WA,98033,2019,AUDI,E-TRON,Battery Electric Vehicle (BEV),Clean Alternative Fuel Vehicle Eligible,204,48.0,249591667,POINT (-122.2066 47.67887),PUGET SOUND ENERGY INC||CITY OF TACOMA - (WA),53033022604
5YJ3E1EA9L,King,Redmond,WA,98052,2020,TESLA,MODEL 3,Battery Electric Vehicle (BEV),Clean Alternative Fuel Vehicle Eligible,266,45.0,105014563,POINT (-122.13158 47.67858),PUGET SOUND ENERGY INC||CITY OF TACOMA - (WA),53033032330
1G1RD6E48C,Island,Freeland,WA,98249,2012,CHEVROLET,VOLT,Plug-in Hybrid Electric Vehicle (PHEV),Clean Alternative Fuel Vehicle Eligible,35,10.0,167966235,POINT (-122.52664 48.00956),PUGET SOUND ENERGY INC,53029971900
JTJKKCFZ1T,Snohomish,Lynnwood,WA,98087,2026,LEXUS,NX,Plug-in Hybrid Electric Vehicle (PHEV),Clean Alternative Fuel Vehicle Eligible,37,21.0,286895038,POINT (-122.27981 47.85727),PUGET SOUND ENERGY INC,53061041812
1G1FZ6S02L,Kitsap,Bremerton,WA,98337,2020,CHEVROLET,BOLT EV,Battery Electric Vehicle (BEV),Clean Alternative Fuel Vehicle Eligible,259,26.0,274627748,POINT (-122.62749 47.565),PUGET SOUND ENERGY INC,53035081200
3C3CFFGE4F,King,Seattle,WA,98103,2015,FIAT,500,Battery Electric Vehicle (BEV),Clean Alternative Fuel Vehicle Eligible,87,43.0,171901677,POINT (-122.35436 47.67596),CITY OF SEATTLE - (WA)|CITY OF TACOMA - (WA),53033004902
5YJYGDEE4L,King,Seattle,WA,98178,2020,TESLA,MODEL Y,Battery Electric Vehicle (BEV),Clean Alternative Fuel Vehicle Eligible,291,37.0,124473891,POINT (-122.25031 47.49481),PUGET SOUND ENERGY INC||CITY OF TACOMA - (WA),53033026001
5UXTA6C04N,Snohomish,Mukilteo,WA,98275,2022,BMW,X5,Plug-in Hybrid Electric Vehicle (PHEV),Clean Alternative Fuel Vehicle Eligible,30,21.0,186128057,POINT (-122.29196 47.89908),PUGET SOUND ENERGY INC,53061042005
5YJ3E1EB9L,Thurston,Tumwater,WA,98501,2020,TESLA,MODEL 3,Battery Electric Vehicle (BEV),Clean Alternative Fuel Vehicle Eligible,322,35.0,126144035,POINT (-122.89165 47.03954),PUGET SOUND ENERGY INC,53067011720
3C3CFFGE0G,Thurston,Olympia,WA,98506,2016,FIAT,500,Battery Electric Vehicle (BEV),Clean Alternative Fuel Vehicle Eligible,84,22.0,194169839,POINT (-122.87741 47.05997),PUGET SOUND ENERGY INC,53067010300
5YJYGDEEXL,Snohomish,Marysville,WA,98270,2020,TESLA,MODEL Y,Battery Electric Vehicle (BEV),Clean Alternative Fuel Vehicle Eligible,291,44.0,115418271,POINT (-122.1769 48.06114),PUGET SOUND ENERGY INC,53061052711
5UX43EU06R,Snohomish,Bothell,WA,98021,2024,BMW,X5,Plug-in Hybrid Electric Vehicle (PHEV),Clean Alternative Fuel Vehicle Eligible,39,1.0,251284939,POINT (-122.18384 47.8031),PUGET SOUND ENERGY INC,53061051926
2C4RC1S7XR,Yakima,Yakima,WA,98901,2024,CHRYSLER,PACIFICA,Plug-in Hybrid Electric Vehicle (PHEV),Clean Alternative Fuel Vehicle Eligible,32,15.0,286887289,POINT (-120.50729 46.60464),PACIFICORP,53077001602
5UX43EU06R,Douglas,Orondo,WA,98843,2024,BMW,X5,Plug-in Hybrid Electric Vehicle (PHEV),Clean Alternative Fuel Vehicle Eligible,39,12.0,262753543,POINT (-120.22795 47.62353),PUD NO 1 OF DOUGLAS COUNTY,53017950101
3C3CFFGEXG,Snohomish,Edmonds,WA,98020,2016,FIAT,500,Battery Electric Vehicle (BEV),Clean Alternative Fuel Vehicle Eligible,84,21.0,4942563,POINT (-122.37689 47.81116),PUGET SOUND ENERGY INC,53061050502
3FA6P0PU0E,Kitsap,Port Orchard,WA,98367,2014,FORD,FUSION,Plug-in Hybrid Electric Vehicle (PHEV),Not eligible due to low battery range,19,35.0,196498060,POINT (-122.68471 47.50524),PUGET SOUND ENERGY INC,53035092901
1N4AZ0CP8F,Snohomish,Mill Creek,WA,98012,2015,NISSAN,LEAF,Battery Electric Vehicle (BEV),Clean Alternative Fuel Vehicle Eligible,84,44.0,475471818,POINT (-122.20105 47.84423),PUGET SOUND ENERGY INC,53061052008
3C3CFFGE0D,Kitsap,Poulsbo,WA,98370,2013,FIAT,500,Battery Electric Vehicle (BEV),Clean Alternative Fuel Vehicle Eligible,87,23.0,152129295,POINT (-122.64681 47.73689),PUGET SOUND ENERGY INC,53035091100
KNDPZDDH8R,Kitsap,Bremerton,WA,98310,2024,KIA,SPORTAGE,Plug-in Hybrid Electric Vehicle (PHEV),Clean Alternative Fuel Vehicle Eligible,34,23.0,261533814,POINT (-122.61136 47.5752),PUGET SOUND ENERGY INC,53035080400
1N4BZ1CP1K,Chelan,Wenatchee,WA,98801,2019,NISSAN,LEAF,Battery Electric Vehicle (BEV),Clean Alternative Fuel Vehicle Eligible,150,12.0,186036063,POINT (-120.30521 47.41493),PUD NO 1 OF CHELAN COUNTY,53007961304
5UXKT0C55G,Snohomish,Bothell,WA,98021,2016,BMW,X5,Plug-in Hybrid Electric Vehicle (PHEV),Not eligible due to low battery range,14,1.0,132793202,POINT (-122.18384 47.8031),PUGET SOUND ENERGY INC,53061051916
JA4J24A52J,Spokane,Spokane,WA,99205,2018,MITSUBISHI,OUTLANDER,Plug-in Hybrid Electric Vehicle (PHEV),Not eligible due to low battery range,22,3.0,297387947,POINT (-117.45674 47.69963),MODERN ELECTRIC WATER COMPANY,53063001100
KNDCC3LG7L,Kitsap,Port Orchard,WA,98366,2020,KIA,NIRO,Battery Electric Vehicle (BEV),Clean Alternative Fuel Vehicle Eligible,239,26.0,142466005,POINT (-122.63847 47.54103),PUGET SOUND ENERGY INC,53035092500
5YJ3E1EA2L,Kitsap,Bainbridge Island,WA,98110,2020,TESLA,MODEL 3,Battery Electric Vehicle (BEV),Clean Alternative Fuel Vehicle Eligible,266,23.0,2254542,POINT (-122.521 47.62732),PUGET SOUND ENERGY INC,53035090902
5YJ3E1EB1J,Snohomish,Snohomish,WA,98290,2018,TESLA,MODEL 3,Battery Electric Vehicle (BEV),Clean Alternative Fuel Vehicle Eligible,215,39.0,476146177,POINT (-122.09305 47.91265),PUGET SOUND ENERGY INC,53061052105
WA1VAAGE4K,Snohomish,Arlington,WA,98223,2019,AUDI,E-TRON,Battery Electric Vehicle (BEV),Clean Alternative Fuel Vehicle Eligible,204,39.0,476860366,POINT (-122.1264 48.19471),PUGET SOUND ENERGY INC,53061053511
WBY1Z2C55E,Snohomish,Everett,WA,98203,2014,BMW,I3,Battery Electric Vehicle (BEV),Clean Alternative Fuel Vehicle Eligible,81,38.0,151378678,POINT (-122.23019 47.94949),PUGET SOUND ENERGY INC,53061040900
5YJ3E1EB6K,King,Seattle,WA,98108,2019,TESLA,MODEL 3,Battery Electric Vehicle (BEV),Clean Alternative Fuel Vehicle Eligible,220,11.0,232690629,POINT (-122.31449 47.53917),CITY OF SEATTLE - (WA)|CITY OF TACOMA - (WA),53033010402
KMHC75LJ6L,Thurston,Olympia,WA,98513,2020,HYUNDAI,IONIQ,Battery Electric Vehicle (BEV),Clean Alternative Fuel Vehicle Eligible,170,2.0,287819521,POINT (-122.80933 46.99531),PUGET SOUND ENERGY INC,53067012331
WP0AC2Y12M,King,Seattle,WA,98119,2021,PORSCHE,TAYCAN,Battery Electric Vehicle (BEV),Clean Alternative Fuel Vehicle Eligible,192,36.0,135263698,POINT (-122.3684 47.64586),CITY OF SEATTLE - (WA)|CITY OF TACOMA - (WA),53033006900
5YJSA1H27F,Yakima,Yakima,WA,98908,2015,TESLA,MODEL S,Battery Electric Vehicle (BEV),Clean Alternative Fuel Vehicle Eligible,208,14.0,109175566,POINT (-120.60199 46.59817),PACIFICORP,53077002900
1N4BZ0CP0H,King,Bellevue,WA,98007,2017,NISSAN,LEAF,Battery Electric Vehicle (BEV),Clean Alternative Fuel Vehicle Eligible,107,48.0,169953626,POINT (-122.12056 47.61334),PUGET SOUND ENERGY INC||CITY OF TACOMA - (WA),53033023201
5YJ3E1EA0K,Snohomish,Marysville,WA,98270,2019,TESLA,MODEL 3,Battery Electric Vehicle (BEV),Clean Alternative Fuel Vehicle Eligible,220,38.0,132820509,POINT (-122.1769 48.06114),PUGET SOUND ENERGY INC,53061052810
ZASPATCW1R,Island,Clinton,WA,98236,2024,ALFA ROMEO,TONALE,Plug-in Hybrid Electric Vehicle (PHEV),Clean Alternative Fuel Vehicle Eligible,33,10.0,264397143,POINT (-122.35803 47.9796),PUGET SOUND ENERGY INC,53029972100
JN1AZ0CP9B,Thurston,Tumwater,WA,98501,2011,NISSAN,LEAF,Battery Electric Vehicle (BEV),Clean Alternative Fuel Vehicle Eligible,73,22.0,238672206,POINT (-122.89165 47.03954),PUGET SOUND ENERGY INC,53067011821
5YJ3E1EB2K,Kitsap,Silverdale,WA,98383,2019,TESLA,MODEL 3,Battery Electric Vehicle (BEV),Clean Alternative Fuel Vehicle Eligible,220,23.0,478171186,POINT (-122.69275 47.65171),PUGET SOUND ENERGY INC,53035091201
5YJYGDEE0L,Kitsap,Bainbridge Island,WA,98110,2020,TESLA,MODEL Y,Battery Electric Vehicle (BEV),Clean Alternative Fuel Vehicle Eligible,291,23.0,132418604,POINT (-122.521 47.62732),PUGET SOUND ENERGY INC,53035091002
WP0AC2Y16L,King,Seattle,WA,98125,2020,PORSCHE,TAYCAN,Battery Electric Vehicle (BEV),Clean Alternative Fuel Vehicle Eligible,192,46.0,267444747,POINT (-122.30253 47.72656),CITY OF SEATTLE - (WA)|CITY OF TACOMA - (WA),53033000102
5YJSA1E27G,Yakima,Yakima,WA,98908,2016,TESLA,MODEL S,Battery Electric Vehicle (BEV),Clean Alternative Fuel Vehicle Eligible,210,14.0,136961723,POINT (-120.60199 46.59817),PACIFICORP,53077000401
1N4BZ1CP5K,Snohomish,Bothell,WA,98021,2019,NISSAN,LEAF,Battery Electric Vehicle (BEV),Clean Alternative Fuel Vehicle Eligible,150,1.0,333477539,POINT (-122.18384 47.8031),PUGET SOUND ENERGY INC,53061051937
1G1FX6S07J,Snohomish,Bothell,WA,98021,2018,CHEVROLET,BOLT EV,Battery Electric Vehicle (BEV),Clean Alternative Fuel Vehicle Eligible,238,1.0,262298739,POINT (-122.18384 47.8031),PUGET SOUND ENERGY INC,53061051918
5UXTS1C06M,Kitsap,Kingston,WA,98346,2021,BMW,X3,Plug-in Hybrid Electric Vehicle (PHEV),Not eligible due to low battery range,17,23.0,166394833,POINT (-122.4977 47.79802),PUGET SOUND ENERGY INC,53035090102
JN1AZ0CP3C,Snohomish,Mill Creek,WA,98012,2012,NISSAN,LEAF,Battery Electric Vehicle (BEV),Clean Alternative Fuel Vehicle Eligible,73,44.0,111290049,POINT (-122.20105 47.84423),PUGET SOUND ENERGY INC,53061052004
1N4AZ1CP5K,King,Seattle,WA,98133,2019,NISSAN,LEAF,Battery Electric Vehicle (BEV),Clean Alternative Fuel Vehicle Eligible,150,46.0,195146752,POINT (-122.33364 47.73709),CITY OF SEATTLE - (WA)|CITY OF TACOMA - (WA),53033000300
5YJ3E1EA5H,King,Burien,WA,98166,2017,TESLA,MODEL 3,Battery Electric Vehicle (BEV),Clean Alternative Fuel Vehicle Eligible,220,34.0,278970590,POINT (-122.33942 47.46864),PUGET SOUND ENERGY INC||CITY OF TACOMA - (WA),53033027902
1N4AZ0CP5D,Snohomish,Edmonds,WA,98026,2013,NISSAN,LEAF,Battery Electric Vehicle (BEV),Clean Alternative Fuel Vehicle Eligible,75,21.0,170996409,POINT (-122.31768 47.87166),PUGET SOUND ENERGY INC,53061050300
JM3KKEHA4R,Yakima,Yakima,WA,98908,2024,MAZDA,CX-90,Plug-in Hybrid Electric Vehicle (PHEV),Not eligible due to low battery range,26,14.0,274955775,POINT (-120.60199 46.59817),PACIFICORP,53077000401
1N4AZ0CP3F,Snohomish,Edmonds,WA,98026,2015,NISSAN,LEAF,Battery Electric Vehicle (BEV),Clean Alternative Fuel Vehicle Eligible,84,32.0,194417912,POINT (-122.31768 47.87166),PUGET SOUND ENERGY INC,53061050900
5YJXCBE20J,King,Renton,WA,98055,2018,TESLA,MODEL X,Battery Electric Vehicle (BEV),Clean Alternative Fuel Vehicle Eligible,238,11.0,126310607,POINT (-122.19488 47.44035),PUGET SOUND ENERGY INC||CITY OF TACOMA - (WA),53033029308
1N4AZ0CP7F,Snohomish,Lynnwood,WA,98087,2015,NISSAN,LEAF,Battery Electric Vehicle (BEV),Clean Alternative Fuel Vehicle Eligible,84,21.0,145670108,POINT (-122.27981 47.85727),PUGET SOUND ENERGY INC,53061041703
KNDCR3LF8P,Kitsap,Port Orchard,WA,98366,2023,KIA,NIRO,Plug-in Hybrid Electric Vehicle (PHEV),Clean Alternative Fuel Vehicle Eligible,33,26.0,227908789,POINT (-122.63847 47.54103),PUGET SOUND ENERGY INC,53035092600
5YJ3E1EC5L,King,Seattle,WA,98125,2020,TESLA,MODEL 3,Battery Electric Vehicle (BEV),Clean Alternative Fuel Vehicle Eligible,308,46.0,124604735,POINT (-122.30253 47.72656),CITY OF SEATTLE - (WA)|CITY OF TACOMA - (WA),53033001202
5YJ3E1EA1J,Snohomish,Lynnwood,WA,98037,2018,TESLA,MODEL 3,Battery Electric Vehicle (BEV),Clean Alternative Fuel Vehicle Eligible,215,21.0,338260324,POINT (-122.27734 47.83785),PUGET SOUND ENERGY INC,53061051802
YV4H60LE7R,Thurston,Olympia,WA,98501,2024,VOLVO,XC90,Plug-in Hybrid Electric Vehicle (PHEV),Clean Alternative Fuel Vehicle Eligible,32,22.0,267371828,POINT (-122.89165 47.03954),PUGET SOUND ENERGY INC,53067010700
1N4AZ0CP8E,King,Auburn,WA,98002,2014,NISSAN,LEAF,Battery Electric Vehicle (BEV),Clean Alternative Fuel Vehicle Eligible,84,31.0,269212786,POINT (-122.2229 47.307),PUGET SOUND ENERGY INC||CITY OF TACOMA - (WA),53033030600
KNDCE3LGXL,Snohomish,Lynnwood,WA,98037,2020,KIA,NIRO,Battery Electric Vehicle (BEV),Clean Alternative Fuel Vehicle Eligible,239,32.0,268415549,POINT (-122.27734 47.83785),PUGET SOUND ENERGY INC,53061051802
WA1VAAGE7K,Snohomish,Snohomish,WA,98290,2019,AUDI,E-TRON,Battery Electric Vehicle (BEV),Clean Alternative Fuel Vehicle Eligible,204,44.0,254777610,POINT (-122.09305 47.91265),PUGET SOUND ENERGY INC,53061052401
5YJ3E1EB3K,Thurston,Tenino,WA,98589,2019,TESLA,MODEL 3,Battery Electric Vehicle (BEV),Clean Alternative Fuel Vehicle Eligible,220,20.0,478176268,POINT (-122.85135 46.85752),PUGET SOUND ENERGY INC,53067012620
5YJSA1E20J,Kitsap,Bainbridge Island,WA,98110,2018,TESLA,MODEL S,Battery Electric Vehicle (BEV),Clean Alternative Fuel Vehicle Eligible,249,23.0,475065559,POINT (-122.521 47.62732),PUGET SOUND ENERGY INC,53035090800
SADHD2S17L,Skagit,Sedro-Woolley,WA,98284,2020,JAGUAR,I-PACE,Battery Electric Vehicle (BEV),Clean Alternative Fuel Vehicle Eligible,234,39.0,4932784,POINT (-122.23857 48.50879),PUGET SOUND ENERGY INC,53057951502
5YJSA1E26L,Snohomish,Edmonds,WA,98026,2020,TESLA,MODEL S,Battery Electric Vehicle (BEV),Clean Alternative Fuel Vehicle Eligible,330,21.0,110084306,POINT (-122.31768 47.87166),PUGET SOUND ENERGY INC,53061042005
5YJXCBE21L,Walla Walla,Walla Walla,WA,99362,2020,TESLA,MODEL X,Battery Electric Vehicle (BEV),Clean Alternative Fuel Vehicle Eligible,293,16.0,259909268,POINT (-118.34261 46.07068),PACIFICORP,53071920200
5YJ3E1EA5L,Snohomish,Bothell,WA,98021,2020,TESLA,MODEL 3,Battery Electric Vehicle (BEV),Clean Alternative Fuel Vehicle Eligible,266,1.0,3033012,POINT (-122.18384 47.8031),PUGET SOUND ENERGY INC,53061051926
5UXTS1C04M,King,Seattle,WA,98105,2021,BMW,X3,Plug-in Hybrid Electric Vehicle (PHEV),Not eligible due to low battery range,17,46.0,137064567,POINT (-122.31307 47.66127),CITY OF SEATTLE - (WA)|CITY OF TACOMA - (WA),53033004101
KM8JBDD25R,Snohomish,Lynnwood,WA,98037,2024,HYUNDAI,TUCSON,Plug-in Hybrid Electric Vehicle (PHEV),Clean Alternative Fuel Vehicle Eligible,33,32.0,254813800,POINT (-122.27734 47.83785),PUGET SOUND ENERGY INC,53061051802
5YJXCBE23G,Snohomish,Lynnwood,WA,98036,2016,TESLA,MODEL X,Battery Electric Vehicle (BEV),Clean Alternative Fuel Vehicle Eligible,200,32.0,241014245,POINT (-122.29245 47.82557),PUGET SOUND ENERGY INC,53061051500
ZACPDFCW2R,Yakima,Yakima,WA,98908,2024,DODGE,HORNET,Plug-in Hybrid Electric Vehicle (PHEV),Clean Alternative Fuel Vehicle Eligible,32,14.0,257725499,POINT (-120.60199 46.59817),PACIFICORP,53077000904
5UXTS1C08L,Island,Coupeville,WA,98239,2020,BMW,X3,Plug-in Hybrid Electric Vehicle (PHEV),Not eligible due to low battery range,17,10.0,252234188,POINT (-122.68558 48.21857),PUGET SOUND ENERGY INC,53029971100
JM3KJDHA4S,Kitsap,Port Orchard,WA,98367,2025,MAZDA,CX-70,Plug-in Hybrid Electric Vehicle (PHEV),Not eligible due to low battery range,26,35.0,278754773,POINT (-122.68471 47.50524),PUGET SOUND ENERGY INC,53035092101
KNDPYDDH8S,Thurston,Yelm,WA,98597,2025,KIA,SPORTAGE,Plug-in Hybrid Electric Vehicle (PHEV),Clean Alternative Fuel Vehicle Eligible,34,2.0,280119143,POINT (-122.60735 46.94239),PUGET SOUND ENERGY INC,53067012422
5YJ3E1EA9K,Snohomish,Bothell,WA,98012,2019,TESLA,MODEL 3,Battery Electric Vehicle (BEV),Clean Alternative Fuel Vehicle Eligible,220,1.0,475020143,POINT (-122.20105 47.84423),PUGET SOUND ENERGY INC,53061052107
5YJ3E1EB1K,Spokane,Spokane,WA,99224,2019,TESLA,MODEL 3,Battery Electric Vehicle (BEV),Clean Alternative Fuel Vehicle Eligible,220,6.0,282957118,POINT (-117.46996 47.59431),MODERN ELECTRIC WATER COMPANY,53063003800
5YJ3E1EC0L,Snohomish,Marysville,WA,98270,2020,TESLA,MODEL 3,Battery Electric Vehicle (BEV),Clean Alternative Fuel Vehicle Eligible,308,44.0,104645285,POINT (-122.1769 48.06114),PUGET SOUND ENERGY INC,53061052710
1FADP5EU5H,Thurston,Olympia,WA,98501,2017,FORD,C-MAX,Plug-in Hybrid Electric Vehicle (PHEV),Not eligible due to low battery range,20,22.0,226385505,POINT (-122.89165 47.03954),PUGET SOUND ENERGY INC,53067010700
5YJ3E1EB4J,Thurston,Olympia,WA,98513,2018,TESLA,MODEL 3,Battery Electric Vehicle (BEV),Clean Alternative Fuel Vehicle Eligible,215,2.0,476153338,POINT (-122.80933 46.99531),PUGET SOUND ENERGY INC,53067012332
1G1FW6S07H,Thurston,Olympia,WA,98506,2017,CHEVROLET,BOLT EV,Battery Electric Vehicle (BEV),Clean Alternative Fuel Vehicle Eligible,238,22.0,348873535,POINT (-122.87741 47.05997),PUGET SOUND ENERGY INC,53067010200
5YJ3E1EA1K,King,Kent,WA,98030,2019,TESLA,MODEL 3,Battery Electric Vehicle (BEV),Clean Alternative Fuel Vehicle Eligible,220,33.0,225961795,POINT (-122.19975 47.37483),PUGET SOUND ENERGY INC||CITY OF TACOMA - (WA),53033029701
1N4BZ0CP6G,Thurston,Tumwater,WA,98512,2016,NISSAN,LEAF,Battery Electric Vehicle (BEV),Clean Alternative Fuel Vehicle Eligible,84,22.0,477180616,POINT (-123.04078 46.94792),PUGET SOUND ENERGY INC,53067010910
JM3KJEHA3S,Kitsap,Poulsbo,WA,98370,2025,MAZDA,CX-70,Plug-in Hybrid Electric Vehicle (PHEV),Not eligible due to low battery range,26,23.0,282463702,POINT (-122.64681 47.73689),PUGET SOUND ENERGY INC,53035091100
5UXTA6C03M,Kitsap,Bremerton,WA,98310,2021,BMW,X5,Plug-in Hybrid Electric Vehicle (PHEV),Clean Alternative Fuel Vehicle Eligible,30,23.0,267169836,POINT (-122.61136 47.5752),PUGET SOUND ENERGY INC,53035080400
5YJXCDE20L,King,Renton,WA,98055,2020,TESLA,MODEL X,Battery Electric Vehicle (BEV),Clean Alternative Fuel Vehicle Eligible,289,33.0,253476674,POINT (-122.19488 47.44035),PUGET SOUND ENERGY INC||CITY OF TACOMA - (WA),53033029309
WBY8P2C51K,King,Seattle,WA,98108,2019,BMW,I3,Battery Electric Vehicle (BEV),Clean Alternative Fuel Vehicle Eligible,153,37.0,187584561,POINT (-122.31449 47.53917),CITY OF SEATTLE - (WA)|CITY OF TACOMA - (WA),53033010401
5YJ3E1EB3K,Yakima,Yakima,WA,98908,2019,TESLA,MODEL 3,Battery Electric Vehicle (BEV),Clean Alternative Fuel Vehicle Eligible,220,14.0,185902846,POINT (-120.60199 46.59817),PACIFICORP,53077000401
1N4AZ0CP3F,King,Seattle,WA,98115,2015,NISSAN,LEAF,Battery Electric Vehicle (BEV),Clean Alternative Fuel Vehicle Eligible,84,46.0,247925975,POINT (-122.31676 47.68156),CITY OF SEATTLE - (WA)|CITY OF TACOMA - (WA),53033004201
1G1FY6S01L,Thurston,Rochester,WA,98579,2020,CHEVROLET,BOLT EV,Battery Electric Vehicle (BEV),Clean Alternative Fuel Vehicle Eligible,259,20.0,264656087,POINT (-123.08743 46.82175),PUGET SOUND ENERGY INC,53067012730
5YJSA1E20G,Snohomish,Edmonds,WA,98026,2016,TESLA,MODEL S,Battery Electric Vehicle (BEV),Clean Alternative Fuel Vehicle Eligible,210,21.0,128793731,POINT (-122.31768 47.87166),PUGET SOUND ENERGY INC,53061050200
5YJ3E1EB4K,King,Kenmore,WA,98028,2019,TESLA,MODEL 3,Battery Electric Vehicle (BEV),Clean Alternative Fuel Vehicle Eligible,220,46.0,127186944,POINT (-122.24369 47.75892),PUGET SOUND ENERGY INC||CITY OF TACOMA - (WA),53033022102
1G1RD6S58G,Kitsap,Poulsbo,WA,98370,2016,CHEVROLET,VOLT,Plug-in Hybrid Electric Vehicle (PHEV),Clean Alternative Fuel Vehicle Eligible,53,23.0,177585299,POINT (-122.64681 47.73689),PUGET SOUND ENERGY INC,53035090501
JTMCB3FV3S,Snohomish,Bothell,WA,98021,2025,TOYOTA,RAV4 PRIME (PHEV),Plug-in Hybrid Electric Vehicle (PHEV),Clean Alternative Fuel Vehicle Eligible,42,1.0,282582933,POINT (-122.18384 47.8031),PUGET SOUND ENERGY INC,53061051937
JN1AZ0CP3B,Kitsap,Poulsbo,WA,98370,2011,NISSAN,LEAF,Battery Electric Vehicle (BEV),Clean Alternative Fuel Vehicle Eligible,73,23.0,173695035,POINT (-122.64681 47.73689),PUGET SOUND ENERGY INC,53035090502
1N4AZ1CP6K,King,Issaquah,WA,98029,2019,NISSAN,LEAF,Battery Electric Vehicle (BEV),Clean Alternative Fuel Vehicle Eligible,150,5.0,187511922,POINT (-122.01656 47.57118),PUGET SOUND ENERGY INC||CITY OF TACOMA - (WA),53033032221
1FADP5EU6H,Kitsap,Bremerton,WA,98311,2017,FORD,C-MAX,Plug-in Hybrid Electric Vehicle (PHEV),Not eligible due to low battery range,20,23.0,347825005,POINT (-122.60915 47.62631),PUGET SOUND ENERGY INC,53035091500
YV4BR0DZXN,Kitsap,Bainbridge Island,WA,98110,2022,VOLVO,XC60,Plug-in Hybrid Electric Vehicle (PHEV),Not eligible due to low battery range,18,23.0,218235251,POINT (-122.521 47.62732),PUGET SOUND ENERGY INC,53035090902
5YJXCAE25L,King,Redmond,WA,98052,2020,TESLA,MODEL X,Battery Electric Vehicle (BEV),Clean Alternative Fuel Vehicle Eligible,293,48.0,3158228,POINT (-122.13158 47.67858),PUGET SOUND ENERGY INC||CITY OF TACOMA - (WA),53033022902
1N4AZ0CP0G,King,Bellevue,WA,98008,2016,NISSAN,LEAF,Battery Electric Vehicle (BEV),Clean Alternative Fuel Vehicle Eligible,84,48.0,348316874,POINT (-122.11867 47.63131),PUGET SOUND ENERGY INC||CITY OF TACOMA - (WA),53033023100
5YJ3E1EA3L,Snohomish,Lynnwood,WA,98037,2020,TESLA,MODEL 3,Battery Electric Vehicle (BEV),Clean Alternative Fuel Vehicle Eligible,266,21.0,131375107,POINT (-122.27734 47.83785),PUGET SOUND ENERGY INC,53061051802
5YJSA1DN9D,Snohomish,Brier,WA,98036,2013,TESLA,MODEL S,Battery Electric Vehicle (BEV),Clean Alternative Fuel Vehicle Eligible,208,1.0,293019996,POINT (-122.29245 47.82557),PUGET SOUND ENERGY INC,53061051913
5YJSA1H21F,King,Renton,WA,98059,2015,TESLA,MODEL S,Battery Electric Vehicle (BEV),Clean Alternative Fuel Vehicle Eligible,208,11.0,253551049,POINT (-122.11589 47.50243),PUGET SOUND ENERGY INC||CITY OF TACOMA - (WA),53033025104
1G1RA6E41D,Thurston,Yelm,WA,98597,2013,CHEVROLET,VOLT,Plug-in Hybrid Electric Vehicle (PHEV),Clean Alternative Fuel Vehicle Eligible,38,20.0,122672406,POINT (-122.60735 46.94239),PUGET SOUND ENERGY INC,53067012531
1N4AZ1CP2J,King,Sammamish,WA,98074,2018,NISSAN,LEAF,Battery Electric Vehicle (BEV),Clean Alternative Fuel Vehicle Eligible,151,45.0,248974162,POINT (-122.02054 47.60326),PUGET SOUND ENERGY INC||CITY OF TACOMA - (WA),53033032318
1FADP3R46H,King,Seattle,WA,98125,2017,FORD,FOCUS,Battery Electric Vehicle (BEV),Clean Alternative Fuel Vehicle Eligible,100,46.0,280645851,POINT (-122.30253 47.72656),CITY OF SEATTLE - (WA)|CITY OF TACOMA - (WA),53033000101
1G1FY6S06K,Thurston,Olympia,WA,98501,2019,CHEVROLET,BOLT EV,Battery Electric Vehicle (BEV),Clean Alternative Fuel Vehicle Eligible,238,35.0,160820565,POINT (-122.89165 47.03954),PUGET SOUND ENERGY INC,53067011721
5YJSA1E22J,Snohomish,Lynnwood,WA,98036,2018,TESLA,MODEL S,Battery Electric Vehicle (BEV),Clean Alternative Fuel Vehicle Eligible,249,1.0,196324376,POINT (-122.29245 47.82557),PUGET SOUND ENERGY INC,53061051916
JTDACACUXR,Yakima,Yakima,WA,98908,2024,TOYOTA,PRIUS PRIME (PHEV),Plug-in Hybrid Electric Vehicle (PHEV),Clean Alternative Fuel Vehicle Eligible,39,14.0,271697716,POINT (-120.60199 46.59817),PACIFICORP,53077002804
KNDJP3AE0G,Thurston,Olympia,WA,98501,2016,KIA,SOUL,Battery Electric Vehicle (BEV),Clean Alternative Fuel Vehicle Eligible,93,22.0,156619606,POINT (-122.89165 47.03954),PUGET SOUND ENERGY INC,53067010700
5YJYGDEE1L,Yakima,Yakima,WA,98901,2020,TESLA,MODEL Y,Battery Electric Vehicle (BEV),Clean Alternative Fuel Vehicle Eligible,291,15.0,114232345,POINT (-120.50729 46.60464),PACIFICORP,53077001601
WA1VABGEXK,King,Seattle,WA,98117,2019,AUDI,E-TRON,Battery Electric Vehicle (BEV),Clean Alternative Fuel Vehicle Eligible,204,36.0,132266620,POINT (-122.38418 47.70044),CITY OF SEATTLE - (WA)|CITY OF TACOMA - (WA),53033003100
1G1FZ6S02L,Snohomish,Bothell,WA,98021,2020,CHEVROLET,BOLT EV,Battery Electric Vehicle (BEV),Clean Alternative Fuel Vehicle Eligible,259,1.0,284278396,POINT (-122.18384 47.8031),PUGET SOUND ENERGY INC,53061051938
1G1FY6S04L,Snohomish,Everett,WA,98208,2020,CHEVROLET,BOLT EV,Battery Electric Vehicle (BEV),Clean Alternative Fuel Vehicle Eligible,259,44.0,138763012,POINT (-122.18637 47.89251),PUGET SOUND ENERGY INC,53061041606
5YJXCDE28J,King,Renton,WA,98056,2018,TESLA,MODEL X,Battery Electric Vehicle (BEV),Clean Alternative Fuel Vehicle Eligible,238,11.0,180386440,POINT (-122.18839 47.51197),PUGET SOUND ENERGY INC||CITY OF TACOMA - (WA),53033025601
5YJ3E1EA9J,Snohomish,Bothell,WA,98021,2018,TESLA,MODEL 3,Battery Electric Vehicle (BEV),Clean Alternative Fuel Vehicle Eligible,215,1.0,192551880,POINT (-122.18384 47.8031),PUGET SOUND ENERGY INC,53061051938
1G1FW6S06J,Thurston,Tumwater,WA,98512,2018,CHEVROLET,BOLT EV,Battery Electric Vehicle (BEV),Clean Alternative Fuel Vehicle Eligible,238,22.0,270134567,POINT (-123.04078 46.94792),PUGET SOUND ENERGY INC,53067010910
5YJ3E1EA4L,Yakima,Yakima,WA,98902,2020,TESLA,MODEL 3,Battery Electric Vehicle (BEV),Clean Alternative Fuel Vehicle Eligible,266,14.0,171097552,POINT (-120.51904 46.59783),PACIFICORP,53077000700
5YJYGDEE2L,Thurston,Olympia,WA,98502,2020,TESLA,MODEL Y,Battery Electric Vehicle (BEV),Clean Alternative Fuel Vehicle Eligible,291,22.0,282632430,POINT (-122.92333 47.03779),PUGET SOUND ENERGY INC,53067012001
5YJ3E1EA6J,Snohomish,Everett,WA,98204,2018,TESLA,MODEL 3,Battery Electric Vehicle (BEV),Clean Alternative Fuel Vehicle Eligible,215,21.0,280699107,POINT (-122.27557 47.88936),PUGET SOUND ENERGY INC,53061041810
JTMEB3FV8S,Thurston,Olympia,WA,98502,2025,TOYOTA,RAV4 PRIME (PHEV),Plug-in Hybrid Electric Vehicle (PHEV),Clean Alternative Fuel Vehicle Eligible,42,22.0,278689316,POINT (-122.92333 47.03779),PUGET SOUND ENERGY INC,53067010600
5YJSA1E25F,Kitsap,Olalla,WA,98359,2015,TESLA,MODEL S,Battery Electric Vehicle (BEV),Clean Alternative Fuel Vehicle Eligible,208,26.0,256539048,POINT (-122.54729 47.42602),PUGET SOUND ENERGY INC,53035092803
KNDJP3AE3G,King,Seattle,WA,98144,2016,KIA,SOUL,Battery Electric Vehicle (BEV),Clean Alternative Fuel Vehicle Eligible,93,37.0,114015632,POINT (-122.30866 47.57874),CITY OF SEATTLE - (WA)|CITY OF TACOMA - (WA),53033009400
KNDJP3AE3G,Thurston,Olympia,WA,98512,2016,KIA,SOUL,Battery Electric Vehicle (BEV),Clean Alternative Fuel Vehicle Eligible,93,35.0,2492941,POINT (-123.04078 46.94792),PUGET SOUND ENERGY INC,53067011821
1N4AZ0CPXD,Thurston,Olympia,WA,98506,2013,NISSAN,LEAF,Battery Electric Vehicle (BEV),Clean Alternative Fuel Vehicle Eligible,75,22.0,179990751,POINT (-122.87741 47.05997),PUGET SOUND ENERGY INC,53067010200
5YJ3E1EB0K,Snohomish,Lake Stevens,WA,98258,2019,TESLA,MODEL 3,Battery Electric Vehicle (BEV),Clean Alternative Fuel Vehicle Eligible,220,44.0,476390295,POINT (-122.06402 48.01497),PUGET SOUND ENERGY INC,53061052506
JTMAB3FV8S,Thurston,Olympia,WA,98506,2025,TOYOTA,RAV4 PRIME (PHEV),Plug-in Hybrid Electric Vehicle (PHEV),Clean Alternative Fuel Vehicle Eligible,42,22.0,275815928,POINT (-122.87741 47.05997),PUGET SOUND ENERGY INC,53067012100
JN1AZ0CP9C,Thurston,Olympia,WA,98501,2012,NISSAN,LEAF,Battery Electric Vehicle (BEV),Clean Alternative Fuel Vehicle Eligible,73,35.0,129420462,POINT (-122.89165 47.03954),PUGET SOUND ENERGY INC,53067011720
5YJSA1E25J,Snohomish,Everett,WA,98208,2018,TESLA,MODEL S,Battery Electric Vehicle (BEV),Clean Alternative Fuel Vehicle Eligible,249,44.0,286139206,POINT (-122.18637 47.89251),PUGET SOUND ENERGY INC,53061041607
WP0AC2Y19L,King,Seattle,WA,98199,2020,PORSCHE,TAYCAN,Battery Electric Vehicle (BEV),Clean Alternative Fuel Vehicle Eligible,192,36.0,266018000,POINT (-122.40092 47.65908),CITY OF SEATTLE - (WA)|CITY OF TACOMA - (WA),53033005600
JTDKARFP2H,Yakima,Yakima,WA,98902,2017,TOYOTA,PRIUS PRIME (PHEV),Plug-in Hybrid Electric Vehicle (PHEV),Not eligible due to low battery range,25,14.0,115760025,POINT (-120.51904 46.59783),PACIFICORP,53077000800
5YJ3E1EA6K,King,Seattle,WA,98107,2019,TESLA,MODEL 3,Battery Electric Vehicle (BEV),Clean Alternative Fuel Vehicle Eligible,220,36.0,262621579,POINT (-122.38591 47.67597),CITY OF SEATTLE - (WA)|CITY OF TACOMA - (WA),53033003201
WBY1Z6C56H,King,Seattle,WA,98126,2017,BMW,I3,Battery Electric Vehicle (BEV),Clean Alternative Fuel Vehicle Eligible,81,34.0,347674484,POINT (-122.36893 47.54701),CITY OF SEATTLE - (WA)|CITY OF TACOMA - (WA),53033012000
1FADP5CU0G,Thurston,Olympia,WA,98501,2016,FORD,C-MAX,Plug-in Hybrid Electric Vehicle (PHEV),Not eligible due to low battery range,19,22.0,181544786,POINT (-122.89165 47.03954),PUGET SOUND ENERGY INC,53067010700
5YJXCAE20L,Snohomish,Bothell,WA,98021,2020,TESLA,MODEL X,Battery Electric Vehicle (BEV),Clean Alternative Fuel Vehicle Eligible,293,1.0,103276239,POINT (-122.18384 47.8031),PUGET SOUND ENERGY INC,53061051926
5YJSA1E23H,King,Seattle,WA,98105,2017,TESLA,MODEL S,Battery Electric Vehicle (BEV),Clean Alternative Fuel Vehicle Eligible,210,46.0,255677229,POINT (-122.31307 47.66127),PUGET SOUND ENERGY INC||CITY OF TACOMA - (WA),53033004101
WBY8P8C51K,Yakima,Yakima,WA,98908,2019,BMW,I3,Plug-in Hybrid Electric Vehicle (PHEV),Clean Alternative Fuel Vehicle Eligible,126,14.0,208429735,POINT (-120.60199 46.59817),PACIFICORP,53077000800
1C4JJXR68M,Kitsap,Bainbridge Island,WA,98110,2021,JEEP,WRANGLER,Plug-in Hybrid Electric Vehicle (PHEV),Not eligible due to low battery range,21,23.0,152375023,POINT (-122.521 47.62732),PUGET SOUND ENERGY INC,53035091001
WBY1Z2C50E,King,Seattle,WA,98112,2014,BMW,I3,Battery Electric Vehicle (BEV),Clean Alternative Fuel Vehicle Eligible,81,43.0,152465757,POINT (-122.30207 47.64085),CITY OF SEATTLE - (WA)|CITY OF TACOMA - (WA),53033006200
YV4H60CA5P,Snohomish,Lynnwood,WA,98037,2023,VOLVO,XC90,Plug-in Hybrid Electric Vehicle (PHEV),Clean Alternative Fuel Vehicle Eligible,32,21.0,287092550,POINT (-122.27734 47.83785),PUGET SOUND ENERGY INC,53061051928
1C4JJXR61P,Snohomish,Bothell,WA,98012,2023,JEEP,WRANGLER,Plug-in Hybrid Electric Vehicle (PHEV),Not eligible due to low battery range,21,1.0,268756981,POINT (-122.20105 47.84423),PUGET SOUND ENERGY INC,53061052009
YV4H60CZ9N,Snohomish,Mukilteo,WA,98275,2022,VOLVO,XC90,Plug-in Hybrid Electric Vehicle (PHEV),Clean Alternative Fuel Vehicle Eligible,35,21.0,284888523,POINT (-122.29196 47.89908),PUGET SOUND ENERGY INC,53061041301
1FADP5FU6H,Skagit,Anacortes,WA,98221,2017,FORD,C-MAX,Plug-in Hybrid Electric Vehicle (PHEV),Not eligible due to low battery range,20,40.0,133549426,POINT (-122.61216 48.51749),PUGET SOUND ENERGY INC,53057940401
5YJ3E1EB4J,Thurston,Olympia,WA,98506,2018,TESLA,MODEL 3,Battery Electric Vehicle (BEV),Clean Alternative Fuel Vehicle Eligible,215,22.0,292977828,POINT (-122.87741 47.05997),PUGET SOUND ENERGY INC,53067012100
3C3CFFGE4H,Kitsap,Bremerton,WA,98312,2017,FIAT,500,Battery Electric Vehicle (BEV),Clean Alternative Fuel Vehicle Eligible,84,35.0,286011505,POINT (-122.65223 47.57192),PUGET SOUND ENERGY INC,53035080600
1N4BZ0CP5H,King,Sammamish,WA,98029,2017,NISSAN,LEAF,Battery Electric Vehicle (BEV),Clean Alternative Fuel Vehicle Eligible,107,5.0,310229412,POINT (-122.01656 47.57118),PUGET SOUND ENERGY INC||CITY OF TACOMA - (WA),53033032211
1G1FZ6S03K,Kitsap,Port Orchard,WA,98366,2019,CHEVROLET,BOLT EV,Battery Electric Vehicle (BEV),Clean Alternative Fuel Vehicle Eligible,238,26.0,241083293,POINT (-122.63847 47.54103),PUGET SOUND ENERGY INC,53035092500
5YJ3E1EA0J,Snohomish,Everett,WA,98208,2018,TESLA,MODEL 3,Battery Electric Vehicle (BEV),Clean Alternative Fuel Vehicle Eligible,215,44.0,201881410,POINT (-122.18637 47.89251),PUGET SOUND ENERGY INC,53061041606
1N4BZ0CP5G,King,Seattle,WA,98136,2016,NISSAN,LEAF,Battery Electric Vehicle (BEV),Clean Alternative Fuel Vehicle Eligible,84,34.0,182857839,POINT (-122.38415 47.53755),CITY OF SEATTLE - (WA)|CITY OF TACOMA - (WA),53033010502
1FADP5CU0G,Thurston,Olympia,WA,98501,2016,FORD,C-MAX,Plug-in Hybrid Electric Vehicle (PHEV),Not eligible due to low battery range,19,22.0,349756963,POINT (-122.89165 47.03954),PUGET SOUND ENERGY INC,53067011200
JM3KKEHAXR,Snohomish,Lake Stevens,WA,98258,2024,MAZDA,CX-90,Plug-in Hybrid Electric Vehicle (PHEV),Not eligible due to low battery range,26,44.0,271145241,POINT (-122.06402 48.01497),PUGET SOUND ENERGY INC,53061052706
JTDACACU9R,Yakima,Yakima,WA,98901,2024,TOYOTA,PRIUS PRIME (PHEV),Plug-in Hybrid Electric Vehicle (PHEV),Clean Alternative Fuel Vehicle Eligible,39,15.0,262194341,POINT (-120.50729 46.60464),PACIFICORP,53077000200
1C4JJXR65M,Yakima,Selah,WA,98942,2021,JEEP,WRANGLER,Plug-in Hybrid Electric Vehicle (PHEV),Not eligible due to low battery range,21,15.0,183340601,POINT (-120.53145 46.65405),PACIFICORP,53077003100
5YJYGDEE2L,Snohomish,Bothell,WA,98012,2020,TESLA,MODEL Y,Battery Electric Vehicle (BEV),Clean Alternative Fuel Vehicle Eligible,291,21.0,116828974,POINT (-122.20105 47.84423),PUGET SOUND ENERGY INC,53061051927
1N4AZ0CP9F,King,Seattle,WA,98109,2015,NISSAN,LEAF,Battery Electric Vehicle (BEV),Clean Alternative Fuel Vehicle Eligible,84,36.0,180279487,POINT (-122.35022 47.63824),CITY OF SEATTLE - (WA)|CITY OF TACOMA - (WA),53033006702
JM3KKEHA8S,Thurston,Olympia,WA,98516,2025,MAZDA,CX-90,Plug-in Hybrid Electric Vehicle (PHEV),Not eligible due to low battery range,26,22.0,277874656,POINT (-122.78598 47.08476),PUGET SOUND ENERGY INC,53067012221
1G1FX6S05H,Thurston,Olympia,WA,98512,2017,CHEVROLET,BOLT EV,Battery Electric Vehicle (BEV),Clean Alternative Fuel Vehicle Eligible,238,35.0,275554667,POINT (-123.04078 46.94792),PUGET SOUND ENERGY INC,53067011810
1N4AZ0CP5D,Snohomish,Everett,WA,98201,2013,NISSAN,LEAF,Battery Electric Vehicle (BEV),Clean Alternative Fuel Vehicle Eligible,75,38.0,211807760,POINT (-122.20596 47.97659),PUGET SOUND ENERGY INC,53061040100
1N4AZ0CP2F,Spokane,Spokane,WA,99203,2015,NISSAN,LEAF,Battery Electric Vehicle (BEV),Clean Alternative Fuel Vehicle Eligible,84,3.0,108879116,POINT (-117.39322 47.63374),MODERN ELECTRIC WATER COMPANY,53063003100
1FADP3R43G,Snohomish,Stanwood,WA,98292,2016,FORD,FOCUS,Battery Electric Vehicle (BEV),Clean Alternative Fuel Vehicle Eligible,76,10.0,348274244,POINT (-122.37265 48.24159),PUGET SOUND ENERGY INC,53061053202
5YJ3E1EBXL,Grant,Moses Lake,WA,98837,2020,TESLA,MODEL 3,Battery Electric Vehicle (BEV),Clean Alternative Fuel Vehicle Eligible,322,13.0,4836086,POINT (-119.2771 47.13196),PUD NO 2 OF GRANT COUNTY,53025011002
WAUTPBFFXG,Chelan,Wenatchee,WA,98801,2016,AUDI,A3,Plug-in Hybrid Electric Vehicle (PHEV),Not eligible due to low battery range,16,12.0,245049549,POINT (-120.30521 47.41493),PUD NO 1 OF CHELAN COUNTY,53007961002
JN1AZ0CP1C,Thurston,Tumwater,WA,98512,2012,NISSAN,LEAF,Battery Electric Vehicle (BEV),Clean Alternative Fuel Vehicle Eligible,73,22.0,242633380,POINT (-123.04078 46.94792),PUGET SOUND ENERGY INC,53067010920
1N4AZ0CP8D,Kitsap,Bainbridge Island,WA,98110,2013,NISSAN,LEAF,Battery Electric Vehicle (BEV),Clean Alternative Fuel Vehicle Eligible,75,23.0,173080246,POINT (-122.521 47.62732),PUGET SOUND ENERGY INC,53035091001
5YJSA1E46J,Thurston,Olympia,WA,98502,2018,TESLA,MODEL S,Battery Electric Vehicle (BEV),Clean Alternative Fuel Vehicle Eligible,249,35.0,186072022,POINT (-122.92333 47.03779),PUGET SOUND ENERGY INC,53067011902
5YJ3E1EB2J,King,Seattle,WA,98115,2018,TESLA,MODEL 3,Battery Electric Vehicle (BEV),Clean Alternative Fuel Vehicle Eligible,215,46.0,475294179,POINT (-122.31676 47.68156),CITY OF SEATTLE - (WA)|CITY OF TACOMA - (WA),53033002600
KNDPZDDH2R,Kitsap,Port Orchard,WA,98367,2024,KIA,SPORTAGE,Plug-in Hybrid Electric Vehicle (PHEV),Clean Alternative Fuel Vehicle Eligible,34,26.0,264772273,POINT (-122.68471 47.50524),PUGET SOUND ENERGY INC,53035092101
YV4BC0PL8G,Thurston,Lacey,WA,98513,2016,VOLVO,XC90,Plug-in Hybrid Electric Vehicle (PHEV),Not eligible due to low battery range,13,22.0,167006990,POINT (-122.80933 46.99531),PUGET SOUND ENERGY INC,53067011623
5YJ3E1EB2J,King,Seattle,WA,98115,2018,TESLA,MODEL 3,Battery Electric Vehicle (BEV),Clean Alternative Fuel Vehicle Eligible,215,46.0,307728116,POINT (-122.31676 47.68156),CITY OF SEATTLE - (WA)|CITY OF TACOMA - (WA),53033003900
5YJ3E1EB6J,King,Redmond,WA,98052,2018,TESLA,MODEL 3,Battery Electric Vehicle (BEV),Clean Alternative Fuel Vehicle Eligible,215,48.0,318096348,POINT (-122.13158 47.67858),PUGET SOUND ENERGY INC||CITY OF TACOMA - (WA),53033032313
1N4BZ0CP4H,Thurston,Olympia,WA,98502,2017,NISSAN,LEAF,Battery Electric Vehicle (BEV),Clean Alternative Fuel Vehicle Eligible,107,22.0,150612332,POINT (-122.92333 47.03779),PUGET SOUND ENERGY INC,53067010600
5YJXCAE25L,King,Renton,WA,98059,2020,TESLA,MODEL X,Battery Electric Vehicle (BEV),Clean Alternative Fuel Vehicle Eligible,293,11.0,103094820,POINT (-122.11589 47.50243),PUGET SOUND ENERGY INC||CITY OF TACOMA - (WA),53033025104
KNDCS3LF4S,Thurston,Olympia,WA,98513,2025,KIA,NIRO,Plug-in Hybrid Electric Vehicle (PHEV),Clean Alternative Fuel Vehicle Eligible,33,2.0,284786883,POINT (-122.80933 46.99531),PUGET SOUND ENERGY INC,53067012420
5YJSA1E24L,Yakima,Yakima,WA,98908,2020,TESLA,MODEL S,Battery Electric Vehicle (BEV),Clean Alternative Fuel Vehicle Eligible,330,14.0,112766930,POINT (-120.60199 46.59817),PACIFICORP,53077000401
5YJ3E1EB6J,Yakima,Union Gap,WA,98903,2018,TESLA,MODEL 3,Battery Electric Vehicle (BEV),Clean Alternative Fuel Vehicle Eligible,215,15.0,251786223,POINT (-120.71847 46.55029),PACIFICORP,53077001400
WA1F2AFY7R,Stevens,Evans,WA,99126,2024,AUDI,Q5 E,Plug-in Hybrid Electric Vehicle (PHEV),Not eligible due to low battery range,23,7.0,272042277,POINT (-118.02345 48.71331),AVISTA CORP,53065950101
1N4BZ0CP0H,Snohomish,Stanwood,WA,98292,2017,NISSAN,LEAF,Battery Electric Vehicle (BEV),Clean Alternative Fuel Vehicle Eligible,107,38.0,235193220,POINT (-122.37265 48.24159),PUGET SOUND ENERGY INC,53061940002
JTJCJMGA7S,Spokane,Spokane,WA,99203,2025,LEXUS,RX,Plug-in Hybrid Electric Vehicle (PHEV),Clean Alternative Fuel Vehicle Eligible,37,3.0,277540028,POINT (-117.39322 47.63374),MODERN ELECTRIC WATER COMPANY,53063004500
5UX43EU09S,Snohomish,Lynnwood,WA,98037,2025,BMW,X5,Plug-in Hybrid Electric Vehicle (PHEV),Clean Alternative Fuel Vehicle Eligible,40,21.0,267862717,POINT (-122.27734 47.83785),PUGET SOUND ENERGY INC,53061051928
5YJXCDE24H,Snohomish,Everett,WA,98203,2017,TESLA,MODEL X,Battery Electric Vehicle (BEV),Clean Alternative Fuel Vehicle Eligible,200,38.0,349215233,POINT (-122.23019 47.94949),PUGET SOUND ENERGY INC,53061040900
5YJXCDE23L,Snohomish,Stanwood,WA,98292,2020,TESLA,MODEL X,Battery Electric Vehicle (BEV),Clean Alternative Fuel Vehicle Eligible,289,10.0,186813406,POINT (-122.37265 48.24159),PUGET SOUND ENERGY INC,53061053102
5YJ3E1EA7J,Island,Oak Harbor,WA,98277,2018,TESLA,MODEL 3,Battery Electric Vehicle (BEV),Clean Alternative Fuel Vehicle Eligible,215,10.0,176210996,POINT (-122.64682 48.29077),PUGET SOUND ENERGY INC,53029970401
1G1FX6S05H,Columbia,Dayton,WA,99328,2017,CHEVROLET,BOLT EV,Battery Electric Vehicle (BEV),Clean Alternative Fuel Vehicle Eligible,238,16.0,123058715,POINT (-117.97577 46.32189),PACIFICORP,53013960200
KNDCE3LG5L,Skagit,Mount Vernon,WA,98273,2020,KIA,NIRO,Battery Electric Vehicle (BEV),Clean Alternative Fuel Vehicle Eligible,239,40.0,127256503,POINT (-122.33891 48.41644),PUGET SOUND ENERGY INC,53057952303
5YJXCDE24J,Snohomish,Snohomish,WA,98296,2018,TESLA,MODEL X,Battery Electric Vehicle (BEV),Clean Alternative Fuel Vehicle Eligible,238,1.0,291509060,POINT (-122.1389 47.87115),PUGET SOUND ENERGY INC,53061052112
JHMZC5F19K,Thurston,Olympia,WA,98502,2019,HONDA,CLARITY,Plug-in Hybrid Electric Vehicle (PHEV),Clean Alternative Fuel Vehicle Eligible,47,22.0,270011892,POINT (-122.92333 47.03779),PUGET SOUND ENERGY INC,53067012001
5YJ3E1EA8J,King,Seattle,WA,98104,2018,TESLA,MODEL 3,Battery Electric Vehicle (BEV),Clean Alternative Fuel Vehicle Eligible,215,37.0,156509188,POINT (-122.32945 47.60357),CITY OF SEATTLE - (WA)|CITY OF TACOMA - (WA),53033009100
5YJ3E1EA7L,Snohomish,Arlington,WA,98223,2020,TESLA,MODEL 3,Battery Electric Vehicle (BEV),Clean Alternative Fuel Vehicle Eligible,266,39.0,250996819,POINT (-122.1264 48.19471),PUGET SOUND ENERGY INC,53061053506
WBY1Z4C58E,Snohomish,Edmonds,WA,98026,2014,BMW,I3,Plug-in Hybrid Electric Vehicle (PHEV),Clean Alternative Fuel Vehicle Eligible,72,21.0,342418730,POINT (-122.31768 47.87166),PUGET SOUND ENERGY INC,53061050200
5YJ3E1EB4J,Grant,Moses Lake,WA,98837,2018,TESLA,MODEL 3,Battery Electric Vehicle (BEV),Clean Alternative Fuel Vehicle Eligible,215,13.0,289902840,POINT (-119.2771 47.13196),PUD NO 2 OF GRANT COUNTY,53025011002
5YJ3E1EA2K,Snohomish,Snohomish,WA,98290,2019,TESLA,MODEL 3,Battery Electric Vehicle (BEV),Clean Alternative Fuel Vehicle Eligible,220,44.0,478181392,POINT (-122.09305 47.91265),PUGET SOUND ENERGY INC,53061052502
KM8JFDD27R,Snohomish,Edmonds,WA,98020,2024,HYUNDAI,TUCSON,Plug-in Hybrid Electric Vehicle (PHEV),Clean Alternative Fuel Vehicle Eligible,33,21.0,264587249,POINT (-122.37689 47.81116),PUGET SOUND ENERGY INC,53061050300
1N4BZ1CP3K,Snohomish,Marysville,WA,98271,2019,NISSAN,LEAF,Battery Electric Vehicle (BEV),Clean Alternative Fuel Vehicle Eligible,150,38.0,120329744,POINT (-122.17138 48.10433),PUGET SOUND ENERGY INC,53061940001
5YJ3E1EAXJ,Thurston,Olympia,WA,98502,2018,TESLA,MODEL 3,Battery Electric Vehicle (BEV),Clean Alternative Fuel Vehicle Eligible,215,35.0,288089777,POINT (-122.92333 47.03779),PUGET SOUND ENERGY INC,53067011902
5UXTA6C04P,Snohomish,Snohomish,WA,98296,2023,BMW,X5,Plug-in Hybrid Electric Vehicle (PHEV),Clean Alternative Fuel Vehicle Eligible,30,1.0,227377783,POINT (-122.1389 47.87115),PUGET SOUND ENERGY INC,53061052108
JTMAB3FV6P,Yakima,Yakima,WA,98908,2023,TOYOTA,RAV4 PRIME (PHEV),Plug-in Hybrid Electric Vehicle (PHEV),Clean Alternative Fuel Vehicle Eligible,42,14.0,265162320,POINT (-120.60199 46.59817),PACIFICORP,53077000903
1G1RD6E45C,Snohomish,Snohomish,WA,98296,2012,CHEVROLET,VOLT,Plug-in Hybrid Electric Vehicle (PHEV),Clean Alternative Fuel Vehicle Eligible,35,1.0,220969612,POINT (-122.1389 47.87115),PUGET SOUND ENERGY INC,53061052112
5YJ3E1EA9J,King,Seattle,WA,98121,2018,TESLA,MODEL 3,Battery Electric Vehicle (BEV),Clean Alternative Fuel Vehicle Eligible,215,36.0,304217861,POINT (-122.34468 47.61578),CITY OF SEATTLE - (WA)|CITY OF TACOMA - (WA),53033007201
5YJ3E1EB0J,Snohomish,Everett,WA,98203,2018,TESLA,MODEL 3,Battery Electric Vehicle (BEV),Clean Alternative Fuel Vehicle Eligible,215,38.0,288255558,POINT (-122.23019 47.94949),PUGET SOUND ENERGY INC,53061040900
5YJ3E1EB2J,Thurston,Olympia,WA,98516,2018,TESLA,MODEL 3,Battery Electric Vehicle (BEV),Clean Alternative Fuel Vehicle Eligible,215,22.0,218077093,POINT (-122.78598 47.08476),PUGET SOUND ENERGY INC,53067012225
1N4AZ0CP2D,Snohomish,Bothell,WA,98021,2013,NISSAN,LEAF,Battery Electric Vehicle (BEV),Clean Alternative Fuel Vehicle Eligible,75,1.0,200290205,POINT (-122.18384 47.8031),PUGET SOUND ENERGY INC,53061051917
1N4AZ1CPXK,Snohomish,Monroe,WA,98272,2019,NISSAN,LEAF,Battery Electric Vehicle (BEV),Clean Alternative Fuel Vehicle Eligible,150,39.0,2140848,POINT (-121.98087 47.8526),PUGET SOUND ENERGY INC,53061052208
1N4AZ0CP7F,Snohomish,Everett,WA,98201,2015,NISSAN,LEAF,Battery Electric Vehicle (BEV),Clean Alternative Fuel Vehicle Eligible,84,38.0,117024386,POINT (-122.20596 47.97659),PUGET SOUND ENERGY INC,53061040300
KNDCE3LG0L,Pierce,Puyallup,WA,98372,2020,KIA,NIRO,Battery Electric Vehicle (BEV),Clean Alternative Fuel Vehicle Eligible,239,25.0,128795887,POINT (-122.25646 47.21259),PUGET SOUND ENERGY INC||CITY OF TACOMA - (WA),53053073404
5YJ3E1EB4K,Whitman,Pullman,WA,99163,2019,TESLA,MODEL 3,Battery Electric Vehicle (BEV),Clean Alternative Fuel Vehicle Eligible,220,9.0,258952123,POINT (-117.18147 46.73015),AVISTA CORP,53075000201
5YJ3E1EB3L,Yakima,Naches,WA,98937,2020,TESLA,MODEL 3,Battery Electric Vehicle (BEV),Clean Alternative Fuel Vehicle Eligible,322,14.0,271592604,POINT (-120.69972 46.7309),PACIFICORP,53077003003
1N4AZ0CPXD,Skagit,Mount Vernon,WA,98273,2013,NISSAN,LEAF,Battery Electric Vehicle (BEV),Clean Alternative Fuel Vehicle Eligible,75,10.0,161345698,POINT (-122.33891 48.41644),PUGET SOUND ENERGY INC,53057952100
5YJ3E1EB6L,Thurston,Tenino,WA,98589,2020,TESLA,MODEL 3,Battery Electric Vehicle (BEV),Clean Alternative Fuel Vehicle Eligible,322,20.0,231068400,POINT (-122.85135 46.85752),PUGET SOUND ENERGY INC,53067012530
5YJSA1E29H,Snohomish,Arlington,WA,98223,2017,TESLA,MODEL S,Battery Electric Vehicle (BEV),Clean Alternative Fuel Vehicle Eligible,210,39.0,349129462,POINT (-122.1264 48.19471),PUGET SOUND ENERGY INC,53061052701
1G1FY6S04L,Thurston,Lacey,WA,98503,2020,CHEVROLET,BOLT EV,Battery Electric Vehicle (BEV),Clean Alternative Fuel Vehicle Eligible,259,22.0,124732947,POINT (-122.82324 47.04437),PUGET SOUND ENERGY INC,53067011300
JTMFB3FV6S,Snohomish,Bothell,WA,98012,2025,TOYOTA,RAV4 PRIME (PHEV),Plug-in Hybrid Electric Vehicle (PHEV),Clean Alternative Fuel Vehicle Eligible,42,1.0,286146059,POINT (-122.20105 47.84423),PUGET SOUND ENERGY INC,53061051936
1FMCU0E15S,Yakima,Yakima,WA,98901,2025,FORD,ESCAPE,Plug-in Hybrid Electric Vehicle (PHEV),Clean Alternative Fuel Vehicle Eligible,37,15.0,285464042,POINT (-120.50729 46.60464),PACIFICORP,53077000200
1G1FY6S08L,Island,Langley,WA,98260,2020,CHEVROLET,BOLT EV,Battery Electric Vehicle (BEV),Clean Alternative Fuel Vehicle Eligible,259,10.0,138713676,POINT (-122.40618 48.0399),PUGET SOUND ENERGY INC,53029971800
1G1RC6S55H,Whitman,Pullman,WA,99163,2017,CHEVROLET,VOLT,Plug-in Hybrid Electric Vehicle (PHEV),Clean Alternative Fuel Vehicle Eligible,53,9.0,174400103,POINT (-117.18147 46.73015),AVISTA CORP,53075000300
5LMTJ5DZ9S,Snohomish,Woodinville,WA,98072,2025,LINCOLN,CORSAIR,Plug-in Hybrid Electric Vehicle (PHEV),Not eligible due to low battery range,27,1.0,282052389,POINT (-122.15545 47.75448),PUGET SOUND ENERGY INC,53061051926
1G1RA6E40E,Snohomish,Everett,WA,98201,2014,CHEVROLET,VOLT,Plug-in Hybrid Electric Vehicle (PHEV),Clean Alternative Fuel Vehicle Eligible,38,38.0,476892951,POINT (-122.20596 47.97659),PUGET SOUND ENERGY INC,53061040100
1G1FZ6S0XL,Whitman,Pullman,WA,99163,2020,CHEVROLET,BOLT EV,Battery Electric Vehicle (BEV),Clean Alternative Fuel Vehicle Eligible,259,9.0,179598359,POINT (-117.18147 46.73015),AVISTA CORP,53075000300
1N4BZ0CP9H,King,Redmond,WA,98053,2017,NISSAN,LEAF,Battery Electric Vehicle (BEV),Clean Alternative Fuel Vehicle Eligible,107,45.0,194435279,POINT (-122.03287 47.68555),PUGET SOUND ENERGY INC||CITY OF TACOMA - (WA),53033032332
5YJYGDEE8L,Snohomish,Bothell,WA,98021,2020,TESLA,MODEL Y,Battery Electric Vehicle (BEV),Clean Alternative Fuel Vehicle Eligible,291,1.0,124585835,POINT (-122.18384 47.8031),PUGET SOUND ENERGY INC,53061051932
JTJHKCFZ8T,Walla Walla,Walla Walla,WA,99362,2026,LEXUS,NX,Plug-in Hybrid Electric Vehicle (PHEV),Clean Alternative Fuel Vehicle Eligible,37,16.0,287230688,POINT (-118.34261 46.07068),PACIFICORP,53071920901
5YJ3E1EA9J,Snohomish,Lynnwood,WA,98087,2018,TESLA,MODEL 3,Battery Electric Vehicle (BEV),Clean Alternative Fuel Vehicle Eligible,215,21.0,286759700,POINT (-122.27981 47.85727),PUGET SOUND ENERGY INC,53061041704
5YJ3E1EB0K,Snohomish,Monroe,WA,98272,2019,TESLA,MODEL 3,Battery Electric Vehicle (BEV),Clean Alternative Fuel Vehicle Eligible,220,39.0,186140881,POINT (-121.98087 47.8526),PUGET SOUND ENERGY INC,53061052203
1N4BZ1CP8K,King,Kirkland,WA,98034,2019,NISSAN,LEAF,Battery Electric Vehicle (BEV),Clean Alternative Fuel Vehicle Eligible,150,45.0,477153302,POINT (-122.22901 47.72201),PUGET SOUND ENERGY INC||CITY OF TACOMA - (WA),53033022005
5YJ3E1EC4L,King,North Bend,WA,98045,2020,TESLA,MODEL 3,Battery Electric Vehicle (BEV),Clean Alternative Fuel Vehicle Eligible,308,5.0,8723200,POINT (-121.7831 47.49348),PUGET SOUND ENERGY INC||CITY OF TACOMA - (WA),53033032704
WBY7Z8C5XJ,Thurston,Olympia,WA,98501,2018,BMW,I3,Plug-in Hybrid Electric Vehicle (PHEV),Clean Alternative Fuel Vehicle Eligible,97,22.0,185498386,POINT (-122.89165 47.03954),PUGET SOUND ENERGY INC,53067010700
WP1AE2AYXK,Island,Clinton,WA,98236,2019,PORSCHE,CAYENNE,Plug-in Hybrid Electric Vehicle (PHEV),Not eligible due to low battery range,13,10.0,289218583,POINT (-122.35803 47.9796),PUGET SOUND ENERGY INC,53029971800
5YJYGDEE7L,Snohomish,Monroe,WA,98272,2020,TESLA,MODEL Y,Battery Electric Vehicle (BEV),Clean Alternative Fuel Vehicle Eligible,291,39.0,137200724,POINT (-121.98087 47.8526),PUGET SOUND ENERGY INC,53061052113
5YJ3E1EB2J,Yakima,Selah,WA,98942,2018,TESLA,MODEL 3,Battery Electric Vehicle (BEV),Clean Alternative Fuel Vehicle Eligible,215,15.0,272586842,POINT (-120.53145 46.65405),PACIFICORP,53077003200
YV4H60CN1P,Kitsap,Silverdale,WA,98383,2023,VOLVO,XC90,Plug-in Hybrid Electric Vehicle (PHEV),Clean Alternative Fuel Vehicle Eligible,32,23.0,282130733,POINT (-122.69275 47.65171),PUGET SOUND ENERGY INC,53035091205
KM8JFDD26R,Yakima,Selah,WA,98942,2024,HYUNDAI,TUCSON,Plug-in Hybrid Electric Vehicle (PHEV),Clean Alternative Fuel Vehicle Eligible,33,15.0,273024629,POINT (-120.53145 46.65405),PACIFICORP,53077003400
JTDKN3DP9C,Thurston,Olympia,WA,98501,2012,TOYOTA,PRIUS,Plug-in Hybrid Electric Vehicle (PHEV),Not eligible due to low battery range,6,22.0,3134344,POINT (-122.89165 47.03954),PUGET SOUND ENERGY INC,53067010300
WBY1Z6C55H,King,Tukwila,WA,98168,2017,BMW,I3,Battery Electric Vehicle (BEV),Clean Alternative Fuel Vehicle Eligible,81,11.0,276692090,POINT (-122.29411 47.48924),CITY OF SEATTLE - (WA)|CITY OF TACOMA - (WA),53033027300
5YJ3E1EB6L,Snohomish,Snohomish,WA,98290,2020,TESLA,MODEL 3,Battery Electric Vehicle (BEV),Clean Alternative Fuel Vehicle Eligible,322,44.0,8862304,POINT (-122.09305 47.91265),PUGET SOUND ENERGY INC,53061052607
5YJSA1E23H,Snohomish,Lynnwood,WA,98037,2017,TESLA,MODEL S,Battery Electric Vehicle (BEV),Clean Alternative Fuel Vehicle Eligible,210,32.0,1495609,POINT (-122.27734 47.83785),PUGET SOUND ENERGY INC,53061051702
YV4H60PFXS,Snohomish,Bothell,WA,98012,2025,VOLVO,XC90,Plug-in Hybrid Electric Vehicle (PHEV),Clean Alternative Fuel Vehicle Eligible,32,1.0,276667919,POINT (-122.20105 47.84423),PUGET SOUND ENERGY INC,53061052009
5YJXCBE27H,Thurston,Lacey,WA,98516,2017,TESLA,MODEL X,Battery Electric Vehicle (BEV),Clean Alternative Fuel Vehicle Eligible,200,22.0,189913020,POINT (-122.78598 47.08476),PUGET SOUND ENERGY INC,53067012226
WBY1Z4C51E,King,Duvall,WA,98019,2014,BMW,I3,Plug-in Hybrid Electric Vehicle (PHEV),Clean Alternative Fuel Vehicle Eligible,72,45.0,146904593,POINT (-121.98609 47.74068),PUGET SOUND ENERGY INC||CITY OF TACOMA - (WA),53033032401
5YJ3E1EB0J,King,Redmond,WA,98052,2018,TESLA,MODEL 3,Battery Electric Vehicle (BEV),Clean Alternative Fuel Vehicle Eligible,215,45.0,475820467,POINT (-122.13158 47.67858),PUGET SOUND ENERGY INC||CITY OF TACOMA - (WA),53033032321
5YJ3E1EB8K,Yakima,Yakima,WA,98908,2019,TESLA,MODEL 3,Battery Electric Vehicle (BEV),Clean Alternative Fuel Vehicle Eligible,220,14.0,207120112,POINT (-120.60199 46.59817),PACIFICORP,53077000402
5YJSA1E21L,Chelan,Chelan,WA,98816,2020,TESLA,MODEL S,Battery Electric Vehicle (BEV),Clean Alternative Fuel Vehicle Eligible,330,12.0,114250265,POINT (-120.01454 47.83985),PUD NO 1 OF CHELAN COUNTY,53007960301
5YJSA1E22L,Chelan,Wenatchee,WA,98801,2020,TESLA,MODEL S,Battery Electric Vehicle (BEV),Clean Alternative Fuel Vehicle Eligible,330,12.0,109666406,POINT (-120.30521 47.41493),PUD NO 1 OF CHELAN COUNTY,53007960700
1FADP5CU1D,Thurston,Olympia,WA,98512,2013,FORD,C-MAX,Plug-in Hybrid Electric Vehicle (PHEV),Not eligible due to low battery range,19,22.0,255994315,POINT (-123.04078 46.94792),PUGET SOUND ENERGY INC,53067010920
JTMEB3FV3R,Snohomish,Bothell,WA,98012,2024,TOYOTA,RAV4 PRIME (PHEV),Plug-in Hybrid Electric Vehicle (PHEV),Clean Alternative Fuel Vehicle Eligible,42,1.0,275540121,POINT (-122.20105 47.84423),PUGET SOUND ENERGY INC,53061051933
5YJXCBE45K,Kitsap,Bremerton,WA,98310,2019,TESLA,MODEL X,Battery Electric Vehicle (BEV),Clean Alternative Fuel Vehicle Eligible,289,23.0,277085406,POINT (-122.61136 47.5752),PUGET SOUND ENERGY INC,53035080102
5YJXCBE22G,Snohomish,Sultan,WA,98294,2016,TESLA,MODEL X,Battery Electric Vehicle (BEV),Clean Alternative Fuel Vehicle Eligible,200,39.0,142483183,POINT (-121.81688 47.8623),PUGET SOUND ENERGY INC,53061053803
1N4AZ0CP1F,Chelan,Wenatchee,WA,98801,2015,NISSAN,LEAF,Battery Electric Vehicle (BEV),Clean Alternative Fuel Vehicle Eligible,84,12.0,255549654,POINT (-120.30521 47.41493),PUD NO 1 OF CHELAN COUNTY,53007961304
1G1RA6E40D,Clark,Vancouver,WA,98683,2013,CHEVROLET,VOLT,Plug-in Hybrid Electric Vehicle (PHEV),Clean Alternative Fuel Vehicle Eligible,38,17.0,137187214,POINT (-122.49212 45.60365),BONNEVILLE POWER ADMINISTRATION||PUD NO 1 OF CLARK COUNTY - (WA),53011041309
5YJ3E1EB6J,King,Seattle,WA,98146,2018,TESLA,MODEL 3,Battery Electric Vehicle (BEV),Clean Alternative Fuel Vehicle Eligible,215,34.0,475333260,POINT (-122.36322 47.49736),CITY OF SEATTLE - (WA)|CITY OF TACOMA - (WA),53033012100
5YJSA1CP5D,Whatcom,Blaine,WA,98230,2013,TESLA,MODEL S,Battery Electric Vehicle (BEV),Clean Alternative Fuel Vehicle Eligible,208,42.0,276369117,POINT (-122.74823 48.99405),CITY OF BLAINE - (WA)||PUD NO 1 OF WHATCOM COUNTY,53073010405
1N4BZ1CP9K,King,Seattle,WA,98125,2019,NISSAN,LEAF,Battery Electric Vehicle (BEV),Clean Alternative Fuel Vehicle Eligible,150,46.0,2186320,POINT (-122.30253 47.72656),CITY OF SEATTLE - (WA)|CITY OF TACOMA - (WA),53033000202
1N4AZ0CP7E,King,Seattle,WA,98102,2014,NISSAN,LEAF,Battery Electric Vehicle (BEV),Clean Alternative Fuel Vehicle Eligible,84,43.0,182334330,POINT (-122.32427 47.63433),CITY OF SEATTLE - (WA)|CITY OF TACOMA - (WA),53033006500
YV4H60DM2R,King,Seattle,WA,98177,2024,VOLVO,XC60,Plug-in Hybrid Electric Vehicle (PHEV),Clean Alternative Fuel Vehicle Eligible,35,36.0,264560271,POINT (-122.37238 47.74068),CITY OF SEATTLE - (WA)|CITY OF TACOMA - (WA),53033001600
1G1FZ6S08L,Jefferson,Brinnon,WA,98320,2020,CHEVROLET,BOLT EV,Battery Electric Vehicle (BEV),Clean Alternative Fuel Vehicle Eligible,259,24.0,104960551,POINT (-122.89646 47.69838),BONNEVILLE POWER ADMINISTRATION||PUD NO 1 OF MASON COUNTY|PUD NO 1 OF JEFFERSON COUNTY,53031950702
1N4AZ0CPXF,Walla Walla,College Place,WA,99324,2015,NISSAN,LEAF,Battery Electric Vehicle (BEV),Clean Alternative Fuel Vehicle Eligible,84,16.0,281814389,POINT (-118.38864 46.03456),PACIFICORP,53071920302
1G1FX6S0XJ,Thurston,Lacey,WA,98503,2018,CHEVROLET,BOLT EV,Battery Electric Vehicle (BEV),Clean Alternative Fuel Vehicle Eligible,238,22.0,329757641,POINT (-122.82324 47.04437),PUGET SOUND ENERGY INC,53067011300
JA4J24A53J,King,Seattle,WA,98119,2018,MITSUBISHI,OUTLANDER,Plug-in Hybrid Electric Vehicle (PHEV),Not eligible due to low battery range,22,36.0,223814825,POINT (-122.3684 47.64586),CITY OF SEATTLE - (WA)|CITY OF TACOMA - (WA),53033007001
WBA8E1C3XH,King,Kent,WA,98030,2017,BMW,330E,Plug-in Hybrid Electric Vehicle (PHEV),Not eligible due to low battery range,14,47.0,110089024,POINT (-122.19975 47.37483),PUGET SOUND ENERGY INC||CITY OF TACOMA - (WA),53033029604
1C4RJYB65N,King,Tukwila,WA,98188,2022,JEEP,GRAND CHEROKEE,Plug-in Hybrid Electric Vehicle (PHEV),Not eligible due to low battery range,25,11.0,269586915,POINT (-122.27979 47.44952),PUGET SOUND ENERGY INC||CITY OF TACOMA - (WA),53033026200
3C3CFFGE2F,King,Tukwila,WA,98178,2015,FIAT,500,Battery Electric Vehicle (BEV),Clean Alternative Fuel Vehicle Eligible,87,11.0,245348589,POINT (-122.25031 47.49481),CITY OF SEATTLE - (WA)|CITY OF TACOMA - (WA),53033026300
5YJ3E1EB3J,King,Shoreline,WA,98133,2018,TESLA,MODEL 3,Battery Electric Vehicle (BEV),Clean Alternative Fuel Vehicle Eligible,215,32.0,278594865,POINT (-122.33364 47.73709),CITY OF SEATTLE - (WA)|CITY OF TACOMA - (WA),53033020700
5YJSA1E23K,King,Kirkland,WA,98033,2019,TESLA,MODEL S,Battery Electric Vehicle (BEV),Clean Alternative Fuel Vehicle Eligible,270,45.0,275336295,POINT (-122.2066 47.67887),PUGET SOUND ENERGY INC||CITY OF TACOMA - (WA),53033022006
5UX43EU09S,Kittitas,Ellensburg,WA,98926,2025,BMW,X5,Plug-in Hybrid Electric Vehicle (PHEV),Clean Alternative Fuel Vehicle Eligible,40,13.0,280509764,POINT (-120.54872 46.99703),PUGET SOUND ENERGY INC,53037975700
WA1G2AFY3N,Spokane,Spokane,WA,99204,2022,AUDI,Q5,Plug-in Hybrid Electric Vehicle (PHEV),Not eligible due to low battery range,23,3.0,181577756,POINT (-117.42571 47.64779),MODERN ELECTRIC WATER COMPANY,53063004100
5YJXCAE23K,King,Bellevue,WA,98004,2019,TESLA,MODEL X,Battery Electric Vehicle (BEV),Clean Alternative Fuel Vehicle Eligible,289,41.0,102358455,POINT (-122.1872 47.61001),PUGET SOUND ENERGY INC||CITY OF TACOMA - (WA),53033023902
5YJ3E1EA6L,Pierce,Tacoma,WA,98445,2020,TESLA,MODEL 3,Battery Electric Vehicle (BEV),Clean Alternative Fuel Vehicle Eligible,266,29.0,103039114,POINT (-122.40872 47.16568),BONNEVILLE POWER ADMINISTRATION||CITY OF TACOMA - (WA)||PARKLAND LIGHT & WATER COMPANY|PENINSULA LIGHT COMPANY,53053071505
5YJ3E1EB2K,King,Covington,WA,98042,2019,TESLA,MODEL 3,Battery Electric Vehicle (BEV),Clean Alternative Fuel Vehicle Eligible,220,47.0,268825406,POINT (-122.10798 47.37124),PUGET SOUND ENERGY INC||CITY OF TACOMA - (WA),53033031709
1N4BZ0CP7H,King,Sammamish,WA,98075,2017,NISSAN,LEAF,Battery Electric Vehicle (BEV),Clean Alternative Fuel Vehicle Eligible,107,41.0,6853983,POINT (-122.03539 47.61344),PUGET SOUND ENERGY INC||CITY OF TACOMA - (WA),53033032224
5YJYGDEE6L,Clark,Vancouver,WA,98685,2020,TESLA,MODEL Y,Battery Electric Vehicle (BEV),Clean Alternative Fuel Vehicle Eligible,291,18.0,220139944,POINT (-122.70303 45.70954),BONNEVILLE POWER ADMINISTRATION||PUD NO 1 OF CLARK COUNTY - (WA),53011040907
3C3CFFGE4F,Grant,Moses Lake,WA,98837,2015,FIAT,500,Battery Electric Vehicle (BEV),Clean Alternative Fuel Vehicle Eligible,87,13.0,287326182,POINT (-119.2771 47.13196),PUD NO 2 OF GRANT COUNTY,53025011001
1C4JJXP60M,Pierce,Parkland,WA,98446,2021,JEEP,WRANGLER,Plug-in Hybrid Electric Vehicle (PHEV),Not eligible due to low battery range,25,25.0,208086504,POINT (-122.37747 47.09665),BONNEVILLE POWER ADMINISTRATION||CITY OF TACOMA - (WA)||PENINSULA LIGHT COMPANY,53053071100
1G1FY6S03L,King,Kent,WA,98031,2020,CHEVROLET,BOLT EV,Battery Electric Vehicle (BEV),Clean Alternative Fuel Vehicle Eligible,259,47.0,258729516,POINT (-122.17743 47.41185),PUGET SOUND ENERGY INC||CITY OF TACOMA - (WA),53033029406
JTMAB3FV6M,King,North Bend,WA,98045,2021,TOYOTA,RAV4 PRIME (PHEV),Plug-in Hybrid Electric Vehicle (PHEV),Clean Alternative Fuel Vehicle Eligible,42,5.0,202821902,POINT (-121.7831 47.49348),PUGET SOUND ENERGY INC||CITY OF TACOMA - (WA),53033032705
5YJSA1S12E,Yakima,Yakima,WA,98902,2014,TESLA,MODEL S,Battery Electric Vehicle (BEV),Clean Alternative Fuel Vehicle Eligible,208,14.0,123446403,POINT (-120.51904 46.59783),PACIFICORP,53077001202
1N4BZ0CP3H,Benton,Richland,WA,99352,2017,NISSAN,LEAF,Battery Electric Vehicle (BEV),Clean Alternative Fuel Vehicle Eligible,107,8.0,348289917,POINT (-119.27372 46.27391),BONNEVILLE POWER ADMINISTRATION||CITY OF RICHLAND - (WA),53005010818
YV1H60EP8R,King,Seattle,WA,98112,2024,VOLVO,V60,Plug-in Hybrid Electric Vehicle (PHEV),Clean Alternative Fuel Vehicle Eligible,41,43.0,260971371,POINT (-122.30207 47.64085),CITY OF SEATTLE - (WA)|CITY OF TACOMA - (WA),53033006300
1N4AZ0CPXD,Thurston,Rainier,WA,98576,2013,NISSAN,LEAF,Battery Electric Vehicle (BEV),Clean Alternative Fuel Vehicle Eligible,75,2.0,198597570,POINT (-122.68993 46.88897),PUGET SOUND ENERGY INC,53067012530
LVYBR0AL2K,Whitman,Pullman,WA,99163,2019,VOLVO,S90,Plug-in Hybrid Electric Vehicle (PHEV),Not eligible due to low battery range,21,9.0,240882281,POINT (-117.18147 46.73015),AVISTA CORP,53075000201
1C4JJXP69M,Clark,Vancouver,WA,98665,2021,JEEP,WRANGLER,Plug-in Hybrid Electric Vehicle (PHEV),Not eligible due to low battery range,25,49.0,180492896,POINT (-122.64443 45.67871),BONNEVILLE POWER ADMINISTRATION||PUD NO 1 OF CLARK COUNTY - (WA),53011041008
JM3KJEHA2S,King,Seattle,WA,98177,2025,MAZDA,CX-70,Plug-in Hybrid Electric Vehicle (PHEV),Not eligible due to low battery range,26,36.0,280850503,POINT (-122.37238 47.74068),CITY OF SEATTLE - (WA)|CITY OF TACOMA - (WA),53033001400
1C4JJXR68M,Pierce,Gig Harbor,WA,98332,2021,JEEP,WRANGLER,Plug-in Hybrid Electric Vehicle (PHEV),Not eligible due to low battery range,21,26.0,161825422,POINT (-122.58964 47.34235),BONNEVILLE POWER ADMINISTRATION||CITY OF TACOMA - (WA)||PENINSULA LIGHT COMPANY,53053072508
JTMFB3FV9R,Kitsap,Bainbridge Island,WA,98110,2024,TOYOTA,RAV4 PRIME (PHEV),Plug-in Hybrid Electric Vehicle (PHEV),Clean Alternative Fuel Vehicle Eligible,42,23.0,270708616,POINT (-122.521 47.62732),PUGET SOUND ENERGY INC,53035090902
YV4H60DM2R,King,Kirkland,WA,98034,2024,VOLVO,XC60,Plug-in Hybrid Electric Vehicle (PHEV),Clean Alternative Fuel Vehicle Eligible,35,1.0,264651327,POINT (-122.22901 47.72201),PUGET SOUND ENERGY INC||CITY OF TACOMA - (WA),53033022300
1FADP5EU5H,Snohomish,Everett,WA,98203,2017,FORD,C-MAX,Plug-in Hybrid Electric Vehicle (PHEV),Not eligible due to low battery range,20,38.0,270766625,POINT (-122.23019 47.94949),PUGET SOUND ENERGY INC,53061041201
5YJYGDEEXL,King,Seattle,WA,98121,2020,TESLA,MODEL Y,Battery Electric Vehicle (BEV),Clean Alternative Fuel Vehicle Eligible,291,36.0,112440534,POINT (-122.34468 47.61578),CITY OF SEATTLE - (WA)|CITY OF TACOMA - (WA),53033007201
JTMEB3FV1S,Snohomish,Arlington,WA,98223,2025,TOYOTA,RAV4 PRIME (PHEV),Plug-in Hybrid Electric Vehicle (PHEV),Clean Alternative Fuel Vehicle Eligible,42,39.0,279873513,POINT (-122.1264 48.19471),BONNEVILLE POWER ADMINISTRATION||PUD 1 OF SNOHOMISH COUNTY,53061053506
W1NKM5GBXT,Kitsap,Port Orchard,WA,98367,2026,MERCEDES-BENZ,GLC-CLASS,Plug-in Hybrid Electric Vehicle (PHEV),Clean Alternative Fuel Vehicle Eligible,54,26.0,286912622,POINT (-122.68471 47.50524),PUGET SOUND ENERGY INC,53035092101
1N4AZ0CP3D,King,Seattle,WA,98107,2013,NISSAN,LEAF,Battery Electric Vehicle (BEV),Clean Alternative Fuel Vehicle Eligible,75,43.0,231740127,POINT (-122.38591 47.67597),CITY OF SEATTLE - (WA)|CITY OF TACOMA - (WA),53033004800
YV4BR0CL5M,Spokane,Spokane,WA,99206,2021,VOLVO,XC90,Plug-in Hybrid Electric Vehicle (PHEV),Not eligible due to low battery range,18,4.0,141328442,POINT (-117.24781 47.63516),BONNEVILLE POWER ADMINISTRATION||AVISTA CORP||INLAND POWER & LIGHT COMPANY,53063012402
2C4RC1L71M,Spokane,Spokane,WA,99208,2021,CHRYSLER,PACIFICA,Plug-in Hybrid Electric Vehicle (PHEV),Clean Alternative Fuel Vehicle Eligible,32,6.0,262969906,POINT (-117.45005 47.7333),BONNEVILLE POWER ADMINISTRATION||AVISTA CORP||INLAND POWER & LIGHT COMPANY,53063011102
5YJSA1E1XG,Kitsap,Silverdale,WA,98383,2016,TESLA,MODEL S,Battery Electric Vehicle (BEV),Clean Alternative Fuel Vehicle Eligible,210,23.0,272691345,POINT (-122.69275 47.65171),PUGET SOUND ENERGY INC,53035091205
JTJHKCFZ7T,King,Bellevue,WA,98008,2026,LEXUS,NX,Plug-in Hybrid Electric Vehicle (PHEV),Clean Alternative Fuel Vehicle Eligible,37,48.0,287793789,POINT (-122.11867 47.63131),PUGET SOUND ENERGY INC||CITY OF TACOMA - (WA),53033023100
5YJXCAE27H,Snohomish,Lynnwood,WA,98087,2017,TESLA,MODEL X,Battery Electric Vehicle (BEV),Clean Alternative Fuel Vehicle Eligible,200,21.0,211745551,POINT (-122.27981 47.85727),PUGET SOUND ENERGY INC,53061051804
1C4JJXP6XM,King,Auburn,WA,98002,2021,JEEP,WRANGLER,Plug-in Hybrid Electric Vehicle (PHEV),Not eligible due to low battery range,25,47.0,152672383,POINT (-122.2229 47.307),PUGET SOUND ENERGY INC||CITY OF TACOMA - (WA),53033030503
5YJSA1E25F,King,Seattle,WA,98109,2015,TESLA,MODEL S,Battery Electric Vehicle (BEV),Clean Alternative Fuel Vehicle Eligible,208,43.0,259772383,POINT (-122.35022 47.63824),CITY OF SEATTLE - (WA)|CITY OF TACOMA - (WA),53033007303
JN1AZ0CP8C,Island,Coupeville,WA,98239,2012,NISSAN,LEAF,Battery Electric Vehicle (BEV),Clean Alternative Fuel Vehicle Eligible,73,10.0,231135159,POINT (-122.68558 48.21857),PUGET SOUND ENERGY INC,53029971000
5UXTA6C04P,King,Kirkland,WA,98034,2023,BMW,X5,Plug-in Hybrid Electric Vehicle (PHEV),Clean Alternative Fuel Vehicle Eligible,30,1.0,216777557,POINT (-122.22901 47.72201),PUGET SOUND ENERGY INC||CITY OF TACOMA - (WA),53033022203
5YJSA1H26F,King,Bellevue,WA,98005,2015,TESLA,MODEL S,Battery Electric Vehicle (BEV),Clean Alternative Fuel Vehicle Eligible,208,48.0,134816349,POINT (-122.1621 47.64441),PUGET SOUND ENERGY INC||CITY OF TACOMA - (WA),53033023701
JA3215H15C,King,Seattle,WA,98119,2012,MITSUBISHI,I-MIEV,Battery Electric Vehicle (BEV),Clean Alternative Fuel Vehicle Eligible,62,36.0,247577746,POINT (-122.3684 47.64586),CITY OF SEATTLE - (WA)|CITY OF TACOMA - (WA),53033006800
KNDPYDAH4P,Whatcom,Bellingham,WA,98226,2023,KIA,SPORTAGE,Plug-in Hybrid Electric Vehicle (PHEV),Clean Alternative Fuel Vehicle Eligible,34,40.0,259000360,POINT (-122.49756 48.7999),PUGET SOUND ENERGY INC||PUD NO 1 OF WHATCOM COUNTY,53073000804
WBY1Z8C54H,King,Seattle,WA,98177,2017,BMW,I3,Plug-in Hybrid Electric Vehicle (PHEV),Clean Alternative Fuel Vehicle Eligible,97,32.0,2049043,POINT (-122.37238 47.74068),CITY OF SEATTLE - (WA)|CITY OF TACOMA - (WA),53033000500
JTMCB3FV1S,Thurston,Olympia,WA,98501,2025,TOYOTA,RAV4 PRIME (PHEV),Plug-in Hybrid Electric Vehicle (PHEV),Clean Alternative Fuel Vehicle Eligible,42,22.0,278019605,POINT (-122.89165 47.03954),PUGET SOUND ENERGY INC,53067010400
53TBH2MC0B,Clark,Battle Ground,WA,98604,2011,TH!NK,CITY,Battery Electric Vehicle (BEV),Clean Alternative Fuel Vehicle Eligible,100,18.0,350464278,POINT (-122.5331 45.78092),BONNEVILLE POWER ADMINISTRATION||PUD NO 1 OF CLARK COUNTY - (WA),53011040203
JTMAB3FV2R,Kitsap,Bainbridge Island,WA,98110,2024,TOYOTA,RAV4 PRIME (PHEV),Plug-in Hybrid Electric Vehicle (PHEV),Clean Alternative Fuel Vehicle Eligible,42,23.0,261613719,POINT (-122.521 47.62732),PUGET SOUND ENERGY INC,53035090800
5YJSA1E27J,King,Seattle,WA,98117,2018,TESLA,MODEL S,Battery Electric Vehicle (BEV),Clean Alternative Fuel Vehicle Eligible,249,36.0,181751496,POINT (-122.38418 47.70044),CITY OF SEATTLE - (WA)|CITY OF TACOMA - (WA),53033003100
2C4RC1S74M,King,Seattle,WA,98117,2021,CHRYSLER,PACIFICA,Plug-in Hybrid Electric Vehicle (PHEV),Clean Alternative Fuel Vehicle Eligible,32,36.0,169639466,POINT (-122.38418 47.70044),CITY OF SEATTLE - (WA)|CITY OF TACOMA - (WA),53033003202
W1NKM5GB6S,Whatcom,Blaine,WA,98230,2025,MERCEDES-BENZ,GLC-CLASS,Plug-in Hybrid Electric Vehicle (PHEV),Clean Alternative Fuel Vehicle Eligible,54,42.0,290565075,POINT (-122.74823 48.99405),CITY OF BLAINE - (WA)||PUD NO 1 OF WHATCOM COUNTY,53073010405
1FADP5CU4G,Pierce,Tacoma,WA,98405,2016,FORD,C-MAX,Plug-in Hybrid Electric Vehicle (PHEV),Not eligible due to low battery range,19,27.0,141762876,POINT (-122.48271 47.24737),BONNEVILLE POWER ADMINISTRATION||CITY OF TACOMA - (WA)||PENINSULA LIGHT COMPANY,53053061501
1C4RJXN64R,King,Sammamish,WA,98074,2024,JEEP,WRANGLER,Plug-in Hybrid Electric Vehicle (PHEV),Not eligible due to low battery range,21,45.0,263250032,POINT (-122.02054 47.60326),PUGET SOUND ENERGY INC||CITY OF TACOMA - (WA),53033032317
5YJ3E1EA9J,King,Redmond,WA,98053,2018,TESLA,MODEL 3,Battery Electric Vehicle (BEV),Clean Alternative Fuel Vehicle Eligible,215,45.0,152936143,POINT (-122.03287 47.68555),PUGET SOUND ENERGY INC||CITY OF TACOMA - (WA),53033032332
JTMFB3FV5R,Clark,Vancouver,WA,98664,2024,TOYOTA,RAV4 PRIME (PHEV),Plug-in Hybrid Electric Vehicle (PHEV),Clean Alternative Fuel Vehicle Eligible,42,49.0,270975715,POINT (-122.59219 45.62158),BONNEVILLE POWER ADMINISTRATION||PUD NO 1 OF CLARK COUNTY - (WA),53011041208
ZACPDFCW7R,King,Tukwila,WA,98188,2024,DODGE,HORNET,Plug-in Hybrid Electric Vehicle (PHEV),Clean Alternative Fuel Vehicle Eligible,32,11.0,260898501,POINT (-122.27979 47.44952),PUGET SOUND ENERGY INC||CITY OF TACOMA - (WA),53033028200
5YJ3E1EB9L,King,Seattle,WA,98177,2020,TESLA,MODEL 3,Battery Electric Vehicle (BEV),Clean Alternative Fuel Vehicle Eligible,322,36.0,124332491,POINT (-122.37238 47.74068),CITY OF SEATTLE - (WA)|CITY OF TACOMA - (WA),53033001400
WP0AC2YA3S,King,Shoreline,WA,98177,2025,PORSCHE,PANAMERA,Plug-in Hybrid Electric Vehicle (PHEV),Not eligible due to low battery range,28,32.0,274513284,POINT (-122.37238 47.74068),CITY OF SEATTLE - (WA)|CITY OF TACOMA - (WA),53033020100
KM8JFDA29P,Pierce,Lakewood,WA,98498,2023,HYUNDAI,TUCSON,Plug-in Hybrid Electric Vehicle (PHEV),Clean Alternative Fuel Vehicle Eligible,33,28.0,240537055,POINT (-122.54764 47.17669),PUGET SOUND ENERGY INC||CITY OF TACOMA - (WA),53053071902
1C4RJXP68R,Clark,Washougal,WA,98671,2024,JEEP,WRANGLER,Plug-in Hybrid Electric Vehicle (PHEV),Not eligible due to low battery range,21,18.0,263070545,POINT (-122.35341 45.57923),BONNEVILLE POWER ADMINISTRATION||PACIFICORP||PUD NO 1 OF CLARK COUNTY - (WA),53011040510
1C4RJYC60R,King,Seattle,WA,98106,2024,JEEP,GRAND CHEROKEE,Plug-in Hybrid Electric Vehicle (PHEV),Not eligible due to low battery range,25,34.0,272123253,POINT (-122.35163 47.54287),CITY OF SEATTLE - (WA)|CITY OF TACOMA - (WA),53033011300
YV4H60PJ8S,King,Seattle,WA,98178,2025,VOLVO,XC90,Plug-in Hybrid Electric Vehicle (PHEV),Clean Alternative Fuel Vehicle Eligible,32,37.0,274254515,POINT (-122.25031 47.49481),PUGET SOUND ENERGY INC||CITY OF TACOMA - (WA),53033011902
YV4H60RM7S,Thurston,Olympia,WA,98501,2025,VOLVO,XC60,Plug-in Hybrid Electric Vehicle (PHEV),Clean Alternative Fuel Vehicle Eligible,35,22.0,270759086,POINT (-122.89165 47.03954),PUGET SOUND ENERGY INC,53067010300
WMZ23BS04P,King,Bellevue,WA,98007,2023,MINI,COUNTRYMAN,Plug-in Hybrid Electric Vehicle (PHEV),Not eligible due to low battery range,17,41.0,282196771,POINT (-122.12056 47.61334),PUGET SOUND ENERGY INC||CITY OF TACOMA - (WA),53033023401
5UXTA6C08N,King,Bellevue,WA,98004,2022,BMW,X5,Plug-in Hybrid Electric Vehicle (PHEV),Clean Alternative Fuel Vehicle Eligible,30,48.0,203020912,POINT (-122.1872 47.61001),PUGET SOUND ENERGY INC||CITY OF TACOMA - (WA),53033023805
WA12AAGE5M,King,Seattle,WA,98146,2021,AUDI,E-TRON SPORTBACK,Battery Electric Vehicle (BEV),Clean Alternative Fuel Vehicle Eligible,218,34.0,275023444,POINT (-122.36322 47.49736),CITY OF SEATTLE - (WA)|CITY OF TACOMA - (WA),53033012100
5YJ3E1EB4J,Snohomish,Bothell,WA,98021,2018,TESLA,MODEL 3,Battery Electric Vehicle (BEV),Clean Alternative Fuel Vehicle Eligible,215,1.0,342615738,POINT (-122.18384 47.8031),PUGET SOUND ENERGY INC,53061051926
5UXTA6C01M,King,Redmond,WA,98052,2021,BMW,X5,Plug-in Hybrid Electric Vehicle (PHEV),Clean Alternative Fuel Vehicle Eligible,30,45.0,261379408,POINT (-122.13158 47.67858),PUGET SOUND ENERGY INC||CITY OF TACOMA - (WA),53033032323
WP1AE2AY2R,Island,Oak Harbor,WA,98277,2024,PORSCHE,CAYENNE,Plug-in Hybrid Electric Vehicle (PHEV),Clean Alternative Fuel Vehicle Eligible,56,10.0,280453645,POINT (-122.64682 48.29077),PUGET SOUND ENERGY INC,53029971000
YV4H60RMXT,King,Seattle,WA,98125,2026,VOLVO,XC60,Plug-in Hybrid Electric Vehicle (PHEV),Clean Alternative Fuel Vehicle Eligible,35,46.0,287727765,POINT (-122.30253 47.72656),PUGET SOUND ENERGY INC||CITY OF TACOMA - (WA),53033000900
1N4AZ1CPXJ,King,Bellevue,WA,98004,2018,NISSAN,LEAF,Battery Electric Vehicle (BEV),Clean Alternative Fuel Vehicle Eligible,151,48.0,474494793,POINT (-122.1872 47.61001),PUGET SOUND ENERGY INC||CITY OF TACOMA - (WA),53033023805
WBA8E1C54J,Kitsap,Poulsbo,WA,98370,2018,BMW,330E,Plug-in Hybrid Electric Vehicle (PHEV),Not eligible due to low battery range,14,23.0,236614290,POINT (-122.64681 47.73689),PUGET SOUND ENERGY INC,53035090502
5YJ3E1EB9J,King,Kirkland,WA,98033,2018,TESLA,MODEL 3,Battery Electric Vehicle (BEV),Clean Alternative Fuel Vehicle Eligible,215,45.0,145560684,POINT (-122.2066 47.67887),PUGET SOUND ENERGY INC||CITY OF TACOMA - (WA),53033022402
JTDKARFP2J,Cowlitz,Ariel,WA,98603,2018,TOYOTA,PRIUS PRIME (PHEV),Plug-in Hybrid Electric Vehicle (PHEV),Not eligible due to low battery range,25,20.0,110250255,POINT (-122.53658 45.98974),BONNEVILLE POWER ADMINISTRATION||PUD NO 1 OF COWLITZ COUNTY,53015001501
5YJSA1E20K,Benton,West Richland,WA,99353,2019,TESLA,MODEL S,Battery Electric Vehicle (BEV),Clean Alternative Fuel Vehicle Eligible,270,8.0,4386357,POINT (-119.33836 46.29696),BONNEVILLE POWER ADMINISTRATION||PUD NO 1 OF BENTON COUNTY,53005010707
KNDRMDJH2S,Skagit,Mount Vernon,WA,98273,2025,KIA,SORENTO,Plug-in Hybrid Electric Vehicle (PHEV),Clean Alternative Fuel Vehicle Eligible,30,40.0,275852076,POINT (-122.33891 48.41644),PUGET SOUND ENERGY INC,53057951900
1FMCU0E13R,King,Kent,WA,98032,2024,FORD,ESCAPE,Plug-in Hybrid Electric Vehicle (PHEV),Clean Alternative Fuel Vehicle Eligible,37,33.0,285609152,POINT (-122.23741 47.3807),PUGET SOUND ENERGY INC||CITY OF TACOMA - (WA),53033029203
WA1VAAGE5K,King,Kent,WA,98031,2019,AUDI,E-TRON,Battery Electric Vehicle (BEV),Clean Alternative Fuel Vehicle Eligible,204,11.0,259426821,POINT (-122.17743 47.41185),PUGET SOUND ENERGY INC||CITY OF TACOMA - (WA),53033029306
KNDRJDLHXN,Clark,Vancouver,WA,98686,2022,KIA,SORENTO,Plug-in Hybrid Electric Vehicle (PHEV),Clean Alternative Fuel Vehicle Eligible,32,49.0,213485576,POINT (-122.62731 45.71668),BONNEVILLE POWER ADMINISTRATION||PUD NO 1 OF CLARK COUNTY - (WA),53011040803
5YJ3E1EB2J,Snohomish,Lynnwood,WA,98087,2018,TESLA,MODEL 3,Battery Electric Vehicle (BEV),Clean Alternative Fuel Vehicle Eligible,215,21.0,304480648,POINT (-122.27981 47.85727),PUGET SOUND ENERGY INC,53061041703
WBY1Z8C31H,Jefferson,Port Ludlow,WA,98365,2017,BMW,I3,Plug-in Hybrid Electric Vehicle (PHEV),Clean Alternative Fuel Vehicle Eligible,97,24.0,288341686,POINT (-122.68475 47.92989),BONNEVILLE POWER ADMINISTRATION||PUGET SOUND ENERGY INC||PUD NO 1 OF JEFFERSON COUNTY,53031950301
KM8JBDD29S,Clark,Vancouver,WA,98664,2025,HYUNDAI,TUCSON,Plug-in Hybrid Electric Vehicle (PHEV),Clean Alternative Fuel Vehicle Eligible,32,49.0,283110824,POINT (-122.59219 45.62158),BONNEVILLE POWER ADMINISTRATION||PUD NO 1 OF CLARK COUNTY - (WA),53011041208
1C4RJYB68N,King,Kirkland,WA,98034,2022,JEEP,GRAND CHEROKEE,Plug-in Hybrid Electric Vehicle (PHEV),Not eligible due to low battery range,25,45.0,220510643,POINT (-122.22901 47.72201),PUGET SOUND ENERGY INC||CITY OF TACOMA - (WA),53033022003
JTMFB3FV9S,King,Seattle,WA,98177,2025,TOYOTA,RAV4 PRIME (PHEV),Plug-in Hybrid Electric Vehicle (PHEV),Clean Alternative Fuel Vehicle Eligible,42,36.0,276372911,POINT (-122.37238 47.74068),CITY OF SEATTLE - (WA)|CITY OF TACOMA - (WA),53033001600
JTMEB3FV5S,Whatcom,Bellingham,WA,98229,2025,TOYOTA,RAV4 PRIME (PHEV),Plug-in Hybrid Electric Vehicle (PHEV),Clean Alternative Fuel Vehicle Eligible,42,40.0,285318540,POINT (-122.45486 48.7449),PUGET SOUND ENERGY INC||PUD NO 1 OF WHATCOM COUNTY,53073000805
ZACPDFCW0R,King,Tukwila,WA,98188,2024,DODGE,HORNET,Plug-in Hybrid Electric Vehicle (PHEV),Clean Alternative Fuel Vehicle Eligible,32,11.0,262342433,POINT (-122.27979 47.44952),PUGET SOUND ENERGY INC||CITY OF TACOMA - (WA),53033028200
JTDACACU7R,King,Seattle,WA,98119,2024,TOYOTA,PRIUS PRIME (PHEV),Plug-in Hybrid Electric Vehicle (PHEV),Clean Alternative Fuel Vehicle Eligible,39,36.0,272486245,POINT (-122.3684 47.64586),CITY OF SEATTLE - (WA)|CITY OF TACOMA - (WA),53033005902
1G1RD6E46E,Spokane,Spokane,WA,99223,2014,CHEVROLET,VOLT,Plug-in Hybrid Electric Vehicle (PHEV),Clean Alternative Fuel Vehicle Eligible,38,6.0,140929456,POINT (-117.36043 47.63396),BONNEVILLE POWER ADMINISTRATION||INLAND POWER & LIGHT COMPANY,53063013401
1N4BZ0CP5H,Snohomish,Lynnwood,WA,98036,2017,NISSAN,LEAF,Battery Electric Vehicle (BEV),Clean Alternative Fuel Vehicle Eligible,107,32.0,246269670,POINT (-122.29245 47.82557),PUGET SOUND ENERGY INC,53061051930
3FA6P0PUXG,Lewis,Chehalis,WA,98532,2016,FORD,FUSION,Plug-in Hybrid Electric Vehicle (PHEV),Not eligible due to low battery range,19,20.0,256912239,POINT (-122.96462 46.6621),BONNEVILLE POWER ADMINISTRATION||CITY OF TACOMA - (WA)||PUD NO 1 OF LEWIS COUNTY,53041971200
5UX43EU03T,King,Redmond,WA,98052,2026,BMW,X5,Plug-in Hybrid Electric Vehicle (PHEV),Clean Alternative Fuel Vehicle Eligible,38,48.0,283078435,POINT (-122.13158 47.67858),PUGET SOUND ENERGY INC||CITY OF TACOMA - (WA),53033022605
KM8JFDD29R,King,Woodinville,WA,98072,2024,HYUNDAI,TUCSON,Plug-in Hybrid Electric Vehicle (PHEV),Clean Alternative Fuel Vehicle Eligible,33,45.0,268546799,POINT (-122.15545 47.75448),PUGET SOUND ENERGY INC||CITY OF TACOMA - (WA),53033032327
5YJXCBE25H,King,Federal Way,WA,98023,2017,TESLA,MODEL X,Battery Electric Vehicle (BEV),Clean Alternative Fuel Vehicle Eligible,200,30.0,193078021,POINT (-122.36217 47.31011),PUGET SOUND ENERGY INC||CITY OF TACOMA - (WA),53033030102
5YJXCBE29K,King,Seattle,WA,98125,2019,TESLA,MODEL X,Battery Electric Vehicle (BEV),Clean Alternative Fuel Vehicle Eligible,289,46.0,133793404,POINT (-122.30253 47.72656),PUGET SOUND ENERGY INC||CITY OF TACOMA - (WA),53033000900
5YJ3E1EA8K,King,Kirkland,WA,98033,2019,TESLA,MODEL 3,Battery Electric Vehicle (BEV),Clean Alternative Fuel Vehicle Eligible,220,48.0,478117601,POINT (-122.2066 47.67887),PUGET SOUND ENERGY INC||CITY OF TACOMA - (WA),53033022501
WA1F2AFY5N,Benton,Kennewick,WA,99336,2022,AUDI,Q5,Plug-in Hybrid Electric Vehicle (PHEV),Not eligible due to low battery range,23,8.0,209977827,POINT (-119.11698 46.20837),BONNEVILLE POWER ADMINISTRATION||PUD NO 1 OF BENTON COUNTY,53005010816
5YJSA1E49K,King,Seattle,WA,98119,2019,TESLA,MODEL S,Battery Electric Vehicle (BEV),Clean Alternative Fuel Vehicle Eligible,270,36.0,6350767,POINT (-122.3684 47.64586),CITY OF SEATTLE - (WA)|CITY OF TACOMA - (WA),53033007001
JHMZC5F13J,Benton,Kennewick,WA,99337,2018,HONDA,CLARITY,Plug-in Hybrid Electric Vehicle (PHEV),Clean Alternative Fuel Vehicle Eligible,47,8.0,476084332,POINT (-119.14432 46.18741),BONNEVILLE POWER ADMINISTRATION||PUD NO 1 OF BENTON COUNTY,53005011504
WBY1Z8C36H,Pierce,University Place,WA,98466,2017,BMW,I3,Plug-in Hybrid Electric Vehicle (PHEV),Clean Alternative Fuel Vehicle Eligible,97,28.0,100924127,POINT (-122.53781 47.23075),BONNEVILLE POWER ADMINISTRATION||CITY OF TACOMA - (WA)||PENINSULA LIGHT COMPANY,53053072309
YV4BR0DL3M,King,Kirkland,WA,98033,2021,VOLVO,XC60,Plug-in Hybrid Electric Vehicle (PHEV),Not eligible due to low battery range,18,48.0,139967040,POINT (-122.2066 47.67887),PUGET SOUND ENERGY INC||CITY OF TACOMA - (WA),53033022501
1C4RJXR63R,Kitsap,Bremerton,WA,98312,2024,JEEP,WRANGLER,Plug-in Hybrid Electric Vehicle (PHEV),Not eligible due to low battery range,21,35.0,275111126,POINT (-122.65223 47.57192),PUGET SOUND ENERGY INC,53035080600
1N4BZ0CPXG,Snohomish,Marysville,WA,98271,2016,NISSAN,LEAF,Battery Electric Vehicle (BEV),Clean Alternative Fuel Vehicle Eligible,84,39.0,164829752,POINT (-122.17138 48.10433),PUGET SOUND ENERGY INC,53061052808
KNDJP3AE7H,Clark,Vancouver,WA,98686,2017,KIA,SOUL,Battery Electric Vehicle (BEV),Clean Alternative Fuel Vehicle Eligible,93,17.0,186742846,POINT (-122.62731 45.71668),BONNEVILLE POWER ADMINISTRATION||PUD NO 1 OF CLARK COUNTY - (WA),53011040412
2C4RC1S76R,Lewis,Centralia,WA,98531,2024,CHRYSLER,PACIFICA,Plug-in Hybrid Electric Vehicle (PHEV),Clean Alternative Fuel Vehicle Eligible,32,20.0,271131465,POINT (-122.95266 46.72895),BONNEVILLE POWER ADMINISTRATION||CITY OF CENTRALIA - (WA)|CITY OF TACOMA - (WA),53041970700
1N4AZ0CP4D,Snohomish,Everett,WA,98203,2013,NISSAN,LEAF,Battery Electric Vehicle (BEV),Clean Alternative Fuel Vehicle Eligible,75,38.0,112351095,POINT (-122.23019 47.94949),PUGET SOUND ENERGY INC,53061041303
KNDPZDDH9S,Snohomish,Everett,WA,98208,2025,KIA,SPORTAGE,Plug-in Hybrid Electric Vehicle (PHEV),Clean Alternative Fuel Vehicle Eligible,34,44.0,287505102,POINT (-122.18637 47.89251),PUGET SOUND ENERGY INC,53061041609
KNDCM3LD0L,Clark,Vancouver,WA,98685,2020,KIA,NIRO,Plug-in Hybrid Electric Vehicle (PHEV),Not eligible due to low battery range,26,18.0,266634301,POINT (-122.70303 45.70954),BONNEVILLE POWER ADMINISTRATION||PUD NO 1 OF CLARK COUNTY - (WA),53011040908
5YJ3E1EB7L,Clark,Vancouver,WA,98665,2020,TESLA,MODEL 3,Battery Electric Vehicle (BEV),Clean Alternative Fuel Vehicle Eligible,322,49.0,102859144,POINT (-122.64443 45.67871),BONNEVILLE POWER ADMINISTRATION||PUD NO 1 OF CLARK COUNTY - (WA),53011041009
5UX43EU02T,King,Bellevue,WA,98006,2026,BMW,X5,Plug-in Hybrid Electric Vehicle (PHEV),Clean Alternative Fuel Vehicle Eligible,38,41.0,288408060,POINT (-122.12096 47.55584),PUGET SOUND ENERGY INC||CITY OF TACOMA - (WA),53033025008
1G1RA6S58H,King,Shoreline,WA,98133,2017,CHEVROLET,VOLT,Plug-in Hybrid Electric Vehicle (PHEV),Clean Alternative Fuel Vehicle Eligible,53,32.0,243493806,POINT (-122.33364 47.73709),CITY OF SEATTLE - (WA)|CITY OF TACOMA - (WA),53033020800
1N4BZ0CP9G,King,Seattle,WA,98115,2016,NISSAN,LEAF,Battery Electric Vehicle (BEV),Clean Alternative Fuel Vehicle Eligible,84,46.0,102493835,POINT (-122.31676 47.68156),CITY OF SEATTLE - (WA)|CITY OF TACOMA - (WA),53033002000
1C4RJXN69R,King,Bothell,WA,98011,2024,JEEP,WRANGLER,Plug-in Hybrid Electric Vehicle (PHEV),Not eligible due to low battery range,21,1.0,267295773,POINT (-122.20563 47.76144),PUGET SOUND ENERGY INC||CITY OF TACOMA - (WA),53033021804
3C3CFFGE9F,King,Kirkland,WA,98034,2015,FIAT,500,Battery Electric Vehicle (BEV),Clean Alternative Fuel Vehicle Eligible,87,45.0,210404463,POINT (-122.22901 47.72201),PUGET SOUND ENERGY INC||CITY OF TACOMA - (WA),53033022006
1G1FX6S00H,Clark,Vancouver,WA,98665,2017,CHEVROLET,BOLT EV,Battery Electric Vehicle (BEV),Clean Alternative Fuel Vehicle Eligible,238,49.0,142639661,POINT (-122.64443 45.67871),BONNEVILLE POWER ADMINISTRATION||PUD NO 1 OF CLARK COUNTY - (WA),53011041007
WAUTPBFF4G,King,Seattle,WA,98125,2016,AUDI,A3,Plug-in Hybrid Electric Vehicle (PHEV),Not eligible due to low battery range,16,46.0,205653885,POINT (-122.30253 47.72656),CITY OF SEATTLE - (WA)|CITY OF TACOMA - (WA),53033000900
5YJYGDEF7L,King,Seattle,WA,98146,2020,TESLA,MODEL Y,Battery Electric Vehicle (BEV),Clean Alternative Fuel Vehicle Eligible,291,34.0,112896577,POINT (-122.36322 47.49736),CITY OF SEATTLE - (WA)|CITY OF TACOMA - (WA),53033012100
2C4RC1S72M,Pierce,University Place,WA,98466,2021,CHRYSLER,PACIFICA,Plug-in Hybrid Electric Vehicle (PHEV),Clean Alternative Fuel Vehicle Eligible,32,28.0,148193314,POINT (-122.53781 47.23075),BONNEVILLE POWER ADMINISTRATION||CITY OF TACOMA - (WA)||PENINSULA LIGHT COMPANY,53053072310
2C4RC1N77K,Pierce,Orting,WA,98360,2019,CHRYSLER,PACIFICA,Plug-in Hybrid Electric Vehicle (PHEV),Clean Alternative Fuel Vehicle Eligible,32,2.0,286317293,POINT (-122.20166 47.09596),PUGET SOUND ENERGY INC||CITY OF TACOMA - (WA),53053070403
ZACPDFDW3R,Yakima,Sunnyside,WA,98944,2024,DODGE,HORNET,Plug-in Hybrid Electric Vehicle (PHEV),Clean Alternative Fuel Vehicle Eligible,32,15.0,270200395,POINT (-120.00976 46.32379),BONNEVILLE POWER ADMINISTRATION||PACIFICORP||BENTON RURAL ELECTRIC ASSN,53077002003
1N4AZ1CP6J,King,Sammamish,WA,98074,2018,NISSAN,LEAF,Battery Electric Vehicle (BEV),Clean Alternative Fuel Vehicle Eligible,151,45.0,207755775,POINT (-122.02054 47.60326),PUGET SOUND ENERGY INC||CITY OF TACOMA - (WA),53033032318
5YJ3E1EA3J,King,Lake Forest Park,WA,98155,2018,TESLA,MODEL 3,Battery Electric Vehicle (BEV),Clean Alternative Fuel Vehicle Eligible,215,46.0,237843882,POINT (-122.30304 47.75494),CITY OF SEATTLE - (WA)|CITY OF TACOMA - (WA),53033021300
5YJYGDEE6L,King,Redmond,WA,98052,2020,TESLA,MODEL Y,Battery Electric Vehicle (BEV),Clean Alternative Fuel Vehicle Eligible,291,45.0,113065697,POINT (-122.13158 47.67858),PUGET SOUND ENERGY INC||CITY OF TACOMA - (WA),53033032321
5YJ3E1EA9J,Snohomish,Marysville,WA,98271,2018,TESLA,MODEL 3,Battery Electric Vehicle (BEV),Clean Alternative Fuel Vehicle Eligible,215,38.0,277117305,POINT (-122.17138 48.10433),PUGET SOUND ENERGY INC,53061940002
KNDCS3LF2R,Pierce,Tacoma,WA,98444,2024,KIA,NIRO,Plug-in Hybrid Electric Vehicle (PHEV),Clean Alternative Fuel Vehicle Eligible,33,29.0,271338833,POINT (-122.43827 47.154),BONNEVILLE POWER ADMINISTRATION||CITY OF TACOMA - (WA)||LAKEVIEW LIGHT & POWER|PENINSULA LIGHT COMPANY,53053071704
LPSED3KA1M,Skamania,Stevenson,WA,98648,2021,POLESTAR,PS2,Battery Electric Vehicle (BEV),Clean Alternative Fuel Vehicle Eligible,233,14.0,236351027,POINT (-121.88258 45.69417),BONNEVILLE POWER ADMINISTRATION||PUD NO 1 OF SKAMANIA CO,53059950300
ZACPDFDW3R,Pierce,Tacoma,WA,98444,2024,DODGE,HORNET,Plug-in Hybrid Electric Vehicle (PHEV),Clean Alternative Fuel Vehicle Eligible,32,29.0,258850672,POINT (-122.43827 47.154),BONNEVILLE POWER ADMINISTRATION||CITY OF TACOMA - (WA)||LAKEVIEW LIGHT & POWER|PENINSULA LIGHT COMPANY,53053071704
JTMEB3FV8R,King,Seattle,WA,98125,2024,TOYOTA,RAV4 PRIME (PHEV),Plug-in Hybrid Electric Vehicle (PHEV),Clean Alternative Fuel Vehicle Eligible,42,46.0,262672581,POINT (-122.30253 47.72656),CITY OF SEATTLE - (WA)|CITY OF TACOMA - (WA),53033000202
1G1FY6S00K,King,Seattle,WA,98117,2019,CHEVROLET,BOLT EV,Battery Electric Vehicle (BEV),Clean Alternative Fuel Vehicle Eligible,238,36.0,201960678,POINT (-122.38418 47.70044),CITY OF SEATTLE - (WA)|CITY OF TACOMA - (WA),53033003202
ZACPDFCW9R,King,Tukwila,WA,98188,2024,DODGE,HORNET,Plug-in Hybrid Electric Vehicle (PHEV),Clean Alternative Fuel Vehicle Eligible,32,11.0,262798588,POINT (-122.27979 47.44952),PUGET SOUND ENERGY INC||CITY OF TACOMA - (WA),53033028200
1G1RA6E46D,Clark,Vancouver,WA,98683,2013,CHEVROLET,VOLT,Plug-in Hybrid Electric Vehicle (PHEV),Clean Alternative Fuel Vehicle Eligible,38,17.0,193274574,POINT (-122.49212 45.60365),BONNEVILLE POWER ADMINISTRATION||PUD NO 1 OF CLARK COUNTY - (WA),53011041323
1C4JJXP65N,Pierce,Buckley,WA,98321,2022,JEEP,WRANGLER,Plug-in Hybrid Electric Vehicle (PHEV),Not eligible due to low battery range,21,31.0,266993345,POINT (-122.02523 47.16299),PUGET SOUND ENERGY INC||CITY OF TACOMA - (WA),53053070207
JTMFB3FV7S,King,Seattle,WA,98125,2025,TOYOTA,RAV4 PRIME (PHEV),Plug-in Hybrid Electric Vehicle (PHEV),Clean Alternative Fuel Vehicle Eligible,42,46.0,285228660,POINT (-122.30253 47.72656),CITY OF SEATTLE - (WA)|CITY OF TACOMA - (WA),53033000700
5YJ3E1EB0L,Pierce,Bonney Lake,WA,98391,2020,TESLA,MODEL 3,Battery Electric Vehicle (BEV),Clean Alternative Fuel Vehicle Eligible,322,31.0,195051370,POINT (-122.17144 47.19175),PUGET SOUND ENERGY INC||CITY OF TACOMA - (WA),53053070208
5YJ3E1EB5K,Benton,Richland,WA,99354,2019,TESLA,MODEL 3,Battery Electric Vehicle (BEV),Clean Alternative Fuel Vehicle Eligible,220,8.0,476348855,POINT (-119.26844 46.31484),BONNEVILLE POWER ADMINISTRATION||CITY OF RICHLAND - (WA),53005010100
5YJ3E1EB5L,Cowlitz,Castle Rock,WA,98611,2020,TESLA,MODEL 3,Battery Electric Vehicle (BEV),Clean Alternative Fuel Vehicle Eligible,322,20.0,252499859,POINT (-122.90724 46.27509),BONNEVILLE POWER ADMINISTRATION||PUD NO 1 OF COWLITZ COUNTY,53015002003
5YJ3E1EAXL,Snohomish,Everett,WA,98204,2020,TESLA,MODEL 3,Battery Electric Vehicle (BEV),Clean Alternative Fuel Vehicle Eligible,266,21.0,260548942,POINT (-122.27557 47.88936),PUGET SOUND ENERGY INC,53061041901
5YJ3E1EB8L,King,Duvall,WA,98019,2020,TESLA,MODEL 3,Battery Electric Vehicle (BEV),Clean Alternative Fuel Vehicle Eligible,322,45.0,104312540,POINT (-121.98609 47.74068),PUGET SOUND ENERGY INC||CITY OF TACOMA - (WA),53033032402
5YJXCBE22H,King,Auburn,WA,98092,2017,TESLA,MODEL X,Battery Electric Vehicle (BEV),Clean Alternative Fuel Vehicle Eligible,200,47.0,263113882,POINT (-122.18262 47.31825),PUGET SOUND ENERGY INC||CITY OF TACOMA - (WA),53033029602
2C4RC1S74N,King,Fall City,WA,98024,2022,CHRYSLER,PACIFICA,Plug-in Hybrid Electric Vehicle (PHEV),Clean Alternative Fuel Vehicle Eligible,32,5.0,207214703,POINT (-121.89086 47.56812),PUGET SOUND ENERGY INC||CITY OF TACOMA - (WA),53033032601
WP0AB2Y10M,King,Seattle,WA,98101,2021,PORSCHE,TAYCAN,Battery Electric Vehicle (BEV),Clean Alternative Fuel Vehicle Eligible,203,43.0,255058002,POINT (-122.34223 47.61085),CITY OF SEATTLE - (WA)|CITY OF TACOMA - (WA),53033008101
YV4H60RJ4S,King,Renton,WA,98058,2025,VOLVO,XC60,Plug-in Hybrid Electric Vehicle (PHEV),Clean Alternative Fuel Vehicle Eligible,35,11.0,271324609,POINT (-122.08747 47.4466),PUGET SOUND ENERGY INC||CITY OF TACOMA - (WA),53033029304
WBY1Z6C39H,King,Vashon,WA,98070,2017,BMW,I3,Battery Electric Vehicle (BEV),Clean Alternative Fuel Vehicle Eligible,81,34.0,195697127,POINT (-122.4573 47.44929),PUGET SOUND ENERGY INC||CITY OF TACOMA - (WA),53033027701
KNDPZDDH3S,Pierce,Lake Tapps,WA,98391,2025,KIA,SPORTAGE,Plug-in Hybrid Electric Vehicle (PHEV),Clean Alternative Fuel Vehicle Eligible,34,31.0,277140664,POINT (-122.17144 47.19175),PUGET SOUND ENERGY INC||CITY OF TACOMA - (WA),53053070314
1G1RB6E4XD,Jefferson,Port Townsend,WA,98368,2013,CHEVROLET,VOLT,Plug-in Hybrid Electric Vehicle (PHEV),Clean Alternative Fuel Vehicle Eligible,38,24.0,107030941,POINT (-122.77263 48.1212),BONNEVILLE POWER ADMINISTRATION||PUGET SOUND ENERGY INC||PUD NO 1 OF JEFFERSON COUNTY,53031950604
1C4RJXR62R,Snohomish,Monroe,WA,98272,2024,JEEP,WRANGLER,Plug-in Hybrid Electric Vehicle (PHEV),Not eligible due to low battery range,21,39.0,274295577,POINT (-121.98087 47.8526),PUGET SOUND ENERGY INC,53061052203
5YJSA1E22L,Clark,Camas,WA,98607,2020,TESLA,MODEL S,Battery Electric Vehicle (BEV),Clean Alternative Fuel Vehicle Eligible,330,18.0,220366226,POINT (-122.40199 45.58694),BONNEVILLE POWER ADMINISTRATION||PUD NO 1 OF CLARK COUNTY - (WA),53011041400
5YJSA1DN9D,Clark,Vancouver,WA,98684,2013,TESLA,MODEL S,Battery Electric Vehicle (BEV),Clean Alternative Fuel Vehicle Eligible,208,17.0,277574867,POINT (-122.48723 45.63701),BONNEVILLE POWER ADMINISTRATION||PUD NO 1 OF CLARK COUNTY - (WA),53011041317
5YJSA1E20G,King,Woodinville,WA,98072,2016,TESLA,MODEL S,Battery Electric Vehicle (BEV),Clean Alternative Fuel Vehicle Eligible,210,45.0,196687200,POINT (-122.15545 47.75448),PUGET SOUND ENERGY INC||CITY OF TACOMA - (WA),53033032307
5UXTA6C06M,King,Seattle,WA,98103,2021,BMW,X5,Plug-in Hybrid Electric Vehicle (PHEV),Clean Alternative Fuel Vehicle Eligible,30,43.0,156578894,POINT (-122.35436 47.67596),CITY OF SEATTLE - (WA)|CITY OF TACOMA - (WA),53033005000
JTMFB3FV6M,Kitsap,Bremerton,WA,98311,2021,TOYOTA,RAV4 PRIME (PHEV),Plug-in Hybrid Electric Vehicle (PHEV),Clean Alternative Fuel Vehicle Eligible,42,23.0,145436392,POINT (-122.60915 47.62631),PUGET SOUND ENERGY INC,53035091204
5YJ3E1EB6J,King,Kirkland,WA,98033,2018,TESLA,MODEL 3,Battery Electric Vehicle (BEV),Clean Alternative Fuel Vehicle Eligible,215,48.0,476422782,POINT (-122.2066 47.67887),PUGET SOUND ENERGY INC||CITY OF TACOMA - (WA),53033022501
1N4AZ0CP6F,King,Vashon,WA,98070,2015,NISSAN,LEAF,Battery Electric Vehicle (BEV),Clean Alternative Fuel Vehicle Eligible,84,34.0,205505247,POINT (-122.4573 47.44929),PUGET SOUND ENERGY INC||CITY OF TACOMA - (WA),53033027701
1C4JJXN62P,King,Beaux Arts,WA,98004,2023,JEEP,WRANGLER,Plug-in Hybrid Electric Vehicle (PHEV),Not eligible due to low battery range,21,41.0,233888259,POINT (-122.1872 47.61001),PUGET SOUND ENERGY INC||CITY OF TACOMA - (WA),53033023901
KNDCS3LF9P,Kitsap,Bremerton,WA,98311,2023,KIA,NIRO,Plug-in Hybrid Electric Vehicle (PHEV),Clean Alternative Fuel Vehicle Eligible,33,23.0,224619363,POINT (-122.60915 47.62631),PUGET SOUND ENERGY INC,53035091702
JTDKAMFP7N,Snohomish,Lynnwood,WA,98037,2022,TOYOTA,PRIUS PRIME (PHEV),Plug-in Hybrid Electric Vehicle (PHEV),Not eligible due to low battery range,25,32.0,261968381,POINT (-122.27734 47.83785),PUGET SOUND ENERGY INC,53061051802
1G1RD6S56J,King,Kent,WA,98031,2018,CHEVROLET,VOLT,Plug-in Hybrid Electric Vehicle (PHEV),Clean Alternative Fuel Vehicle Eligible,53,33.0,290515102,POINT (-122.17743 47.41185),PUGET SOUND ENERGY INC||CITY OF TACOMA - (WA),53033029305
KM8K53AG8L,Clark,Brush Prairie,WA,98606,2020,HYUNDAI,KONA,Battery Electric Vehicle (BEV),Clean Alternative Fuel Vehicle Eligible,258,18.0,122442715,POINT (-122.54578 45.73473),BONNEVILLE POWER ADMINISTRATION||PUD NO 1 OF CLARK COUNTY - (WA),53011040603
KMHC75LD9N,King,Seattle,WA,98133,2022,HYUNDAI,IONIQ,Plug-in Hybrid Electric Vehicle (PHEV),Not eligible due to low battery range,29,32.0,280441003,POINT (-122.33364 47.73709),CITY OF SEATTLE - (WA)|CITY OF TACOMA - (WA),53033000402
WBY1Z2C58F,Snohomish,Everett,WA,98208,2015,BMW,I3,Battery Electric Vehicle (BEV),Clean Alternative Fuel Vehicle Eligible,81,38.0,168630122,POINT (-122.18637 47.89251),PUGET SOUND ENERGY INC,53061041805
JTJKKCFZ7T,King,Renton,WA,98055,2026,LEXUS,NX,Plug-in Hybrid Electric Vehicle (PHEV),Clean Alternative Fuel Vehicle Eligible,37,11.0,287224717,POINT (-122.19488 47.44035),PUGET SOUND ENERGY INC||CITY OF TACOMA - (WA),53033029308
1N4BZ1CP1K,Snohomish,Snohomish,WA,98296,2019,NISSAN,LEAF,Battery Electric Vehicle (BEV),Clean Alternative Fuel Vehicle Eligible,150,1.0,121646780,POINT (-122.1389 47.87115),PUGET SOUND ENERGY INC,53061052113
1G1RA6S52H,King,Seattle,WA,98119,2017,CHEVROLET,VOLT,Plug-in Hybrid Electric Vehicle (PHEV),Clean Alternative Fuel Vehicle Eligible,53,36.0,349415447,POINT (-122.3684 47.64586),CITY OF SEATTLE - (WA)|CITY OF TACOMA - (WA),53033006800
JTMAB3FV4S,King,Bellevue,WA,98004,2025,TOYOTA,RAV4 PRIME (PHEV),Plug-in Hybrid Electric Vehicle (PHEV),Clean Alternative Fuel Vehicle Eligible,42,41.0,277565935,POINT (-122.1872 47.61001),PUGET SOUND ENERGY INC||CITY OF TACOMA - (WA),53033023901
5YJ3E1ECXL,Clark,Camas,WA,98607,2020,TESLA,MODEL 3,Battery Electric Vehicle (BEV),Clean Alternative Fuel Vehicle Eligible,308,18.0,124430827,POINT (-122.40199 45.58694),BONNEVILLE POWER ADMINISTRATION||PUD NO 1 OF CLARK COUNTY - (WA),53011040610
KNDRMDLH0N,Kitsap,Poulsbo,WA,98370,2022,KIA,SORENTO,Plug-in Hybrid Electric Vehicle (PHEV),Clean Alternative Fuel Vehicle Eligible,32,23.0,215093938,POINT (-122.64681 47.73689),PUGET SOUND ENERGY INC,53035090400
WAUUPBFF2J,Snohomish,Mill Creek,WA,98012,2018,AUDI,A3,Plug-in Hybrid Electric Vehicle (PHEV),Not eligible due to low battery range,16,44.0,237896795,POINT (-122.20105 47.84423),PUGET SOUND ENERGY INC,53061052004
5UX43EU04R,King,Newcastle,WA,98059,2024,BMW,X5,Plug-in Hybrid Electric Vehicle (PHEV),Clean Alternative Fuel Vehicle Eligible,39,41.0,254836858,POINT (-122.11589 47.50243),PUGET SOUND ENERGY INC||CITY OF TACOMA - (WA),53033025005
1FADP5CU3D,Kittitas,Ellensburg,WA,98926,2013,FORD,C-MAX,Plug-in Hybrid Electric Vehicle (PHEV),Not eligible due to low battery range,19,13.0,251115756,POINT (-120.54872 46.99703),PUGET SOUND ENERGY INC,53037975202
WMEFJ9BA2H,Cowlitz,Longview,WA,98632,2017,SMART,FORTWO,Battery Electric Vehicle (BEV),Clean Alternative Fuel Vehicle Eligible,58,19.0,171093030,POINT (-122.95058 46.14681),BONNEVILLE POWER ADMINISTRATION||PUD NO 1 OF COWLITZ COUNTY,53015002100
1N4BZ0CP6H,King,Seattle,WA,98115,2017,NISSAN,LEAF,Battery Electric Vehicle (BEV),Clean Alternative Fuel Vehicle Eligible,107,46.0,299666104,POINT (-122.31676 47.68156),CITY OF SEATTLE - (WA)|CITY OF TACOMA - (WA),53033002000
JTMEB3FVXS,Pierce,Gig Harbor,WA,98329,2025,TOYOTA,RAV4 PRIME (PHEV),Plug-in Hybrid Electric Vehicle (PHEV),Clean Alternative Fuel Vehicle Eligible,42,26.0,280709964,POINT (-122.6658 47.38336),BONNEVILLE POWER ADMINISTRATION||CITY OF TACOMA - (WA)||PENINSULA LIGHT COMPANY,53053072601
JTDKAMFP7M,King,Kirkland,WA,98033,2021,TOYOTA,PRIUS PRIME (PHEV),Plug-in Hybrid Electric Vehicle (PHEV),Not eligible due to low battery range,25,48.0,131325463,POINT (-122.2066 47.67887),PUGET SOUND ENERGY INC||CITY OF TACOMA - (WA),53033022604
WA1E2AFY3P,King,Bellevue,WA,98004,2023,AUDI,Q5 E,Plug-in Hybrid Electric Vehicle (PHEV),Not eligible due to low battery range,23,41.0,282504925,POINT (-122.1872 47.61001),PUGET SOUND ENERGY INC||CITY OF TACOMA - (WA),53033023901
JTMFB3FV2S,Walla Walla,Walla Walla,WA,99362,2025,TOYOTA,RAV4 PRIME (PHEV),Plug-in Hybrid Electric Vehicle (PHEV),Clean Alternative Fuel Vehicle Eligible,42,16.0,288972631,POINT (-118.34261 46.07068),PACIFICORP,53071920902
WVWKR7AUXK,Spokane,Spokane,WA,99223,2019,VOLKSWAGEN,E-GOLF,Battery Electric Vehicle (BEV),Clean Alternative Fuel Vehicle Eligible,125,6.0,207658461,POINT (-117.36043 47.63396),BONNEVILLE POWER ADMINISTRATION||AVISTA CORP||INLAND POWER & LIGHT COMPANY,53063004800
1G1RD6E46B,Kitsap,Bremerton,WA,98312,2011,CHEVROLET,VOLT,Plug-in Hybrid Electric Vehicle (PHEV),Clean Alternative Fuel Vehicle Eligible,35,35.0,261356392,POINT (-122.65223 47.57192),PUGET SOUND ENERGY INC,53035080600
1N4BZ1CP1K,Snohomish,Edmonds,WA,98020,2019,NISSAN,LEAF,Battery Electric Vehicle (BEV),Clean Alternative Fuel Vehicle Eligible,150,21.0,108869253,POINT (-122.37689 47.81116),PUGET SOUND ENERGY INC,53061050501
4JGFB4GB9S,King,Seattle,WA,98199,2025,MERCEDES-BENZ,GLE-CLASS,Plug-in Hybrid Electric Vehicle (PHEV),Clean Alternative Fuel Vehicle Eligible,49,36.0,279129252,POINT (-122.40092 47.65908),CITY OF SEATTLE - (WA)|CITY OF TACOMA - (WA),53033005600
5YJYGDEE7L,Skagit,Anacortes,WA,98221,2020,TESLA,MODEL Y,Battery Electric Vehicle (BEV),Clean Alternative Fuel Vehicle Eligible,291,10.0,270157247,POINT (-122.61216 48.51749),PUGET SOUND ENERGY INC,53057940302
JTMEB3FV9N,Klickitat,Trout Lake,WA,98650,2022,TOYOTA,RAV4 PRIME (PHEV),Plug-in Hybrid Electric Vehicle (PHEV),Clean Alternative Fuel Vehicle Eligible,42,14.0,195342171,POINT (-121.52529 45.99588),BONNEVILLE POWER ADMINISTRATION||PUD NO 1 OF KLICKITAT COUNTY,53039950302
1C4RJYE60R,Pierce,Gig Harbor,WA,98332,2024,JEEP,GRAND CHEROKEE,Plug-in Hybrid Electric Vehicle (PHEV),Not eligible due to low battery range,25,26.0,272944983,POINT (-122.58964 47.34235),BONNEVILLE POWER ADMINISTRATION||CITY OF TACOMA - (WA)||PENINSULA LIGHT COMPANY,53053072509
5YJ3E1EB4J,King,Seattle,WA,98103,2018,TESLA,MODEL 3,Battery Electric Vehicle (BEV),Clean Alternative Fuel Vehicle Eligible,215,43.0,475508897,POINT (-122.35436 47.67596),CITY OF SEATTLE - (WA)|CITY OF TACOMA - (WA),53033005401
WVWPR7AU6K,King,Bothell,WA,98011,2019,VOLKSWAGEN,E-GOLF,Battery Electric Vehicle (BEV),Clean Alternative Fuel Vehicle Eligible,125,1.0,4603315,POINT (-122.20563 47.76144),PUGET SOUND ENERGY INC||CITY OF TACOMA - (WA),53033022001
KNDJX3AE8J,King,Issaquah,WA,98029,2018,KIA,SOUL,Battery Electric Vehicle (BEV),Clean Alternative Fuel Vehicle Eligible,111,5.0,309088664,POINT (-122.01656 47.57118),PUGET SOUND ENERGY INC||CITY OF TACOMA - (WA),53033032220
KMHCX5LD7N,Snohomish,Monroe,WA,98272,2022,HYUNDAI,IONIQ,Plug-in Hybrid Electric Vehicle (PHEV),Not eligible due to low battery range,29,39.0,187426781,POINT (-121.98087 47.8526),PUGET SOUND ENERGY INC,53061052113
1C4RJXU61R,King,Redmond,WA,98072,2024,JEEP,WRANGLER,Plug-in Hybrid Electric Vehicle (PHEV),Not eligible due to low battery range,21,45.0,272822924,POINT (-122.15545 47.75448),PUGET SOUND ENERGY INC||CITY OF TACOMA - (WA),53033032327
WBY1Z8C33H,King,Lake Forest Park,WA,98155,2017,BMW,I3,Plug-in Hybrid Electric Vehicle (PHEV),Clean Alternative Fuel Vehicle Eligible,97,46.0,104890985,POINT (-122.30304 47.75494),CITY OF SEATTLE - (WA)|CITY OF TACOMA - (WA),53033021400
3FA6P0SU4K,Clark,Vancouver,WA,98682,2019,FORD,FUSION,Plug-in Hybrid Electric Vehicle (PHEV),Not eligible due to low battery range,26,17.0,283134659,POINT (-122.55149 45.69345),BONNEVILLE POWER ADMINISTRATION||PUD NO 1 OF CLARK COUNTY - (WA),53011040713
5YJYGDEE9L,Whatcom,Point Roberts,WA,98281,2020,TESLA,MODEL Y,Battery Electric Vehicle (BEV),Clean Alternative Fuel Vehicle Eligible,291,42.0,116544543,POINT (-123.05688 48.98867),PUGET SOUND ENERGY INC||PUD NO 1 OF WHATCOM COUNTY,53073011000
1N4AZ0CP8G,King,Shoreline,WA,98155,2016,NISSAN,LEAF,Battery Electric Vehicle (BEV),Clean Alternative Fuel Vehicle Eligible,84,32.0,157693021,POINT (-122.30304 47.75494),CITY OF SEATTLE - (WA)|CITY OF TACOMA - (WA),53033020401
5UXTA6C04P,King,Newcastle,WA,98056,2023,BMW,X5,Plug-in Hybrid Electric Vehicle (PHEV),Clean Alternative Fuel Vehicle Eligible,30,41.0,230089583,POINT (-122.18839 47.51197),PUGET SOUND ENERGY INC||CITY OF TACOMA - (WA),53033024703
JTMEB3FV7P,King,Seattle,WA,98125,2023,TOYOTA,RAV4 PRIME (PHEV),Plug-in Hybrid Electric Vehicle (PHEV),Clean Alternative Fuel Vehicle Eligible,42,46.0,290310940,POINT (-122.30253 47.72656),CITY OF SEATTLE - (WA)|CITY OF TACOMA - (WA),53033000700
1G1FW6S07H,Cowlitz,Kalama,WA,98625,2017,CHEVROLET,BOLT EV,Battery Electric Vehicle (BEV),Clean Alternative Fuel Vehicle Eligible,238,20.0,111573311,POINT (-122.84226 46.00813),BONNEVILLE POWER ADMINISTRATION||PUD NO 1 OF COWLITZ COUNTY,53015001601
WAUUPBFF1H,Pierce,Tacoma,WA,98422,2017,AUDI,A3,Plug-in Hybrid Electric Vehicle (PHEV),Not eligible due to low battery range,16,27.0,6181472,POINT (-122.37683 47.28642),BONNEVILLE POWER ADMINISTRATION||CITY OF TACOMA - (WA)||PENINSULA LIGHT COMPANY,53053940001
5UXTA6C01N,King,Seattle,WA,98112,2022,BMW,X5,Plug-in Hybrid Electric Vehicle (PHEV),Clean Alternative Fuel Vehicle Eligible,30,43.0,198243181,POINT (-122.30207 47.64085),CITY OF SEATTLE - (WA)|CITY OF TACOMA - (WA),53033006300
ZACPDFCW4R,King,Tukwila,WA,98188,2024,DODGE,HORNET,Plug-in Hybrid Electric Vehicle (PHEV),Clean Alternative Fuel Vehicle Eligible,32,11.0,262169449,POINT (-122.27979 47.44952),PUGET SOUND ENERGY INC||CITY OF TACOMA - (WA),53033028200
1N4AZ0CP3F,King,Seattle,WA,98115,2015,NISSAN,LEAF,Battery Electric Vehicle (BEV),Clean Alternative Fuel Vehicle Eligible,84,46.0,2955403,POINT (-122.31676 47.68156),CITY OF SEATTLE - (WA)|CITY OF TACOMA - (WA),53033002000
5UX43EU00S,King,Seattle,WA,98105,2025,BMW,X5,Plug-in Hybrid Electric Vehicle (PHEV),Clean Alternative Fuel Vehicle Eligible,40,43.0,272398360,POINT (-122.31307 47.66127),CITY OF SEATTLE - (WA)|CITY OF TACOMA - (WA),53033004500
5YJSA1E2XJ,King,Redmond,WA,98053,2018,TESLA,MODEL S,Battery Electric Vehicle (BEV),Clean Alternative Fuel Vehicle Eligible,249,45.0,270919785,POINT (-122.03287 47.68555),PUGET SOUND ENERGY INC||CITY OF TACOMA - (WA),53033032333
WBY2Z2C55F,Island,Coupeville,WA,98239,2015,BMW,I8,Plug-in Hybrid Electric Vehicle (PHEV),Not eligible due to low battery range,14,10.0,4889958,POINT (-122.68558 48.21857),PUGET SOUND ENERGY INC,53029971100
1FADP3R4XH,Snohomish,Mountlake Terrace,WA,98043,2017,FORD,FOCUS,Battery Electric Vehicle (BEV),Clean Alternative Fuel Vehicle Eligible,100,1.0,118367133,POINT (-122.31111 47.78803),PUGET SOUND ENERGY INC,53061051100
JTDKN3DP8E,Benton,Kennewick,WA,99338,2014,TOYOTA,PRIUS,Plug-in Hybrid Electric Vehicle (PHEV),Not eligible due to low battery range,6,8.0,211474378,POINT (-119.3118 46.20665),BONNEVILLE POWER ADMINISTRATION||PUD NO 1 OF BENTON COUNTY,53005010815
5YJXCBE4XL,Whatcom,Bellingham,WA,98229,2020,TESLA,MODEL X,Battery Electric Vehicle (BEV),Clean Alternative Fuel Vehicle Eligible,293,40.0,3405286,POINT (-122.45486 48.7449),PUGET SOUND ENERGY INC||PUD NO 1 OF WHATCOM COUNTY,53073001202
ZACPDFCW2R,King,Tukwila,WA,98188,2024,DODGE,HORNET,Plug-in Hybrid Electric Vehicle (PHEV),Clean Alternative Fuel Vehicle Eligible,32,11.0,262652652,POINT (-122.27979 47.44952),PUGET SOUND ENERGY INC||CITY OF TACOMA - (WA),53033028200
JHMZC5F34J,King,Seattle,WA,98112,2018,HONDA,CLARITY,Plug-in Hybrid Electric Vehicle (PHEV),Clean Alternative Fuel Vehicle Eligible,47,43.0,208696904,POINT (-122.30207 47.64085),CITY OF SEATTLE - (WA)|CITY OF TACOMA - (WA),53033006400
KNDPZDDH9S,Thurston,Tumwater,WA,98512,2025,KIA,SPORTAGE,Plug-in Hybrid Electric Vehicle (PHEV),Clean Alternative Fuel Vehicle Eligible,34,22.0,285082374,POINT (-123.04078 46.94792),PUGET SOUND ENERGY INC,53067010910
5YJ3E1EA9K,King,Renton,WA,98056,2019,TESLA,MODEL 3,Battery Electric Vehicle (BEV),Clean Alternative Fuel Vehicle Eligible,220,11.0,475746813,POINT (-122.18839 47.51197),PUGET SOUND ENERGY INC||CITY OF TACOMA - (WA),53033025601
5YJ3E1EAXJ,King,Bellevue,WA,98004,2018,TESLA,MODEL 3,Battery Electric Vehicle (BEV),Clean Alternative Fuel Vehicle Eligible,215,41.0,290647542,POINT (-122.1872 47.61001),PUGET SOUND ENERGY INC||CITY OF TACOMA - (WA),53033023901
5YJ3E1EBXJ,Snohomish,Lake Stevens,WA,98258,2018,TESLA,MODEL 3,Battery Electric Vehicle (BEV),Clean Alternative Fuel Vehicle Eligible,215,44.0,229541644,POINT (-122.06402 48.01497),PUGET SOUND ENERGY INC,53061052605
KNDJX3AE5G,King,Bellevue,WA,98006,2016,KIA,SOUL,Battery Electric Vehicle (BEV),Clean Alternative Fuel Vehicle Eligible,93,41.0,157758142,POINT (-122.12096 47.55584),PUGET SOUND ENERGY INC||CITY OF TACOMA - (WA),53033024800
JTDKARFP3J,Clark,Vancouver,WA,98685,2018,TOYOTA,PRIUS PRIME (PHEV),Plug-in Hybrid Electric Vehicle (PHEV),Not eligible due to low battery range,25,18.0,261263096,POINT (-122.70303 45.70954),BONNEVILLE POWER ADMINISTRATION||PUD NO 1 OF CLARK COUNTY - (WA),53011040908
5YJSA1E4XK,Pierce,Bonney Lake,WA,98391,2019,TESLA,MODEL S,Battery Electric Vehicle (BEV),Clean Alternative Fuel Vehicle Eligible,270,31.0,279263288,POINT (-122.17144 47.19175),PUGET SOUND ENERGY INC||CITY OF TACOMA - (WA),53053070313
JTDKAMFP2M,King,Shoreline,WA,98133,2021,TOYOTA,PRIUS PRIME (PHEV),Plug-in Hybrid Electric Vehicle (PHEV),Not eligible due to low battery range,25,32.0,141796350,POINT (-122.33364 47.73709),CITY OF SEATTLE - (WA)|CITY OF TACOMA - (WA),53033020700
WA1E2AFY7L,Kitsap,Bainbridge Island,WA,98110,2020,AUDI,Q5 E,Plug-in Hybrid Electric Vehicle (PHEV),Not eligible due to low battery range,20,23.0,277958292,POINT (-122.521 47.62732),PUGET SOUND ENERGY INC,53035091002
WA1F2AFY0R,King,Seattle,WA,98121,2024,AUDI,Q5 E,Plug-in Hybrid Electric Vehicle (PHEV),Not eligible due to low battery range,23,36.0,265434620,POINT (-122.34468 47.61578),CITY OF SEATTLE - (WA)|CITY OF TACOMA - (WA),53033007201
WA1E2AFY9L,King,Mercer Island,WA,98040,2020,AUDI,Q5 E,Plug-in Hybrid Electric Vehicle (PHEV),Not eligible due to low battery range,20,41.0,128710130,POINT (-122.21238 47.57816),PUGET SOUND ENERGY INC||CITY OF TACOMA - (WA),53033024302
WA1F2BFY1M,Whatcom,Bellingham,WA,98226,2021,AUDI,Q5 E,Plug-in Hybrid Electric Vehicle (PHEV),Not eligible due to low battery range,19,42.0,279899343,POINT (-122.49756 48.7999),PUGET SOUND ENERGY INC||PUD NO 1 OF WHATCOM COUNTY,53073000803
1FADP5CUXD,Pierce,Tacoma,WA,98422,2013,FORD,C-MAX,Plug-in Hybrid Electric Vehicle (PHEV),Not eligible due to low battery range,19,27.0,125942841,POINT (-122.37683 47.28642),BONNEVILLE POWER ADMINISTRATION||CITY OF TACOMA - (WA)||PENINSULA LIGHT COMPANY,53053940005
ZACPDFCW0R,King,Tukwila,WA,98188,2024,DODGE,HORNET,Plug-in Hybrid Electric Vehicle (PHEV),Clean Alternative Fuel Vehicle Eligible,32,11.0,262638099,POINT (-122.27979 47.44952),PUGET SOUND ENERGY INC||CITY OF TACOMA - (WA),53033028200
5YJ3E1EA8K,King,Seattle,WA,98103,2019,TESLA,MODEL 3,Battery Electric Vehicle (BEV),Clean Alternative Fuel Vehicle Eligible,220,43.0,476959227,POINT (-122.35436 47.67596),CITY OF SEATTLE - (WA)|CITY OF TACOMA - (WA),53033004902
JTDKARFP3J,Clark,Vancouver,WA,98665,2018,TOYOTA,PRIUS PRIME (PHEV),Plug-in Hybrid Electric Vehicle (PHEV),Not eligible due to low battery range,25,49.0,133037383,POINT (-122.64443 45.67871),BONNEVILLE POWER ADMINISTRATION||PUD NO 1 OF CLARK COUNTY - (WA),53011041010
5YJ3E1EA1L,Clark,Vancouver,WA,98660,2020,TESLA,MODEL 3,Battery Electric Vehicle (BEV),Clean Alternative Fuel Vehicle Eligible,266,49.0,115236047,POINT (-122.67156 45.63248),BONNEVILLE POWER ADMINISTRATION||PUD NO 1 OF CLARK COUNTY - (WA),53011042300
1N4AZ1CP6L,King,Kent,WA,98031,2020,NISSAN,LEAF,Battery Electric Vehicle (BEV),Clean Alternative Fuel Vehicle Eligible,149,47.0,157745248,POINT (-122.17743 47.41185),PUGET SOUND ENERGY INC||CITY OF TACOMA - (WA),53033029408
KMHC75LJ2L,Snohomish,Stanwood,WA,98292,2020,HYUNDAI,IONIQ,Battery Electric Vehicle (BEV),Clean Alternative Fuel Vehicle Eligible,170,10.0,266005344,POINT (-122.37265 48.24159),BONNEVILLE POWER ADMINISTRATION||PUD 1 OF SNOHOMISH COUNTY,53061053301
JTJHKCFZ5S,Pierce,Puyallup,WA,98371,2025,LEXUS,NX,Plug-in Hybrid Electric Vehicle (PHEV),Clean Alternative Fuel Vehicle Eligible,37,25.0,276360619,POINT (-122.29521 47.19045),PUGET SOUND ENERGY INC||CITY OF TACOMA - (WA),53053073404
1FADP5CU0G,Whatcom,Bellingham,WA,98226,2016,FORD,C-MAX,Plug-in Hybrid Electric Vehicle (PHEV),Not eligible due to low battery range,19,42.0,141805772,POINT (-122.49756 48.7999),PUGET SOUND ENERGY INC||PUD NO 1 OF WHATCOM COUNTY,53073940002
5YJ3E1EB0L,King,Renton,WA,98059,2020,TESLA,MODEL 3,Battery Electric Vehicle (BEV),Clean Alternative Fuel Vehicle Eligible,322,11.0,9810328,POINT (-122.11589 47.50243),PUGET SOUND ENERGY INC||CITY OF TACOMA - (WA),53033025602
KL8CL6S04F,Yakima,Yakima,WA,98908,2015,CHEVROLET,SPARK,Battery Electric Vehicle (BEV),Clean Alternative Fuel Vehicle Eligible,82,14.0,474130569,POINT (-120.60199 46.59817),PACIFICORP,53077000903
YV4BR0CL5L,Jefferson,Port Ludlow,WA,98365,2020,VOLVO,XC90,Plug-in Hybrid Electric Vehicle (PHEV),Not eligible due to low battery range,18,24.0,128679883,POINT (-122.68475 47.92989),BONNEVILLE POWER ADMINISTRATION||PUGET SOUND ENERGY INC||PUD NO 1 OF JEFFERSON COUNTY,53031950302
5YJ3E1EAXK,Pierce,University Place,WA,98466,2019,TESLA,MODEL 3,Battery Electric Vehicle (BEV),Clean Alternative Fuel Vehicle Eligible,220,28.0,6327170,POINT (-122.53781 47.23075),BONNEVILLE POWER ADMINISTRATION||CITY OF TACOMA - (WA)||PENINSULA LIGHT COMPANY,53053072310
1G1RF6E45D,Snohomish,Everett,WA,98201,2013,CHEVROLET,VOLT,Plug-in Hybrid Electric Vehicle (PHEV),Clean Alternative Fuel Vehicle Eligible,38,38.0,133393746,POINT (-122.20596 47.97659),PUGET SOUND ENERGY INC,53061040200
1N4AZ1CP1J,Mason,Shelton,WA,98584,2018,NISSAN,LEAF,Battery Electric Vehicle (BEV),Clean Alternative Fuel Vehicle Eligible,151,35.0,167316950,POINT (-123.10616 47.21253),BONNEVILLE POWER ADMINISTRATION||CITY OF TACOMA - (WA)||PUD NO 3 OF MASON COUNTY,53045961102
5YJYGDEE2L,King,Kirkland,WA,98033,2020,TESLA,MODEL Y,Battery Electric Vehicle (BEV),Clean Alternative Fuel Vehicle Eligible,291,48.0,110409869,POINT (-122.2066 47.67887),PUGET SOUND ENERGY INC||CITY OF TACOMA - (WA),53033022604
KNDCE3LG8K,King,Kirkland,WA,98033,2019,KIA,NIRO,Battery Electric Vehicle (BEV),Clean Alternative Fuel Vehicle Eligible,239,45.0,108821289,POINT (-122.2066 47.67887),PUGET SOUND ENERGY INC||CITY OF TACOMA - (WA),53033022603
WDDVP9AB0F,King,Seattle,WA,98122,2015,MERCEDES-BENZ,B-CLASS,Battery Electric Vehicle (BEV),Clean Alternative Fuel Vehicle Eligible,87,37.0,324904205,POINT (-122.31009 47.60803),CITY OF SEATTLE - (WA)|CITY OF TACOMA - (WA),53033008600
1G1FX6S0XH,Pierce,Tacoma,WA,98444,2017,CHEVROLET,BOLT EV,Battery Electric Vehicle (BEV),Clean Alternative Fuel Vehicle Eligible,238,29.0,282003865,POINT (-122.43827 47.154),BONNEVILLE POWER ADMINISTRATION||CITY OF TACOMA - (WA)||PARKLAND LIGHT & WATER COMPANY|PENINSULA LIGHT COMPANY,53053071504
1N4AZ0CP6G,King,Vashon,WA,98070,2016,NISSAN,LEAF,Battery Electric Vehicle (BEV),Clean Alternative Fuel Vehicle Eligible,84,34.0,194257528,POINT (-122.4573 47.44929),PUGET SOUND ENERGY INC||CITY OF TACOMA - (WA),53033027702
KNDPYDDH1S,Clark,Vancouver,WA,98682,2025,KIA,SPORTAGE,Plug-in Hybrid Electric Vehicle (PHEV),Clean Alternative Fuel Vehicle Eligible,34,17.0,285805467,POINT (-122.55149 45.69345),BONNEVILLE POWER ADMINISTRATION||PUD NO 1 OF CLARK COUNTY - (WA),53011041330
ZACPDFCW4R,King,Tukwila,WA,98188,2024,DODGE,HORNET,Plug-in Hybrid Electric Vehicle (PHEV),Clean Alternative Fuel Vehicle Eligible,32,11.0,261526436,POINT (-122.27979 47.44952),PUGET SOUND ENERGY INC||CITY OF TACOMA - (WA),53033028200
1C4RJYC67P,King,Redmond,WA,98052,2023,JEEP,GRAND CHEROKEE,Plug-in Hybrid Electric Vehicle (PHEV),Not eligible due to low battery range,25,48.0,257170637,POINT (-122.13158 47.67858),PUGET SOUND ENERGY INC||CITY OF TACOMA - (WA),53033032325
JTDKAMFP7N,King,Seattle,WA,98125,2022,TOYOTA,PRIUS PRIME (PHEV),Plug-in Hybrid Electric Vehicle (PHEV),Not eligible due to low battery range,25,46.0,281893328,POINT (-122.30253 47.72656),CITY OF SEATTLE - (WA)|CITY OF TACOMA - (WA),53033002200
JTMFB3FV3R,Thurston,Olympia,WA,98501,2024,TOYOTA,RAV4 PRIME (PHEV),Plug-in Hybrid Electric Vehicle (PHEV),Clean Alternative Fuel Vehicle Eligible,42,22.0,272119179,POINT (-122.89165 47.03954),PUGET SOUND ENERGY INC,53067010700
1G1RH6E46E,Pierce,Fife,WA,98424,2014,CHEVROLET,VOLT,Plug-in Hybrid Electric Vehicle (PHEV),Clean Alternative Fuel Vehicle Eligible,38,25.0,241669746,POINT (-122.37302 47.24714),BONNEVILLE POWER ADMINISTRATION||CITY OF TACOMA - (WA)||PENINSULA LIGHT COMPANY,53053940012
JTMEB3FVXR,Clark,Vancouver,WA,98683,2024,TOYOTA,RAV4 PRIME (PHEV),Plug-in Hybrid Electric Vehicle (PHEV),Clean Alternative Fuel Vehicle Eligible,42,17.0,273601212,POINT (-122.49212 45.60365),BONNEVILLE POWER ADMINISTRATION||PUD NO 1 OF CLARK COUNTY - (WA),53011041323
YV4BC0PL3H,King,Fall City,WA,98024,2017,VOLVO,XC90,Plug-in Hybrid Electric Vehicle (PHEV),Not eligible due to low battery range,14,5.0,228673574,POINT (-121.89086 47.56812),PUGET SOUND ENERGY INC||CITY OF TACOMA - (WA),53033032221
1FMCU0KZ9N,Pierce,Gig Harbor,WA,98332,2022,FORD,ESCAPE,Plug-in Hybrid Electric Vehicle (PHEV),Clean Alternative Fuel Vehicle Eligible,38,26.0,276571046,POINT (-122.58964 47.34235),BONNEVILLE POWER ADMINISTRATION||CITY OF TACOMA - (WA)||PENINSULA LIGHT COMPANY,53053072508
JTMEB3FV0N,King,Seattle,WA,98125,2022,TOYOTA,RAV4 PRIME (PHEV),Plug-in Hybrid Electric Vehicle (PHEV),Clean Alternative Fuel Vehicle Eligible,42,46.0,277483804,POINT (-122.30253 47.72656),CITY OF SEATTLE - (WA)|CITY OF TACOMA - (WA),53033000700
1C4JJXP62N,King,Federal Way,WA,98003,2022,JEEP,WRANGLER,Plug-in Hybrid Electric Vehicle (PHEV),Not eligible due to low battery range,21,30.0,200788437,POINT (-122.3303 47.30151),PUGET SOUND ENERGY INC||CITY OF TACOMA - (WA),53033030005
5YJXCBE26H,King,Bellevue,WA,98004,2017,TESLA,MODEL X,Battery Electric Vehicle (BEV),Clean Alternative Fuel Vehicle Eligible,200,41.0,284042706,POINT (-122.1872 47.61001),PUGET SOUND ENERGY INC||CITY OF TACOMA - (WA),53033023901
1C4JJXP60M,Pierce,Bonney Lake,WA,98391,2021,JEEP,WRANGLER,Plug-in Hybrid Electric Vehicle (PHEV),Not eligible due to low battery range,25,31.0,267226046,POINT (-122.17144 47.19175),PUGET SOUND ENERGY INC||CITY OF TACOMA - (WA),53053070312
1N4AZ0CP5D,Whatcom,Bellingham,WA,98225,2013,NISSAN,LEAF,Battery Electric Vehicle (BEV),Clean Alternative Fuel Vehicle Eligible,75,40.0,247371974,POINT (-122.47091 48.75256),PUGET SOUND ENERGY INC||PUD NO 1 OF WHATCOM COUNTY,53073001101
5YJ3E1EA1J,Franklin,Pasco,WA,99301,2018,TESLA,MODEL 3,Battery Electric Vehicle (BEV),Clean Alternative Fuel Vehicle Eligible,215,16.0,287698645,POINT (-119.09467 46.23542),BONNEVILLE POWER ADMINISTRATION||PUD NO 1 OF FRANKLIN COUNTY,53021020101
1C4JJXP66P,King,Bellevue,WA,98006,2023,JEEP,WRANGLER,Plug-in Hybrid Electric Vehicle (PHEV),Not eligible due to low battery range,21,41.0,227315819,POINT (-122.12096 47.55584),PUGET SOUND ENERGY INC||CITY OF TACOMA - (WA),53033024701
JTJKKCFZ4S,Clark,Vancouver,WA,98665,2025,LEXUS,NX,Plug-in Hybrid Electric Vehicle (PHEV),Clean Alternative Fuel Vehicle Eligible,37,49.0,279007354,POINT (-122.64443 45.67871),BONNEVILLE POWER ADMINISTRATION||PUD NO 1 OF CLARK COUNTY - (WA),53011041009
WP0AC2Y13L,King,Kirkland,WA,98033,2020,PORSCHE,TAYCAN,Battery Electric Vehicle (BEV),Clean Alternative Fuel Vehicle Eligible,192,48.0,117744140,POINT (-122.2066 47.67887),PUGET SOUND ENERGY INC||CITY OF TACOMA - (WA),53033022701
1G1FY6S09K,Whatcom,Bellingham,WA,98229,2019,CHEVROLET,BOLT EV,Battery Electric Vehicle (BEV),Clean Alternative Fuel Vehicle Eligible,238,40.0,476646922,POINT (-122.45486 48.7449),PUGET SOUND ENERGY INC||PUD NO 1 OF WHATCOM COUNTY,53073001202
1N4BZ0CP7G,Snohomish,Mill Creek,WA,98012,2016,NISSAN,LEAF,Battery Electric Vehicle (BEV),Clean Alternative Fuel Vehicle Eligible,84,44.0,219432867,POINT (-122.20105 47.84423),PUGET SOUND ENERGY INC,53061052004
1N4AZ0CP8F,King,Kent,WA,98031,2015,NISSAN,LEAF,Battery Electric Vehicle (BEV),Clean Alternative Fuel Vehicle Eligible,84,47.0,117896677,POINT (-122.17743 47.41185),PUGET SOUND ENERGY INC||CITY OF TACOMA - (WA),53033029403
YV4H60RC6T,King,Seattle,WA,98119,2026,VOLVO,XC60,Plug-in Hybrid Electric Vehicle (PHEV),Clean Alternative Fuel Vehicle Eligible,35,36.0,287565708,POINT (-122.3684 47.64586),CITY OF SEATTLE - (WA)|CITY OF TACOMA - (WA),53033005901
JTMEB3FV3R,King,Seattle,WA,98103,2024,TOYOTA,RAV4 PRIME (PHEV),Plug-in Hybrid Electric Vehicle (PHEV),Clean Alternative Fuel Vehicle Eligible,42,43.0,258126221,POINT (-122.35436 47.67596),CITY OF SEATTLE - (WA)|CITY OF TACOMA - (WA),53033003500
1G1RB6S55J,King,Seattle,WA,98177,2018,CHEVROLET,VOLT,Plug-in Hybrid Electric Vehicle (PHEV),Clean Alternative Fuel Vehicle Eligible,53,32.0,429173,POINT (-122.37238 47.74068),CITY OF SEATTLE - (WA)|CITY OF TACOMA - (WA),53033000500
5YJSA1E20H,King,Newcastle,WA,98059,2017,TESLA,MODEL S,Battery Electric Vehicle (BEV),Clean Alternative Fuel Vehicle Eligible,210,41.0,320183062,POINT (-122.11589 47.50243),PUGET SOUND ENERGY INC||CITY OF TACOMA - (WA),53033025005
1N4BZ1CP1L,Snohomish,Lake Stevens,WA,98258,2020,NISSAN,LEAF,Battery Electric Vehicle (BEV),Clean Alternative Fuel Vehicle Eligible,215,44.0,142616197,POINT (-122.06402 48.01497),PUGET SOUND ENERGY INC,53061052504
5YJ3E1EBXK,Skagit,Mount Vernon,WA,98274,2019,TESLA,MODEL 3,Battery Electric Vehicle (BEV),Clean Alternative Fuel Vehicle Eligible,220,10.0,476402447,POINT (-122.32295 48.4152),PUGET SOUND ENERGY INC,53057952401
5UX43EU09T,Walla Walla,Walla Walla,WA,99362,2026,BMW,X5,Plug-in Hybrid Electric Vehicle (PHEV),Clean Alternative Fuel Vehicle Eligible,38,16.0,284752142,POINT (-118.34261 46.07068),PACIFICORP,53071920902
KNDCE3LG7K,King,Woodinville,WA,98072,2019,KIA,NIRO,Battery Electric Vehicle (BEV),Clean Alternative Fuel Vehicle Eligible,239,45.0,476549902,POINT (-122.15545 47.75448),PUGET SOUND ENERGY INC||CITY OF TACOMA - (WA),53033032326
5YJ3E1EB9L,King,Seattle,WA,98177,2020,TESLA,MODEL 3,Battery Electric Vehicle (BEV),Clean Alternative Fuel Vehicle Eligible,322,36.0,8322884,POINT (-122.37238 47.74068),CITY OF SEATTLE - (WA)|CITY OF TACOMA - (WA),53033001400
JTDKARFP4K,Thurston,Olympia,WA,98501,2019,TOYOTA,PRIUS PRIME (PHEV),Plug-in Hybrid Electric Vehicle (PHEV),Not eligible due to low battery range,25,22.0,155025132,POINT (-122.89165 47.03954),NO KNOWN ELECTRIC UTILITY SERVICE,53067010100
YV4BR00L9L,King,Bellevue,WA,98004,2020,VOLVO,XC90,Plug-in Hybrid Electric Vehicle (PHEV),Not eligible due to low battery range,18,41.0,1923904,POINT (-122.1872 47.61001),PUGET SOUND ENERGY INC||CITY OF TACOMA - (WA),53033024002
1G6RL1E48G,King,Bellevue,WA,98007,2016,CADILLAC,ELR,Plug-in Hybrid Electric Vehicle (PHEV),Clean Alternative Fuel Vehicle Eligible,40,48.0,119228791,POINT (-122.12056 47.61334),PUGET SOUND ENERGY INC||CITY OF TACOMA - (WA),53033023201
YV4H60DV3P,King,Fall City,WA,98024,2023,VOLVO,XC60,Plug-in Hybrid Electric Vehicle (PHEV),Clean Alternative Fuel Vehicle Eligible,35,5.0,230896998,POINT (-121.89086 47.56812),PUGET SOUND ENERGY INC||CITY OF TACOMA - (WA),53033032500
KNDRMDLH3P,Clark,Washougal,WA,98671,2023,KIA,SORENTO,Plug-in Hybrid Electric Vehicle (PHEV),Clean Alternative Fuel Vehicle Eligible,32,18.0,241474488,POINT (-122.35341 45.57923),BONNEVILLE POWER ADMINISTRATION||PUD NO 1 OF CLARK COUNTY - (WA),53011040605
5YJSA1E22H,King,Bellevue,WA,98004,2017,TESLA,MODEL S,Battery Electric Vehicle (BEV),Clean Alternative Fuel Vehicle Eligible,210,41.0,218331774,POINT (-122.1872 47.61001),PUGET SOUND ENERGY INC||CITY OF TACOMA - (WA),53033023901
5YJXCDE25J,King,Shoreline,WA,98177,2018,TESLA,MODEL X,Battery Electric Vehicle (BEV),Clean Alternative Fuel Vehicle Eligible,238,32.0,209563700,POINT (-122.37238 47.74068),CITY OF SEATTLE - (WA)|CITY OF TACOMA - (WA),53033020800
1G1FX6S07H,King,Seattle,WA,98177,2017,CHEVROLET,BOLT EV,Battery Electric Vehicle (BEV),Clean Alternative Fuel Vehicle Eligible,238,36.0,285764447,POINT (-122.37238 47.74068),CITY OF SEATTLE - (WA)|CITY OF TACOMA - (WA),53033001400
1N4AZ0CP9F,King,Bothell,WA,98011,2015,NISSAN,LEAF,Battery Electric Vehicle (BEV),Clean Alternative Fuel Vehicle Eligible,84,1.0,105673781,POINT (-122.20563 47.76144),PUGET SOUND ENERGY INC||CITY OF TACOMA - (WA),53033022001
1N4BZ1CP2K,Pierce,Tacoma,WA,98406,2019,NISSAN,LEAF,Battery Electric Vehicle (BEV),Clean Alternative Fuel Vehicle Eligible,150,27.0,133623388,POINT (-122.52082 47.26887),BONNEVILLE POWER ADMINISTRATION||CITY OF TACOMA - (WA)||PENINSULA LIGHT COMPANY,53053060700
5YJYGDEEXL,King,Federal Way,WA,98023,2020,TESLA,MODEL Y,Battery Electric Vehicle (BEV),Clean Alternative Fuel Vehicle Eligible,291,30.0,110910460,POINT (-122.36217 47.31011),PUGET SOUND ENERGY INC||CITY OF TACOMA - (WA),53033030310
5YJ3E1EB2J,King,Seattle,WA,98199,2018,TESLA,MODEL 3,Battery Electric Vehicle (BEV),Clean Alternative Fuel Vehicle Eligible,215,36.0,268679134,POINT (-122.40092 47.65908),CITY OF SEATTLE - (WA)|CITY OF TACOMA - (WA),53033005600
1FMCU0KZ7N,King,Seattle,WA,98119,2022,FORD,ESCAPE,Plug-in Hybrid Electric Vehicle (PHEV),Clean Alternative Fuel Vehicle Eligible,38,36.0,265877482,POINT (-122.3684 47.64586),CITY OF SEATTLE - (WA)|CITY OF TACOMA - (WA),53033006000
5YJ3E1EA2J,King,Seattle,WA,98112,2018,TESLA,MODEL 3,Battery Electric Vehicle (BEV),Clean Alternative Fuel Vehicle Eligible,215,43.0,321319470,POINT (-122.30207 47.64085),CITY OF SEATTLE - (WA)|CITY OF TACOMA - (WA),53033007501
1G1FY6S03L,King,Des Moines,WA,98198,2020,CHEVROLET,BOLT EV,Battery Electric Vehicle (BEV),Clean Alternative Fuel Vehicle Eligible,259,33.0,257408994,POINT (-122.30615 47.38542),PUGET SOUND ENERGY INC||CITY OF TACOMA - (WA),53033028700
5YJSA1E26G,King,Kent,WA,98042,2016,TESLA,MODEL S,Battery Electric Vehicle (BEV),Clean Alternative Fuel Vehicle Eligible,210,47.0,147946389,POINT (-122.10798 47.37124),PUGET SOUND ENERGY INC||CITY OF TACOMA - (WA),53033031800
WBY1Z4C51F,King,Seattle,WA,98103,2015,BMW,I3,Plug-in Hybrid Electric Vehicle (PHEV),Clean Alternative Fuel Vehicle Eligible,72,43.0,123905442,POINT (-122.35436 47.67596),CITY OF SEATTLE - (WA)|CITY OF TACOMA - (WA),53033004800
5YJ3E1EA3K,Pierce,Tacoma,WA,98465,2019,TESLA,MODEL 3,Battery Electric Vehicle (BEV),Clean Alternative Fuel Vehicle Eligible,220,28.0,9172152,POINT (-122.5354 47.24991),BONNEVILLE POWER ADMINISTRATION||CITY OF TACOMA - (WA)||PENINSULA LIGHT COMPANY,53053061002
5YJ3E1EA9L,Kitsap,Silverdale,WA,98383,2020,TESLA,MODEL 3,Battery Electric Vehicle (BEV),Clean Alternative Fuel Vehicle Eligible,266,23.0,2103230,POINT (-122.69275 47.65171),PUGET SOUND ENERGY INC,53035091201
5YJXCBE23G,King,Redmond,WA,98052,2016,TESLA,MODEL X,Battery Electric Vehicle (BEV),Clean Alternative Fuel Vehicle Eligible,200,45.0,256613584,POINT (-122.13158 47.67858),PUGET SOUND ENERGY INC||CITY OF TACOMA - (WA),53033032321
1G1FW6S0XH,Grant,Royal City,WA,99357,2017,CHEVROLET,BOLT EV,Battery Electric Vehicle (BEV),Clean Alternative Fuel Vehicle Eligible,238,13.0,262523257,POINT (-119.63136 46.90248),PUD NO 2 OF GRANT COUNTY,53025011404
YV1H60EP0S,King,Seattle,WA,98146,2025,VOLVO,V60,Plug-in Hybrid Electric Vehicle (PHEV),Clean Alternative Fuel Vehicle Eligible,41,34.0,277356026,POINT (-122.36322 47.49736),CITY OF SEATTLE - (WA)|CITY OF TACOMA - (WA),53033012000
1N4AZ0CP9D,Kitsap,Kingston,WA,98346,2013,NISSAN,LEAF,Battery Electric Vehicle (BEV),Clean Alternative Fuel Vehicle Eligible,75,23.0,258895493,POINT (-122.4977 47.79802),PUGET SOUND ENERGY INC,53035090102
5YJSA1E25L,King,Kirkland,WA,98033,2020,TESLA,MODEL S,Battery Electric Vehicle (BEV),Clean Alternative Fuel Vehicle Eligible,330,45.0,265008845,POINT (-122.2066 47.67887),PUGET SOUND ENERGY INC||CITY OF TACOMA - (WA),53033022603
JTMFB3FVXR,Spokane,Spokane Valley,WA,99206,2024,TOYOTA,RAV4 PRIME (PHEV),Plug-in Hybrid Electric Vehicle (PHEV),Clean Alternative Fuel Vehicle Eligible,42,4.0,273878244,POINT (-117.24781 47.63516),BONNEVILLE POWER ADMINISTRATION||AVISTA CORP||INLAND POWER & LIGHT COMPANY,53063012402
5YJYGDEE5L,King,Seattle,WA,98108,2020,TESLA,MODEL Y,Battery Electric Vehicle (BEV),Clean Alternative Fuel Vehicle Eligible,291,11.0,109673042,POINT (-122.31449 47.53917),CITY OF SEATTLE - (WA)|CITY OF TACOMA - (WA),53033010001
5YJSA1E29H,King,Kent,WA,98031,2017,TESLA,MODEL S,Battery Electric Vehicle (BEV),Clean Alternative Fuel Vehicle Eligible,210,47.0,285564240,POINT (-122.17743 47.41185),PUGET SOUND ENERGY INC||CITY OF TACOMA - (WA),53033029403
5YJSA1E28J,King,Renton,WA,98058,2018,TESLA,MODEL S,Battery Electric Vehicle (BEV),Clean Alternative Fuel Vehicle Eligible,249,11.0,475073553,POINT (-122.08747 47.4466),PUGET SOUND ENERGY INC||CITY OF TACOMA - (WA),53033031908
2C4RC1L76N,King,Kirkland,WA,98034,2022,CHRYSLER,PACIFICA,Plug-in Hybrid Electric Vehicle (PHEV),Clean Alternative Fuel Vehicle Eligible,32,45.0,271606765,POINT (-122.22901 47.72201),PUGET SOUND ENERGY INC||CITY OF TACOMA - (WA),53033022005
5YJ3E1EA3J,Snohomish,Marysville,WA,98271,2018,TESLA,MODEL 3,Battery Electric Vehicle (BEV),Clean Alternative Fuel Vehicle Eligible,215,38.0,166405326,POINT (-122.17138 48.10433),NO KNOWN ELECTRIC UTILITY SERVICE,53061940002
5YJ3E1EB4L,Grays Harbor,Hoquiam,WA,98550,2020,TESLA,MODEL 3,Battery Electric Vehicle (BEV),Clean Alternative Fuel Vehicle Eligible,322,24.0,283444773,POINT (-123.88689 46.97982),BONNEVILLE POWER ADMINISTRATION||PUD NO 1 OF GRAYS HARBOR COUNTY,53027001500
YV4BR0DL2M,King,Auburn,WA,98092,2021,VOLVO,XC60,Plug-in Hybrid Electric Vehicle (PHEV),Not eligible due to low battery range,18,47.0,144503138,POINT (-122.18262 47.31825),PUGET SOUND ENERGY INC||CITY OF TACOMA - (WA),53033031206
5YJ3E1EB2J,King,Bellevue,WA,98004,2018,TESLA,MODEL 3,Battery Electric Vehicle (BEV),Clean Alternative Fuel Vehicle Eligible,215,41.0,261365366,POINT (-122.1872 47.61001),PUGET SOUND ENERGY INC||CITY OF TACOMA - (WA),53033023808
1N4AZ0CPXD,King,Burien,WA,98166,2013,NISSAN,LEAF,Battery Electric Vehicle (BEV),Clean Alternative Fuel Vehicle Eligible,75,34.0,206467551,POINT (-122.33942 47.46864),PUGET SOUND ENERGY INC||CITY OF TACOMA - (WA),53033027901
JTMEB3FV8R,Clark,Vancouver,WA,98682,2024,TOYOTA,RAV4 PRIME (PHEV),Plug-in Hybrid Electric Vehicle (PHEV),Clean Alternative Fuel Vehicle Eligible,42,17.0,262281351,POINT (-122.55149 45.69345),BONNEVILLE POWER ADMINISTRATION||PUD NO 1 OF CLARK COUNTY - (WA),53011040713
1G1FW6S09H,King,Seattle,WA,98177,2017,CHEVROLET,BOLT EV,Battery Electric Vehicle (BEV),Clean Alternative Fuel Vehicle Eligible,238,36.0,200481046,POINT (-122.37238 47.74068),CITY OF SEATTLE - (WA)|CITY OF TACOMA - (WA),53033001400
2C4RC1L7XP,Lewis,Centralia,WA,98531,2023,CHRYSLER,PACIFICA,Plug-in Hybrid Electric Vehicle (PHEV),Clean Alternative Fuel Vehicle Eligible,32,20.0,258037622,POINT (-122.95266 46.72895),BONNEVILLE POWER ADMINISTRATION||CITY OF CENTRALIA - (WA)|CITY OF TACOMA - (WA),53041970700
1FADP5CU4G,Whatcom,Bellingham,WA,98229,2016,FORD,C-MAX,Plug-in Hybrid Electric Vehicle (PHEV),Not eligible due to low battery range,19,40.0,171722148,POINT (-122.45486 48.7449),PUGET SOUND ENERGY INC||PUD NO 1 OF WHATCOM COUNTY,53073000803
YV4H60DL8R,Pierce,Steilacoom,WA,98388,2024,VOLVO,XC60,Plug-in Hybrid Electric Vehicle (PHEV),Clean Alternative Fuel Vehicle Eligible,35,28.0,262894481,POINT (-122.59802 47.17303),BONNEVILLE POWER ADMINISTRATION||TOWN OF STEILACOOM|CITY OF TACOMA - (WA)||PENINSULA LIGHT COMPANY,53053072111
WMEFJ9BA2J,King,Maple Valley,WA,98038,2018,SMART,EQ FORTWO,Battery Electric Vehicle (BEV),Clean Alternative Fuel Vehicle Eligible,58,5.0,144646365,POINT (-122.04526 47.39394),PUGET SOUND ENERGY INC||CITY OF TACOMA - (WA),53033032008
JA4J24A52K,Clark,Vancouver,WA,98685,2019,MITSUBISHI,OUTLANDER,Plug-in Hybrid Electric Vehicle (PHEV),Not eligible due to low battery range,22,49.0,131303385,POINT (-122.70303 45.70954),BONNEVILLE POWER ADMINISTRATION||PUD NO 1 OF CLARK COUNTY - (WA),53011040904
WBY1Z4C5XG,Thurston,Olympia,WA,98502,2016,BMW,I3,Plug-in Hybrid Electric Vehicle (PHEV),Clean Alternative Fuel Vehicle Eligible,72,22.0,287994773,POINT (-122.92333 47.03779),PUGET SOUND ENERGY INC,53067010520
1C4JJXN66P,King,Tukwila,WA,98188,2023,JEEP,WRANGLER,Plug-in Hybrid Electric Vehicle (PHEV),Not eligible due to low battery range,21,11.0,230814811,POINT (-122.27979 47.44952),PUGET SOUND ENERGY INC||CITY OF TACOMA - (WA),53033028200
5YJXCAE45K,King,Sammamish,WA,98074,2019,TESLA,MODEL X,Battery Electric Vehicle (BEV),Clean Alternative Fuel Vehicle Eligible,289,45.0,249106154,POINT (-122.02054 47.60326),PUGET SOUND ENERGY INC||CITY OF TACOMA - (WA),53033032318
JTJCJMGA5T,Pierce,Tacoma,WA,98409,2026,LEXUS,RX,Plug-in Hybrid Electric Vehicle (PHEV),Clean Alternative Fuel Vehicle Eligible,38,29.0,288676839,POINT (-122.47145 47.20873),BONNEVILLE POWER ADMINISTRATION||CITY OF TACOMA - (WA)||PENINSULA LIGHT COMPANY,53053062901
SADHC2S15L,King,Bothell,WA,98011,2020,JAGUAR,I-PACE,Battery Electric Vehicle (BEV),Clean Alternative Fuel Vehicle Eligible,234,1.0,476349415,POINT (-122.20563 47.76144),PUGET SOUND ENERGY INC||CITY OF TACOMA - (WA),53033021905
3FA6P0SU2F,King,Renton,WA,98055,2015,FORD,FUSION,Plug-in Hybrid Electric Vehicle (PHEV),Not eligible due to low battery range,19,33.0,286396841,POINT (-122.19488 47.44035),PUGET SOUND ENERGY INC||CITY OF TACOMA - (WA),53033029309
KM8JFDD26R,King,Bellevue,WA,98006,2024,HYUNDAI,TUCSON,Plug-in Hybrid Electric Vehicle (PHEV),Clean Alternative Fuel Vehicle Eligible,33,41.0,287250498,POINT (-122.12096 47.55584),PUGET SOUND ENERGY INC||CITY OF TACOMA - (WA),53033024800
5YJ3E1EB3K,King,Kent,WA,98030,2019,TESLA,MODEL 3,Battery Electric Vehicle (BEV),Clean Alternative Fuel Vehicle Eligible,220,47.0,476482751,POINT (-122.19975 47.37483),PUGET SOUND ENERGY INC||CITY OF TACOMA - (WA),53033029506
KNDCC3LGXL,King,Seattle,WA,98144,2020,KIA,NIRO,Battery Electric Vehicle (BEV),Clean Alternative Fuel Vehicle Eligible,239,37.0,127347699,POINT (-122.30866 47.57874),CITY OF SEATTLE - (WA)|CITY OF TACOMA - (WA),53033009500
WBY7Z2C56J,King,Vashon,WA,98070,2018,BMW,I3,Battery Electric Vehicle (BEV),Clean Alternative Fuel Vehicle Eligible,114,34.0,145456272,POINT (-122.4573 47.44929),PUGET SOUND ENERGY INC||CITY OF TACOMA - (WA),53033027702
5YJXCAE25J,King,Bellevue,WA,98007,2018,TESLA,MODEL X,Battery Electric Vehicle (BEV),Clean Alternative Fuel Vehicle Eligible,238,48.0,187553754,POINT (-122.12056 47.61334),PUGET SOUND ENERGY INC||CITY OF TACOMA - (WA),53033023201
1C4JJXR69P,Pierce,South Hill,WA,98374,2023,JEEP,WRANGLER,Plug-in Hybrid Electric Vehicle (PHEV),Not eligible due to low battery range,21,25.0,261391945,POINT (-122.27504 47.13926),PUGET SOUND ENERGY INC||CITY OF TACOMA - (WA),53053071212
5UX43EU05S,King,Kent,WA,98031,2025,BMW,X5,Plug-in Hybrid Electric Vehicle (PHEV),Clean Alternative Fuel Vehicle Eligible,40,33.0,274306217,POINT (-122.17743 47.41185),PUGET SOUND ENERGY INC||CITY OF TACOMA - (WA),53033029305
ZACPDFCW7R,King,Tukwila,WA,98188,2024,DODGE,HORNET,Plug-in Hybrid Electric Vehicle (PHEV),Clean Alternative Fuel Vehicle Eligible,32,11.0,261087368,POINT (-122.27979 47.44952),PUGET SOUND ENERGY INC||CITY OF TACOMA - (WA),53033028200
5UXTA6C02P,Snohomish,Bothell,WA,98021,2023,BMW,X5,Plug-in Hybrid Electric Vehicle (PHEV),Clean Alternative Fuel Vehicle Eligible,30,1.0,217048828,POINT (-122.18384 47.8031),PUGET SOUND ENERGY INC,53061051937
WBA13FK06T,King,Bellevue,WA,98005,2026,BMW,550E,Plug-in Hybrid Electric Vehicle (PHEV),Clean Alternative Fuel Vehicle Eligible,33,48.0,289842528,POINT (-122.1621 47.64441),PUGET SOUND ENERGY INC||CITY OF TACOMA - (WA),53033023601
1G1FX6S07H,Pierce,Tacoma,WA,98407,2017,CHEVROLET,BOLT EV,Battery Electric Vehicle (BEV),Clean Alternative Fuel Vehicle Eligible,238,27.0,120989662,POINT (-122.54304 47.31803),BONNEVILLE POWER ADMINISTRATION||CITY OF TACOMA - (WA)||PENINSULA LIGHT COMPANY,53053060400
1FADP5CU5G,Stevens,Colville,WA,99114,2016,FORD,C-MAX,Plug-in Hybrid Electric Vehicle (PHEV),Not eligible due to low battery range,19,7.0,8846869,POINT (-117.90454 48.54657),AVISTA CORP,53065950600
1G1RB6E47C,Walla Walla,Walla Walla,WA,99362,2012,CHEVROLET,VOLT,Plug-in Hybrid Electric Vehicle (PHEV),Clean Alternative Fuel Vehicle Eligible,35,16.0,203774966,POINT (-118.34261 46.07068),PACIFICORP,53071920702
WBY8P8C01M,Cowlitz,Longview,WA,98632,2021,BMW,I3,Plug-in Hybrid Electric Vehicle (PHEV),Clean Alternative Fuel Vehicle Eligible,153,19.0,211877837,POINT (-122.95058 46.14681),BONNEVILLE POWER ADMINISTRATION||PUD NO 1 OF COWLITZ COUNTY,53015000802
5YJ3E1EB8J,King,Woodinville,WA,98072,2018,TESLA,MODEL 3,Battery Electric Vehicle (BEV),Clean Alternative Fuel Vehicle Eligible,215,45.0,475311273,POINT (-122.15545 47.75448),PUGET SOUND ENERGY INC||CITY OF TACOMA - (WA),53033032327
JTDKN3DP1D,Clark,Vancouver,WA,98660,2013,TOYOTA,PRIUS,Plug-in Hybrid Electric Vehicle (PHEV),Not eligible due to low battery range,6,49.0,478560393,POINT (-122.67156 45.63248),BONNEVILLE POWER ADMINISTRATION||PUD NO 1 OF CLARK COUNTY - (WA),53011042300
JTJCJMGA7T,Cowlitz,Kelso,WA,98626,2026,LEXUS,RX,Plug-in Hybrid Electric Vehicle (PHEV),Clean Alternative Fuel Vehicle Eligible,38,20.0,290324268,POINT (-122.89867 46.14424),BONNEVILLE POWER ADMINISTRATION||PUD NO 1 OF COWLITZ COUNTY,53015001700
5YJ3E1EB9J,Kitsap,Bainbridge Island,WA,98110,2018,TESLA,MODEL 3,Battery Electric Vehicle (BEV),Clean Alternative Fuel Vehicle Eligible,215,23.0,476462444,POINT (-122.521 47.62732),PUGET SOUND ENERGY INC,53035090700
1C4RJXU64R,Grant,Moses Lake,WA,98837,2024,JEEP,WRANGLER,Plug-in Hybrid Electric Vehicle (PHEV),Not eligible due to low battery range,21,13.0,254856318,POINT (-119.2771 47.13196),PUD NO 2 OF GRANT COUNTY,53025011200
5YJ3E1EA8K,King,Seattle,WA,98199,2019,TESLA,MODEL 3,Battery Electric Vehicle (BEV),Clean Alternative Fuel Vehicle Eligible,220,36.0,196726582,POINT (-122.40092 47.65908),CITY OF SEATTLE - (WA)|CITY OF TACOMA - (WA),53033005600
2C4RC1S71P,Mason,Shelton,WA,98584,2023,CHRYSLER,PACIFICA,Plug-in Hybrid Electric Vehicle (PHEV),Clean Alternative Fuel Vehicle Eligible,32,35.0,273711245,POINT (-123.10616 47.21253),BONNEVILLE POWER ADMINISTRATION||CITY OF TACOMA - (WA)||PUD NO 3 OF MASON COUNTY,53045961102
YV4BR0DL3M,Kitsap,Bainbridge Island,WA,98110,2021,VOLVO,XC60,Plug-in Hybrid Electric Vehicle (PHEV),Not eligible due to low battery range,18,23.0,161581416,POINT (-122.521 47.62732),PUGET SOUND ENERGY INC,53035091002
1G1FW6S06J,King,Lake Forest Park,WA,98155,2018,CHEVROLET,BOLT EV,Battery Electric Vehicle (BEV),Clean Alternative Fuel Vehicle Eligible,238,46.0,133307205,POINT (-122.30304 47.75494),CITY OF SEATTLE - (WA)|CITY OF TACOMA - (WA),53033021300
5UX43EU04R,Pierce,Fox Island,WA,98333,2024,BMW,X5,Plug-in Hybrid Electric Vehicle (PHEV),Clean Alternative Fuel Vehicle Eligible,39,26.0,259868332,POINT (-122.65107 47.27375),BONNEVILLE POWER ADMINISTRATION||CITY OF TACOMA - (WA)||PENINSULA LIGHT COMPANY,53053072410
W1NKM5GB9S,King,Bellevue,WA,98007,2025,MERCEDES-BENZ,GLC-CLASS,Plug-in Hybrid Electric Vehicle (PHEV),Clean Alternative Fuel Vehicle Eligible,54,48.0,285039086,POINT (-122.12056 47.61334),PUGET SOUND ENERGY INC||CITY OF TACOMA - (WA),53033023603
5YJSA1E24H,King,Kirkland,WA,98033,2017,TESLA,MODEL S,Battery Electric Vehicle (BEV),Clean Alternative Fuel Vehicle Eligible,210,48.0,170487103,POINT (-122.2066 47.67887),PUGET SOUND ENERGY INC||CITY OF TACOMA - (WA),53033022501
1N4AZ0CP8D,King,Redmond,WA,98053,2013,NISSAN,LEAF,Battery Electric Vehicle (BEV),Clean Alternative Fuel Vehicle Eligible,75,45.0,235725402,POINT (-122.03287 47.68555),PUGET SOUND ENERGY INC||CITY OF TACOMA - (WA),53033032315
WA1VAAGE0K,King,Seattle,WA,98125,2019,AUDI,E-TRON,Battery Electric Vehicle (BEV),Clean Alternative Fuel Vehicle Eligible,204,46.0,476636681,POINT (-122.30253 47.72656),CITY OF SEATTLE - (WA)|CITY OF TACOMA - (WA),53033000201
5YJSA1CP3D,King,Seattle,WA,98112,2013,TESLA,MODEL S,Battery Electric Vehicle (BEV),Clean Alternative Fuel Vehicle Eligible,208,37.0,278375233,POINT (-122.30207 47.64085),CITY OF SEATTLE - (WA)|CITY OF TACOMA - (WA),53033007800
YV4H60CM6N,King,Seattle,WA,98177,2022,VOLVO,XC90,Plug-in Hybrid Electric Vehicle (PHEV),Clean Alternative Fuel Vehicle Eligible,35,32.0,277330812,POINT (-122.37238 47.74068),CITY OF SEATTLE - (WA)|CITY OF TACOMA - (WA),53033000500
WP0AC2Y12M,King,Seattle,WA,98121,2021,PORSCHE,TAYCAN,Battery Electric Vehicle (BEV),Clean Alternative Fuel Vehicle Eligible,192,36.0,143070644,POINT (-122.34468 47.61578),CITY OF SEATTLE - (WA)|CITY OF TACOMA - (WA),53033007201
KNDRMDJH2S,King,Redmond,WA,98052,2025,KIA,SORENTO,Plug-in Hybrid Electric Vehicle (PHEV),Clean Alternative Fuel Vehicle Eligible,30,45.0,267964882,POINT (-122.13158 47.67858),PUGET SOUND ENERGY INC||CITY OF TACOMA - (WA),53033032322
3FA6P0SU6K,King,Federal Way,WA,98003,2019,FORD,FUSION,Plug-in Hybrid Electric Vehicle (PHEV),Not eligible due to low battery range,26,30.0,106066537,POINT (-122.3303 47.30151),PUGET SOUND ENERGY INC||CITY OF TACOMA - (WA),53033030314
5UXTA6C08P,Snohomish,Mountlake Terrace,WA,98043,2023,BMW,X5,Plug-in Hybrid Electric Vehicle (PHEV),Clean Alternative Fuel Vehicle Eligible,30,1.0,240473950,POINT (-122.31111 47.78803),PUGET SOUND ENERGY INC,53061051200
WP1AA2XA8R,King,Seattle,WA,98121,2024,PORSCHE,MACAN,Battery Electric Vehicle (BEV),Clean Alternative Fuel Vehicle Eligible,308,36.0,276918085,POINT (-122.34468 47.61578),CITY OF SEATTLE - (WA)|CITY OF TACOMA - (WA),53033007201
JTMFB3FV3S,King,Burien,WA,98146,2025,TOYOTA,RAV4 PRIME (PHEV),Plug-in Hybrid Electric Vehicle (PHEV),Clean Alternative Fuel Vehicle Eligible,42,34.0,287982866,POINT (-122.36322 47.49736),CITY OF SEATTLE - (WA)|CITY OF TACOMA - (WA),53033027600
5YJ3E1EB2K,Grays Harbor,Aberdeen,WA,98520,2019,TESLA,MODEL 3,Battery Electric Vehicle (BEV),Clean Alternative Fuel Vehicle Eligible,220,19.0,9282829,POINT (-123.81619 46.97606),BONNEVILLE POWER ADMINISTRATION||PUD NO 1 OF GRAYS HARBOR COUNTY,53027001100
1N4AZ1CP8J,Pierce,Vaughn,WA,98394,2018,NISSAN,LEAF,Battery Electric Vehicle (BEV),Clean Alternative Fuel Vehicle Eligible,151,26.0,253123041,POINT (-122.76355 47.34347),BONNEVILLE POWER ADMINISTRATION||CITY OF TACOMA - (WA)||PENINSULA LIGHT COMPANY,53053072601
5YJ3E1EB0J,Island,Oak Harbor,WA,98277,2018,TESLA,MODEL 3,Battery Electric Vehicle (BEV),Clean Alternative Fuel Vehicle Eligible,215,10.0,213052101,POINT (-122.64682 48.29077),PUGET SOUND ENERGY INC,53029970401
WBA33AG03N,King,Redmond,WA,98052,2022,BMW,530E,Plug-in Hybrid Electric Vehicle (PHEV),Not eligible due to low battery range,18,48.0,270873158,POINT (-122.13158 47.67858),PUGET SOUND ENERGY INC||CITY OF TACOMA - (WA),53033022803
1N4AZ0CP9F,Whatcom,Bellingham,WA,98229,2015,NISSAN,LEAF,Battery Electric Vehicle (BEV),Clean Alternative Fuel Vehicle Eligible,84,40.0,201080190,POINT (-122.45486 48.7449),PUGET SOUND ENERGY INC||PUD NO 1 OF WHATCOM COUNTY,53073000902
2C4RC1L71N,King,Federal Way,WA,98003,2022,CHRYSLER,PACIFICA,Plug-in Hybrid Electric Vehicle (PHEV),Clean Alternative Fuel Vehicle Eligible,32,30.0,257544339,POINT (-122.3303 47.30151),PUGET SOUND ENERGY INC||CITY OF TACOMA - (WA),53033030203
1C4JJXP6XM,Jefferson,Quilcene,WA,98376,2021,JEEP,WRANGLER,Plug-in Hybrid Electric Vehicle (PHEV),Not eligible due to low battery range,25,24.0,182203801,POINT (-122.8775 47.82642),BONNEVILLE POWER ADMINISTRATION||PUGET SOUND ENERGY INC||PUD NO 1 OF JEFFERSON COUNTY,53031950202
5YJSA1H47F,Whatcom,Blaine,WA,98230,2015,TESLA,MODEL S,Battery Electric Vehicle (BEV),Clean Alternative Fuel Vehicle Eligible,208,42.0,180593843,POINT (-122.74823 48.99405),CITY OF BLAINE - (WA)||PUD NO 1 OF WHATCOM COUNTY,53073010405
JM3KKBHA9R,Kitsap,Kingston,WA,98346,2024,MAZDA,CX-90,Plug-in Hybrid Electric Vehicle (PHEV),Not eligible due to low battery range,26,23.0,275123642,POINT (-122.4977 47.79802),PUGET SOUND ENERGY INC,53035090102
ZACPDFCW5R,King,Tukwila,WA,98188,2024,DODGE,HORNET,Plug-in Hybrid Electric Vehicle (PHEV),Clean Alternative Fuel Vehicle Eligible,32,11.0,261635524,POINT (-122.27979 47.44952),PUGET SOUND ENERGY INC||CITY OF TACOMA - (WA),53033028200
5YJSA1CN1D,Clark,Camas,WA,98607,2013,TESLA,MODEL S,Battery Electric Vehicle (BEV),Clean Alternative Fuel Vehicle Eligible,208,18.0,218955516,POINT (-122.40199 45.58694),BONNEVILLE POWER ADMINISTRATION||PUD NO 1 OF CLARK COUNTY - (WA),53011041400
1G1FY6S0XK,Chelan,Wenatchee,WA,98801,2019,CHEVROLET,BOLT EV,Battery Electric Vehicle (BEV),Clean Alternative Fuel Vehicle Eligible,238,12.0,257673272,POINT (-120.30521 47.41493),PUD NO 1 OF CHELAN COUNTY,53007961301
JA4T5VA9XP,King,Seattle,WA,98125,2023,MITSUBISHI,OUTLANDER,Plug-in Hybrid Electric Vehicle (PHEV),Clean Alternative Fuel Vehicle Eligible,38,46.0,240494019,POINT (-122.30253 47.72656),CITY OF SEATTLE - (WA)|CITY OF TACOMA - (WA),53033001202
JN1AZ0CP3C,King,Seattle,WA,98125,2012,NISSAN,LEAF,Battery Electric Vehicle (BEV),Clean Alternative Fuel Vehicle Eligible,73,46.0,233234200,POINT (-122.30253 47.72656),CITY OF SEATTLE - (WA)|CITY OF TACOMA - (WA),53033000800
JTMCB3FVXM,King,Seatac,WA,98168,2021,TOYOTA,RAV4 PRIME (PHEV),Plug-in Hybrid Electric Vehicle (PHEV),Clean Alternative Fuel Vehicle Eligible,42,33.0,287876333,POINT (-122.29411 47.48924),CITY OF SEATTLE - (WA)|CITY OF TACOMA - (WA),53033027300
JTMEB3FV5M,Whatcom,Bellingham,WA,98225,2021,TOYOTA,RAV4 PRIME (PHEV),Plug-in Hybrid Electric Vehicle (PHEV),Clean Alternative Fuel Vehicle Eligible,42,42.0,282574358,POINT (-122.47091 48.75256),PUGET SOUND ENERGY INC||PUD NO 1 OF WHATCOM COUNTY,53073000502
1G1FX6S04J,Thurston,Olympia,WA,98501,2018,CHEVROLET,BOLT EV,Battery Electric Vehicle (BEV),Clean Alternative Fuel Vehicle Eligible,238,22.0,251385214,POINT (-122.89165 47.03954),PUGET SOUND ENERGY INC,53067010100
YV4BR0CL3K,Island,Freeland,WA,98249,2019,VOLVO,XC90,Plug-in Hybrid Electric Vehicle (PHEV),Not eligible due to low battery range,17,10.0,478450031,POINT (-122.52664 48.00956),PUGET SOUND ENERGY INC,53029971800
5YJSA1S24F,Clark,Camas,WA,98607,2015,TESLA,MODEL S,Battery Electric Vehicle (BEV),Clean Alternative Fuel Vehicle Eligible,208,18.0,208755879,POINT (-122.40199 45.58694),BONNEVILLE POWER ADMINISTRATION||PUD NO 1 OF CLARK COUNTY - (WA),53011041400
5YJ3E1EA6J,King,Kirkland,WA,98034,2018,TESLA,MODEL 3,Battery Electric Vehicle (BEV),Clean Alternative Fuel Vehicle Eligible,215,45.0,476548040,POINT (-122.22901 47.72201),PUGET SOUND ENERGY INC||CITY OF TACOMA - (WA),53033021904
ZACPDFCW0R,King,Tukwila,WA,98188,2024,DODGE,HORNET,Plug-in Hybrid Electric Vehicle (PHEV),Clean Alternative Fuel Vehicle Eligible,32,11.0,261185984,POINT (-122.27979 47.44952),PUGET SOUND ENERGY INC||CITY OF TACOMA - (WA),53033028200
5YJSA1E41L,King,Auburn,WA,98001,2020,TESLA,MODEL S,Battery Electric Vehicle (BEV),Clean Alternative Fuel Vehicle Eligible,337,47.0,143887173,POINT (-122.28802 47.30264),PUGET SOUND ENERGY INC||CITY OF TACOMA - (WA),53033029902
JF2GTDNCXK,King,Bothell,WA,98011,2019,SUBARU,CROSSTREK,Plug-in Hybrid Electric Vehicle (PHEV),Not eligible due to low battery range,17,1.0,296956586,POINT (-122.20563 47.76144),PUGET SOUND ENERGY INC||CITY OF TACOMA - (WA),53033021802
WBAJB1C52J,Thurston,Olympia,WA,98502,2018,BMW,530E,Plug-in Hybrid Electric Vehicle (PHEV),Not eligible due to low battery range,14,35.0,271130555,POINT (-122.92333 47.03779),PUGET SOUND ENERGY INC,53067011902
5YJ3E1EA8L,King,Newcastle,WA,98056,2020,TESLA,MODEL 3,Battery Electric Vehicle (BEV),Clean Alternative Fuel Vehicle Eligible,266,41.0,233630134,POINT (-122.18839 47.51197),PUGET SOUND ENERGY INC||CITY OF TACOMA - (WA),53033024703
ZACPDFCW9R,King,Tukwila,WA,98188,2024,DODGE,HORNET,Plug-in Hybrid Electric Vehicle (PHEV),Clean Alternative Fuel Vehicle Eligible,32,11.0,260957693,POINT (-122.27979 47.44952),PUGET SOUND ENERGY INC||CITY OF TACOMA - (WA),53033028200
5YJ3E1EA2J,Grant,Moses Lake,WA,98837,2018,TESLA,MODEL 3,Battery Electric Vehicle (BEV),Clean Alternative Fuel Vehicle Eligible,215,13.0,7936183,POINT (-119.2771 47.13196),PUD NO 2 OF GRANT COUNTY,53025010904
WBY1Z8C37H,Whatcom,Bellingham,WA,98226,2017,BMW,I3,Plug-in Hybrid Electric Vehicle (PHEV),Clean Alternative Fuel Vehicle Eligible,97,40.0,476864139,POINT (-122.49756 48.7999),PUGET SOUND ENERGY INC||PUD NO 1 OF WHATCOM COUNTY,53073000804
1C4RJXP61R,King,Kirkland,WA,98034,2024,JEEP,WRANGLER,Plug-in Hybrid Electric Vehicle (PHEV),Not eligible due to low battery range,21,45.0,272622934,POINT (-122.22901 47.72201),PUGET SOUND ENERGY INC||CITY OF TACOMA - (WA),53033022006
1N4AZ0CP1F,Jefferson,Port Townsend,WA,98368,2015,NISSAN,LEAF,Battery Electric Vehicle (BEV),Clean Alternative Fuel Vehicle Eligible,84,24.0,118575922,POINT (-122.77263 48.1212),BONNEVILLE POWER ADMINISTRATION||PUGET SOUND ENERGY INC||PUD NO 1 OF JEFFERSON COUNTY,53031950602
WBA8E1C59J,Snohomish,Bothell,WA,98012,2018,BMW,330E,Plug-in Hybrid Electric Vehicle (PHEV),Not eligible due to low battery range,14,1.0,260302626,POINT (-122.20105 47.84423),PUGET SOUND ENERGY INC,53061051936
5YJSA1H17E,King,Kirkland,WA,98033,2014,TESLA,MODEL S,Battery Electric Vehicle (BEV),Clean Alternative Fuel Vehicle Eligible,208,48.0,159930081,POINT (-122.2066 47.67887),PUGET SOUND ENERGY INC||CITY OF TACOMA - (WA),53033022701
2C4RC1N72J,Snohomish,Everett,WA,98208,2018,CHRYSLER,PACIFICA,Plug-in Hybrid Electric Vehicle (PHEV),Clean Alternative Fuel Vehicle Eligible,33,44.0,286712562,POINT (-122.18637 47.89251),PUGET SOUND ENERGY INC,53061041701
YV4BR0CK6M,King,Seattle,WA,98115,2021,VOLVO,XC90,Plug-in Hybrid Electric Vehicle (PHEV),Not eligible due to low battery range,18,46.0,152705171,POINT (-122.31676 47.68156),CITY OF SEATTLE - (WA)|CITY OF TACOMA - (WA),53033002000
1N4AZ1CP1J,King,Kirkland,WA,98034,2018,NISSAN,LEAF,Battery Electric Vehicle (BEV),Clean Alternative Fuel Vehicle Eligible,151,1.0,476568494,POINT (-122.22901 47.72201),PUGET SOUND ENERGY INC||CITY OF TACOMA - (WA),53033022205
5UXTA6C03N,Island,Greenbank,WA,98253,2022,BMW,X5,Plug-in Hybrid Electric Vehicle (PHEV),Clean Alternative Fuel Vehicle Eligible,30,10.0,269517384,POINT (-122.56817 48.08827),PUGET SOUND ENERGY INC,53029971301
KNDPYDDH4S,King,Bothell,WA,98011,2025,KIA,SPORTAGE,Plug-in Hybrid Electric Vehicle (PHEV),Clean Alternative Fuel Vehicle Eligible,34,1.0,284245636,POINT (-122.20563 47.76144),PUGET SOUND ENERGY INC||CITY OF TACOMA - (WA),53033021803
KNDPYDAH0P,Skagit,Mount Vernon,WA,98273,2023,KIA,SPORTAGE,Plug-in Hybrid Electric Vehicle (PHEV),Clean Alternative Fuel Vehicle Eligible,34,40.0,245774651,POINT (-122.33891 48.41644),PUGET SOUND ENERGY INC,53057952303
KNDPYDDH0R,Thurston,Olympia,WA,98502,2024,KIA,SPORTAGE,Plug-in Hybrid Electric Vehicle (PHEV),Clean Alternative Fuel Vehicle Eligible,34,22.0,265842895,POINT (-122.92333 47.03779),PUGET SOUND ENERGY INC,53067010600
JTDACACU2S,King,Kent,WA,98030,2025,TOYOTA,PRIUS PRIME (PHEV),Plug-in Hybrid Electric Vehicle (PHEV),Clean Alternative Fuel Vehicle Eligible,39,47.0,286409399,POINT (-122.19975 47.37483),PUGET SOUND ENERGY INC||CITY OF TACOMA - (WA),53033029603
JTMFB3FV9S,Clark,Vancouver,WA,98686,2025,TOYOTA,RAV4 PRIME (PHEV),Plug-in Hybrid Electric Vehicle (PHEV),Clean Alternative Fuel Vehicle Eligible,42,49.0,284647030,POINT (-122.62731 45.71668),BONNEVILLE POWER ADMINISTRATION||PUD NO 1 OF CLARK COUNTY - (WA),53011040803
JTDACACU4R,King,Redmond,WA,98052,2024,TOYOTA,PRIUS PRIME (PHEV),Plug-in Hybrid Electric Vehicle (PHEV),Clean Alternative Fuel Vehicle Eligible,39,45.0,276237006,POINT (-122.13158 47.67858),PUGET SOUND ENERGY INC||CITY OF TACOMA - (WA),53033032323
ZACPDFDW6R,Kitsap,Bremerton,WA,98311,2024,DODGE,HORNET,Plug-in Hybrid Electric Vehicle (PHEV),Clean Alternative Fuel Vehicle Eligible,32,23.0,267257532,POINT (-122.60915 47.62631),PUGET SOUND ENERGY INC,53035091205
5YJ3E1EA0K,Snohomish,Lynnwood,WA,98087,2019,TESLA,MODEL 3,Battery Electric Vehicle (BEV),Clean Alternative Fuel Vehicle Eligible,220,21.0,177906424,POINT (-122.27981 47.85727),PUGET SOUND ENERGY INC,53061042004
2C4RC1N70P,Snohomish,Brier,WA,98036,2023,CHRYSLER,PACIFICA,Plug-in Hybrid Electric Vehicle (PHEV),Clean Alternative Fuel Vehicle Eligible,32,1.0,288698861,POINT (-122.29245 47.82557),PUGET SOUND ENERGY INC,53061051914
5UXKT0C58J,Clark,Ridgefield,WA,98642,2018,BMW,X5,Plug-in Hybrid Electric Vehicle (PHEV),Not eligible due to low battery range,13,18.0,168608135,POINT (-122.74595 45.81539),BONNEVILLE POWER ADMINISTRATION||PUD NO 1 OF CLARK COUNTY - (WA),53011040305
5UXTA6C03P,King,Redmond,WA,98052,2023,BMW,X5,Plug-in Hybrid Electric Vehicle (PHEV),Clean Alternative Fuel Vehicle Eligible,30,48.0,274078388,POINT (-122.13158 47.67858),PUGET SOUND ENERGY INC||CITY OF TACOMA - (WA),53033032325
5YJ3E1EA3J,King,Bellevue,WA,98006,2018,TESLA,MODEL 3,Battery Electric Vehicle (BEV),Clean Alternative Fuel Vehicle Eligible,215,41.0,221700440,POINT (-122.12096 47.55584),PUGET SOUND ENERGY INC||CITY OF TACOMA - (WA),53033025008
1G1RD6S52G,Spokane,Otis Orchards,WA,99027,2016,CHEVROLET,VOLT,Plug-in Hybrid Electric Vehicle (PHEV),Clean Alternative Fuel Vehicle Eligible,53,4.0,255722589,POINT (-117.15457 47.68955),BONNEVILLE POWER ADMINISTRATION||AVISTA CORP||INLAND POWER & LIGHT COMPANY,53063013201
5YJ3E1EA1J,Snohomish,Everett,WA,98208,2018,TESLA,MODEL 3,Battery Electric Vehicle (BEV),Clean Alternative Fuel Vehicle Eligible,215,44.0,475435047,POINT (-122.18637 47.89251),PUGET SOUND ENERGY INC,53061041701
ZACPDFCW3R,King,Tukwila,WA,98188,2024,DODGE,HORNET,Plug-in Hybrid Electric Vehicle (PHEV),Clean Alternative Fuel Vehicle Eligible,32,11.0,262592172,POINT (-122.27979 47.44952),PUGET SOUND ENERGY INC||CITY OF TACOMA - (WA),53033028200
W1NKM5GB0S,King,Seattle,WA,98144,2025,MERCEDES-BENZ,GLC-CLASS,Plug-in Hybrid Electric Vehicle (PHEV),Clean Alternative Fuel Vehicle Eligible,54,37.0,284673035,POINT (-122.30866 47.57874),CITY OF SEATTLE - (WA)|CITY OF TACOMA - (WA),53033008900
5YJ3E1EB3J,King,Seattle,WA,98102,2018,TESLA,MODEL 3,Battery Electric Vehicle (BEV),Clean Alternative Fuel Vehicle Eligible,215,43.0,289584816,POINT (-122.32427 47.63433),CITY OF SEATTLE - (WA)|CITY OF TACOMA - (WA),53033006600
JTMFB3FV1S,Thurston,Olympia,WA,98512,2025,TOYOTA,RAV4 PRIME (PHEV),Plug-in Hybrid Electric Vehicle (PHEV),Clean Alternative Fuel Vehicle Eligible,42,35.0,277089858,POINT (-123.04078 46.94792),PUGET SOUND ENERGY INC,53067011901
5YJXCAE4XK,King,Auburn,WA,98092,2019,TESLA,MODEL X,Battery Electric Vehicle (BEV),Clean Alternative Fuel Vehicle Eligible,289,31.0,131333338,POINT (-122.18262 47.31825),PUGET SOUND ENERGY INC||CITY OF TACOMA - (WA),53033031204
ZACPDFCW7R,King,Tukwila,WA,98188,2024,DODGE,HORNET,Plug-in Hybrid Electric Vehicle (PHEV),Clean Alternative Fuel Vehicle Eligible,32,11.0,260274171,POINT (-122.27979 47.44952),PUGET SOUND ENERGY INC||CITY OF TACOMA - (WA),53033028200
5UXTS1C05L,Kitsap,Bainbridge Island,WA,98110,2020,BMW,X3,Plug-in Hybrid Electric Vehicle (PHEV),Not eligible due to low battery range,17,23.0,109855994,POINT (-122.521 47.62732),PUGET SOUND ENERGY INC,53035090800
5YJXCAE20J,Kittitas,Cle Elum,WA,98922,2018,TESLA,MODEL X,Battery Electric Vehicle (BEV),Clean Alternative Fuel Vehicle Eligible,238,13.0,289738445,POINT (-120.93943 47.195),PUGET SOUND ENERGY INC,53037975102
1G1RE6E42E,Walla Walla,Walla Walla,WA,99362,2014,CHEVROLET,VOLT,Plug-in Hybrid Electric Vehicle (PHEV),Clean Alternative Fuel Vehicle Eligible,38,16.0,193990716,POINT (-118.34261 46.07068),PACIFICORP,53071920600
5YJ3E1EB6J,Pierce,Tacoma,WA,98443,2018,TESLA,MODEL 3,Battery Electric Vehicle (BEV),Clean Alternative Fuel Vehicle Eligible,215,25.0,274143677,POINT (-122.36504 47.19163),BONNEVILLE POWER ADMINISTRATION||CITY OF TACOMA - (WA)||PENINSULA LIGHT COMPANY,53053940004
5YJ3E1EA2K,King,Seattle,WA,98177,2019,TESLA,MODEL 3,Battery Electric Vehicle (BEV),Clean Alternative Fuel Vehicle Eligible,220,36.0,335685108,POINT (-122.37238 47.74068),CITY OF SEATTLE - (WA)|CITY OF TACOMA - (WA),53033001400
1G1FZ6S06K,Snohomish,Bothell,WA,98021,2019,CHEVROLET,BOLT EV,Battery Electric Vehicle (BEV),Clean Alternative Fuel Vehicle Eligible,238,1.0,278726500,POINT (-122.18384 47.8031),PUGET SOUND ENERGY INC,53061051938
SALGS4RY2M,King,Sammamish,WA,98075,2021,LAND ROVER,RANGE ROVER,Plug-in Hybrid Electric Vehicle (PHEV),Not eligible due to low battery range,19,41.0,278635458,POINT (-122.03539 47.61344),PUGET SOUND ENERGY INC||CITY OF TACOMA - (WA),53033032215
5UX43EU06S,King,Shoreline,WA,98133,2025,BMW,X5,Plug-in Hybrid Electric Vehicle (PHEV),Clean Alternative Fuel Vehicle Eligible,40,32.0,267389377,POINT (-122.33364 47.73709),CITY OF SEATTLE - (WA)|CITY OF TACOMA - (WA),53033020600
1C4JJXP66N,Clark,Battle Ground,WA,98604,2022,JEEP,WRANGLER,Plug-in Hybrid Electric Vehicle (PHEV),Not eligible due to low battery range,21,18.0,208530738,POINT (-122.5331 45.78092),BONNEVILLE POWER ADMINISTRATION||PUD NO 1 OF CLARK COUNTY - (WA),53011040415
1C4RJXR62R,Clark,Vancouver,WA,98662,2024,JEEP,WRANGLER,Plug-in Hybrid Electric Vehicle (PHEV),Not eligible due to low battery range,21,17.0,272115784,POINT (-122.57722 45.64251),BONNEVILLE POWER ADMINISTRATION||PUD NO 1 OF CLARK COUNTY - (WA),53011041104
YV4H60CE2R,King,Seattle,WA,98177,2024,VOLVO,XC90,Plug-in Hybrid Electric Vehicle (PHEV),Clean Alternative Fuel Vehicle Eligible,32,32.0,273707220,POINT (-122.37238 47.74068),CITY OF SEATTLE - (WA)|CITY OF TACOMA - (WA),53033000402
JTMAB3FV3N,Kitsap,Bainbridge Island,WA,98110,2022,TOYOTA,RAV4 PRIME (PHEV),Plug-in Hybrid Electric Vehicle (PHEV),Clean Alternative Fuel Vehicle Eligible,42,23.0,227521619,POINT (-122.521 47.62732),PUGET SOUND ENERGY INC,53035090700
5YJSA1E29J,King,Kent,WA,98030,2018,TESLA,MODEL S,Battery Electric Vehicle (BEV),Clean Alternative Fuel Vehicle Eligible,249,47.0,269635376,POINT (-122.19975 47.37483),PUGET SOUND ENERGY INC||CITY OF TACOMA - (WA),53033029505
5YJYGDEE1L,King,Sammamish,WA,98075,2020,TESLA,MODEL Y,Battery Electric Vehicle (BEV),Clean Alternative Fuel Vehicle Eligible,291,41.0,177893362,POINT (-122.03539 47.61344),PUGET SOUND ENERGY INC||CITY OF TACOMA - (WA),53033032207
1N4AZ1CP5K,Kitsap,Bainbridge Island,WA,98110,2019,NISSAN,LEAF,Battery Electric Vehicle (BEV),Clean Alternative Fuel Vehicle Eligible,150,23.0,101418740,POINT (-122.521 47.62732),PUGET SOUND ENERGY INC,53035091002
5YJSA1E23H,Snohomish,Snohomish,WA,98290,2017,TESLA,MODEL S,Battery Electric Vehicle (BEV),Clean Alternative Fuel Vehicle Eligible,210,39.0,117577932,POINT (-122.09305 47.91265),PUGET SOUND ENERGY INC,53061052203
JA4T5UA94P,King,Kent,WA,98031,2023,MITSUBISHI,OUTLANDER,Plug-in Hybrid Electric Vehicle (PHEV),Clean Alternative Fuel Vehicle Eligible,38,47.0,227527499,POINT (-122.17743 47.41185),PUGET SOUND ENERGY INC||CITY OF TACOMA - (WA),53033029405
KNDRMDLH1N,King,Sammamish,WA,98075,2022,KIA,SORENTO,Plug-in Hybrid Electric Vehicle (PHEV),Clean Alternative Fuel Vehicle Eligible,32,41.0,211288255,POINT (-122.03539 47.61344),PUGET SOUND ENERGY INC||CITY OF TACOMA - (WA),53033032211
1N4AZ0CP4E,Island,Oak Harbor,WA,98277,2014,NISSAN,LEAF,Battery Electric Vehicle (BEV),Clean Alternative Fuel Vehicle Eligible,84,10.0,124224859,POINT (-122.64682 48.29077),PUGET SOUND ENERGY INC,53029970401
1C4RJXN63S,King,Seattle,WA,98116,2025,JEEP,WRANGLER,Plug-in Hybrid Electric Vehicle (PHEV),Not eligible due to low battery range,21,34.0,281984580,POINT (-122.41067 47.57894),CITY OF SEATTLE - (WA)|CITY OF TACOMA - (WA),53033009701
3FA6P0PUBE,Whatcom,Bellingham,WA,98225,2014,FORD,FUSION,Plug-in Hybrid Electric Vehicle (PHEV),Not eligible due to low battery range,19,40.0,182586008,POINT (-122.47091 48.75256),PUGET SOUND ENERGY INC||PUD NO 1 OF WHATCOM COUNTY,53073000501
JTMEB3FV6S,King,Woodinville,WA,98072,2025,TOYOTA,RAV4 PRIME (PHEV),Plug-in Hybrid Electric Vehicle (PHEV),Clean Alternative Fuel Vehicle Eligible,42,45.0,286347981,POINT (-122.15545 47.75448),PUGET SOUND ENERGY INC||CITY OF TACOMA - (WA),53033032319
JTJCJMGA1S,King,Kirkland,WA,98033,2025,LEXUS,RX,Plug-in Hybrid Electric Vehicle (PHEV),Clean Alternative Fuel Vehicle Eligible,37,48.0,276260519,POINT (-122.2066 47.67887),PUGET SOUND ENERGY INC||CITY OF TACOMA - (WA),53033022702
1N4AZ0CPXD,King,Seattle,WA,98178,2013,NISSAN,LEAF,Battery Electric Vehicle (BEV),Clean Alternative Fuel Vehicle Eligible,75,37.0,166897503,POINT (-122.25031 47.49481),CITY OF SEATTLE - (WA)|CITY OF TACOMA - (WA),53033011901
2C4RC1L76N,Pierce,Tacoma,WA,98406,2022,CHRYSLER,PACIFICA,Plug-in Hybrid Electric Vehicle (PHEV),Clean Alternative Fuel Vehicle Eligible,32,27.0,264936997,POINT (-122.52082 47.26887),BONNEVILLE POWER ADMINISTRATION||CITY OF TACOMA - (WA)||PENINSULA LIGHT COMPANY,53053060800
KM8JFDD26R,King,Seattle,WA,98133,2024,HYUNDAI,TUCSON,Plug-in Hybrid Electric Vehicle (PHEV),Clean Alternative Fuel Vehicle Eligible,33,32.0,285934295,POINT (-122.33364 47.73709),CITY OF SEATTLE - (WA)|CITY OF TACOMA - (WA),53033000403
5YJ3E1EB8K,Snohomish,Mukilteo,WA,98275,2019,TESLA,MODEL 3,Battery Electric Vehicle (BEV),Clean Alternative Fuel Vehicle Eligible,220,21.0,179728755,POINT (-122.29196 47.89908),PUGET SOUND ENERGY INC,53061041301
5YJ3E1EA4K,King,Renton,WA,98056,2019,TESLA,MODEL 3,Battery Electric Vehicle (BEV),Clean Alternative Fuel Vehicle Eligible,220,41.0,475002531,POINT (-122.18839 47.51197),PUGET SOUND ENERGY INC||CITY OF TACOMA - (WA),53033025201
1FMCU0LZ9N,Whitman,Pullman,WA,99163,2022,FORD,ESCAPE,Plug-in Hybrid Electric Vehicle (PHEV),Clean Alternative Fuel Vehicle Eligible,38,9.0,200792707,POINT (-117.18147 46.73015),AVISTA CORP,53075000300
1C4JJXR61N,Snohomish,Everett,WA,98208,2022,JEEP,WRANGLER,Plug-in Hybrid Electric Vehicle (PHEV),Not eligible due to low battery range,22,44.0,211970776,POINT (-122.18637 47.89251),PUGET SOUND ENERGY INC,53061052121
WVWPR7AU4K,Pierce,Tacoma,WA,98445,2019,VOLKSWAGEN,E-GOLF,Battery Electric Vehicle (BEV),Clean Alternative Fuel Vehicle Eligible,125,29.0,104673061,POINT (-122.40872 47.16568),BONNEVILLE POWER ADMINISTRATION||CITY OF TACOMA - (WA)||PENINSULA LIGHT COMPANY,53053063402
5YJXCAE25L,Yakima,Yakima,WA,98902,2020,TESLA,MODEL X,Battery Electric Vehicle (BEV),Clean Alternative Fuel Vehicle Eligible,293,15.0,132220168,POINT (-120.51904 46.59783),PACIFICORP,53077001100
1C4RJXU66R,Clark,Camas,WA,98607,2024,JEEP,WRANGLER,Plug-in Hybrid Electric Vehicle (PHEV),Not eligible due to low battery range,21,18.0,276522774,POINT (-122.40199 45.58694),BONNEVILLE POWER ADMINISTRATION||PUD NO 1 OF CLARK COUNTY - (WA),53011040605
2C4RC1S71M,Pierce,Tacoma,WA,98445,2021,CHRYSLER,PACIFICA,Plug-in Hybrid Electric Vehicle (PHEV),Clean Alternative Fuel Vehicle Eligible,32,29.0,152655940,POINT (-122.40872 47.16568),BONNEVILLE POWER ADMINISTRATION||CITY OF TACOMA - (WA)||ELMHURST MUTUAL POWER & LIGHT CO|PENINSULA LIGHT COMPANY,53053071506
JTMCB3FV8N,King,Seattle,WA,98146,2022,TOYOTA,RAV4 PRIME (PHEV),Plug-in Hybrid Electric Vehicle (PHEV),Clean Alternative Fuel Vehicle Eligible,42,34.0,192324051,POINT (-122.36322 47.49736),CITY OF SEATTLE - (WA)|CITY OF TACOMA - (WA),53033012100
JTDKARFP0J,Yakima,Yakima,WA,98902,2018,TOYOTA,PRIUS PRIME (PHEV),Plug-in Hybrid Electric Vehicle (PHEV),Not eligible due to low battery range,25,14.0,322203220,POINT (-120.51904 46.59783),PACIFICORP,53077000800
5YJ3E1EB5J,Yakima,Toppenish,WA,98948,2018,TESLA,MODEL 3,Battery Electric Vehicle (BEV),Clean Alternative Fuel Vehicle Eligible,215,15.0,278135182,POINT (-120.31298 46.37508),PACIFICORP,53077940005
5UX43EU00S,Walla Walla,Walla Walla,WA,99362,2025,BMW,X5,Plug-in Hybrid Electric Vehicle (PHEV),Clean Alternative Fuel Vehicle Eligible,40,16.0,281249524,POINT (-118.34261 46.07068),PACIFICORP,53071920902
1N4AZ0CPXF,Thurston,Olympia,WA,98501,2015,NISSAN,LEAF,Battery Electric Vehicle (BEV),Clean Alternative Fuel Vehicle Eligible,84,22.0,174368358,POINT (-122.89165 47.03954),PUGET SOUND ENERGY INC,53067011200
YV4H60CM0N,King,Seattle,WA,98115,2022,VOLVO,XC90,Plug-in Hybrid Electric Vehicle (PHEV),Clean Alternative Fuel Vehicle Eligible,35,46.0,280507041,POINT (-122.31676 47.68156),CITY OF SEATTLE - (WA)|CITY OF TACOMA - (WA),53033002100
2C4RC1N77J,Pierce,Puyallup,WA,98373,2018,CHRYSLER,PACIFICA,Plug-in Hybrid Electric Vehicle (PHEV),Clean Alternative Fuel Vehicle Eligible,33,25.0,261829487,POINT (-122.2988 47.13795),PUGET SOUND ENERGY INC||CITY OF TACOMA - (WA),53053071304
1G1FX6S03J,King,Seattle,WA,98133,2018,CHEVROLET,BOLT EV,Battery Electric Vehicle (BEV),Clean Alternative Fuel Vehicle Eligible,238,46.0,252559142,POINT (-122.33364 47.73709),CITY OF SEATTLE - (WA)|CITY OF TACOMA - (WA),53033000300
JTMAB3FV4R,Clark,Yacolt,WA,98675,2024,TOYOTA,RAV4 PRIME (PHEV),Plug-in Hybrid Electric Vehicle (PHEV),Clean Alternative Fuel Vehicle Eligible,42,18.0,261065871,POINT (-122.40908 45.86679),BONNEVILLE POWER ADMINISTRATION||PUD NO 1 OF CLARK COUNTY - (WA),53011040102
WBA7W4C05L,Spokane,Spokane,WA,99208,2020,BMW,745E,Plug-in Hybrid Electric Vehicle (PHEV),Not eligible due to low battery range,16,6.0,8919494,POINT (-117.45005 47.7333),BONNEVILLE POWER ADMINISTRATION||AVISTA CORP||INLAND POWER & LIGHT COMPANY,53063010702
1G1FZ6S04L,Skagit,Mount Vernon,WA,98274,2020,CHEVROLET,BOLT EV,Battery Electric Vehicle (BEV),Clean Alternative Fuel Vehicle Eligible,259,10.0,261987589,POINT (-122.32295 48.4152),PUGET SOUND ENERGY INC,53057951200
3FA6P0SUXH,Snohomish,Everett,WA,98204,2017,FORD,FUSION,Plug-in Hybrid Electric Vehicle (PHEV),Not eligible due to low battery range,21,21.0,289289073,POINT (-122.27557 47.88936),PUGET SOUND ENERGY INC,53061041812
JM3KKEHA3S,Snohomish,Edmonds,WA,98026,2025,MAZDA,CX-90,Plug-in Hybrid Electric Vehicle (PHEV),Not eligible due to low battery range,26,21.0,282968654,POINT (-122.31768 47.87166),PUGET SOUND ENERGY INC,53061042005
5YJXCDE24J,King,Seattle,WA,98125,2018,TESLA,MODEL X,Battery Electric Vehicle (BEV),Clean Alternative Fuel Vehicle Eligible,238,46.0,211403258,POINT (-122.30253 47.72656),CITY OF SEATTLE - (WA)|CITY OF TACOMA - (WA),53033001100
JTDKARFP0H,Snohomish,Everett,WA,98204,2017,TOYOTA,PRIUS PRIME (PHEV),Plug-in Hybrid Electric Vehicle (PHEV),Not eligible due to low battery range,25,21.0,333470910,POINT (-122.27557 47.88936),PUGET SOUND ENERGY INC,53061041901
JTDKARFP1H,Whitman,Pullman,WA,99163,2017,TOYOTA,PRIUS PRIME (PHEV),Plug-in Hybrid Electric Vehicle (PHEV),Not eligible due to low battery range,25,9.0,279215415,POINT (-117.18147 46.73015),AVISTA CORP,53075000202
JTMAB3FV2M,King,Seattle,WA,98117,2021,TOYOTA,RAV4 PRIME (PHEV),Plug-in Hybrid Electric Vehicle (PHEV),Clean Alternative Fuel Vehicle Eligible,42,36.0,166746604,POINT (-122.38418 47.70044),CITY OF SEATTLE - (WA)|CITY OF TACOMA - (WA),53033002900
KNDCD3LD8N,Clark,Vancouver,WA,98664,2022,KIA,NIRO,Plug-in Hybrid Electric Vehicle (PHEV),Not eligible due to low battery range,26,49.0,279268769,POINT (-122.59219 45.62158),BONNEVILLE POWER ADMINISTRATION||PUD NO 1 OF CLARK COUNTY - (WA),53011041208
1FADP5CU5F,King,Auburn,WA,98001,2015,FORD,C-MAX,Plug-in Hybrid Electric Vehicle (PHEV),Not eligible due to low battery range,19,30.0,137525384,POINT (-122.28802 47.30264),PUGET SOUND ENERGY INC||CITY OF TACOMA - (WA),53033030405
1FMCU0E18R,King,Kent,WA,98032,2024,FORD,ESCAPE,Plug-in Hybrid Electric Vehicle (PHEV),Clean Alternative Fuel Vehicle Eligible,37,33.0,285683548,POINT (-122.23741 47.3807),PUGET SOUND ENERGY INC||CITY OF TACOMA - (WA),53033029205
5YJ3E1EA1K,Snohomish,Mukilteo,WA,98275,2019,TESLA,MODEL 3,Battery Electric Vehicle (BEV),Clean Alternative Fuel Vehicle Eligible,220,21.0,478910428,POINT (-122.29196 47.89908),PUGET SOUND ENERGY INC,53061041301
5YJ3E1EBXJ,King,Redmond,WA,98052,2018,TESLA,MODEL 3,Battery Electric Vehicle (BEV),Clean Alternative Fuel Vehicle Eligible,215,48.0,475551842,POINT (-122.13158 47.67858),PUGET SOUND ENERGY INC||CITY OF TACOMA - (WA),53033032325
YV4H60PB9S,Clark,Vancouver,WA,98660,2025,VOLVO,XC90,Plug-in Hybrid Electric Vehicle (PHEV),Clean Alternative Fuel Vehicle Eligible,32,49.0,282454861,POINT (-122.67156 45.63248),BONNEVILLE POWER ADMINISTRATION||PUD NO 1 OF CLARK COUNTY - (WA),53011042300
5YJSA1H17E,King,Bellevue,WA,98006,2014,TESLA,MODEL S,Battery Electric Vehicle (BEV),Clean Alternative Fuel Vehicle Eligible,208,41.0,166306094,POINT (-122.12096 47.55584),PUGET SOUND ENERGY INC||CITY OF TACOMA - (WA),53033024901
KNDPZDDH3R,Kitsap,Bainbridge Island,WA,98110,2024,KIA,SPORTAGE,Plug-in Hybrid Electric Vehicle (PHEV),Clean Alternative Fuel Vehicle Eligible,34,23.0,265090514,POINT (-122.521 47.62732),PUGET SOUND ENERGY INC,53035090700
KNDPYDAH1P,Snohomish,Lake Stevens,WA,98258,2023,KIA,SPORTAGE,Plug-in Hybrid Electric Vehicle (PHEV),Clean Alternative Fuel Vehicle Eligible,34,44.0,258184881,POINT (-122.06402 48.01497),PUGET SOUND ENERGY INC,53061052607
5YJ3E1EA7L,King,Redmond,WA,98072,2020,TESLA,MODEL 3,Battery Electric Vehicle (BEV),Clean Alternative Fuel Vehicle Eligible,266,45.0,126075827,POINT (-122.15545 47.75448),PUGET SOUND ENERGY INC||CITY OF TACOMA - (WA),53033032327
JN1AZ0CP3B,King,Seattle,WA,98112,2011,NISSAN,LEAF,Battery Electric Vehicle (BEV),Clean Alternative Fuel Vehicle Eligible,73,43.0,150587370,POINT (-122.30207 47.64085),CITY OF SEATTLE - (WA)|CITY OF TACOMA - (WA),53033006400
WA1VABGE7K,Whatcom,Blaine,WA,98230,2019,AUDI,E-TRON,Battery Electric Vehicle (BEV),Clean Alternative Fuel Vehicle Eligible,204,42.0,118132878,POINT (-122.74823 48.99405),PUGET SOUND ENERGY INC||PUD NO 1 OF WHATCOM COUNTY,53073010406
JA4J24A55K,Thurston,Olympia,WA,98501,2019,MITSUBISHI,OUTLANDER,Plug-in Hybrid Electric Vehicle (PHEV),Not eligible due to low battery range,22,22.0,312689086,POINT (-122.89165 47.03954),PUGET SOUND ENERGY INC,53067011200
1N4AZ0CP3F,King,Kent,WA,98031,2015,NISSAN,LEAF,Battery Electric Vehicle (BEV),Clean Alternative Fuel Vehicle Eligible,84,47.0,2838531,POINT (-122.17743 47.41185),PUGET SOUND ENERGY INC||CITY OF TACOMA - (WA),53033029602
ZACPDFCW0R,King,Tukwila,WA,98188,2024,DODGE,HORNET,Plug-in Hybrid Electric Vehicle (PHEV),Clean Alternative Fuel Vehicle Eligible,32,11.0,260308002,POINT (-122.27979 47.44952),PUGET SOUND ENERGY INC||CITY OF TACOMA - (WA),53033028200
1G1RA6S58H,Snohomish,Edmonds,WA,98026,2017,CHEVROLET,VOLT,Plug-in Hybrid Electric Vehicle (PHEV),Clean Alternative Fuel Vehicle Eligible,53,21.0,263470476,POINT (-122.31768 47.87166),PUGET SOUND ENERGY INC,53061042005
JTMEB3FV5R,King,Kirkland,WA,98033,2024,TOYOTA,RAV4 PRIME (PHEV),Plug-in Hybrid Electric Vehicle (PHEV),Clean Alternative Fuel Vehicle Eligible,42,48.0,261349343,POINT (-122.2066 47.67887),PUGET SOUND ENERGY INC||CITY OF TACOMA - (WA),53033022603
JTDKN3DP1C,King,Pacific,WA,98047,2012,TOYOTA,PRIUS,Plug-in Hybrid Electric Vehicle (PHEV),Not eligible due to low battery range,6,30.0,241374675,POINT (-122.24692 47.26465),PUGET SOUND ENERGY INC||CITY OF TACOMA - (WA),53033030902
YV4BR0DL7L,Island,Coupeville,WA,98239,2020,VOLVO,XC60,Plug-in Hybrid Electric Vehicle (PHEV),Not eligible due to low battery range,18,10.0,3342818,POINT (-122.68558 48.21857),PUGET SOUND ENERGY INC,53029971000
5YJ3E1EB8K,King,Issaquah,WA,98027,2019,TESLA,MODEL 3,Battery Electric Vehicle (BEV),Clean Alternative Fuel Vehicle Eligible,220,5.0,104028893,POINT (-122.03439 47.5301),PUGET SOUND ENERGY INC||CITY OF TACOMA - (WA),53033025006
JA4T5WA91S,King,Kirkland,WA,98033,2025,MITSUBISHI,OUTLANDER,Plug-in Hybrid Electric Vehicle (PHEV),Clean Alternative Fuel Vehicle Eligible,38,48.0,285694650,POINT (-122.2066 47.67887),PUGET SOUND ENERGY INC||CITY OF TACOMA - (WA),53033022603
5YJ3E1EA3K,King,Bellevue,WA,98004,2019,TESLA,MODEL 3,Battery Electric Vehicle (BEV),Clean Alternative Fuel Vehicle Eligible,220,41.0,326589021,POINT (-122.1872 47.61001),PUGET SOUND ENERGY INC||CITY OF TACOMA - (WA),53033023901
5YJYGDEE2L,King,Seattle,WA,98144,2020,TESLA,MODEL Y,Battery Electric Vehicle (BEV),Clean Alternative Fuel Vehicle Eligible,291,37.0,112320316,POINT (-122.30866 47.57874),CITY OF SEATTLE - (WA)|CITY OF TACOMA - (WA),53033008900
JTDACACU2S,King,Seattle,WA,98177,2025,TOYOTA,PRIUS PRIME (PHEV),Plug-in Hybrid Electric Vehicle (PHEV),Clean Alternative Fuel Vehicle Eligible,39,36.0,280740001,POINT (-122.37238 47.74068),CITY OF SEATTLE - (WA)|CITY OF TACOMA - (WA),53033001400
5YJ3E1EB0L,King,Bellevue,WA,98004,2020,TESLA,MODEL 3,Battery Electric Vehicle (BEV),Clean Alternative Fuel Vehicle Eligible,322,48.0,146918670,POINT (-122.1872 47.61001),PUGET SOUND ENERGY INC||CITY OF TACOMA - (WA),53033024001
3FA6P0SU8G,King,Shoreline,WA,98155,2016,FORD,FUSION,Plug-in Hybrid Electric Vehicle (PHEV),Not eligible due to low battery range,19,32.0,2656006,POINT (-122.30304 47.75494),CITY OF SEATTLE - (WA)|CITY OF TACOMA - (WA),53033020500
YV1H60EP1R,King,Seattle,WA,98109,2024,VOLVO,V60,Plug-in Hybrid Electric Vehicle (PHEV),Clean Alternative Fuel Vehicle Eligible,41,36.0,264291807,POINT (-122.35022 47.63824),CITY OF SEATTLE - (WA)|CITY OF TACOMA - (WA),53033007002
5UXTA6C03M,King,Seattle,WA,98109,2021,BMW,X5,Plug-in Hybrid Electric Vehicle (PHEV),Clean Alternative Fuel Vehicle Eligible,30,43.0,144006845,POINT (-122.35022 47.63824),CITY OF SEATTLE - (WA)|CITY OF TACOMA - (WA),53033007303
YV4BR0CL1M,Pierce,Lakewood,WA,98498,2021,VOLVO,XC90,Plug-in Hybrid Electric Vehicle (PHEV),Not eligible due to low battery range,18,28.0,138347093,POINT (-122.54764 47.17669),PUGET SOUND ENERGY INC||CITY OF TACOMA - (WA),53053071902
5YJSA1S28F,Skagit,Mount Vernon,WA,98273,2015,TESLA,MODEL S,Battery Electric Vehicle (BEV),Clean Alternative Fuel Vehicle Eligible,208,10.0,132635814,POINT (-122.33891 48.41644),PUGET SOUND ENERGY INC,53057952100
JTMFB3FVXR,King,Newcastle,WA,98056,2024,TOYOTA,RAV4 PRIME (PHEV),Plug-in Hybrid Electric Vehicle (PHEV),Clean Alternative Fuel Vehicle Eligible,42,41.0,274905123,POINT (-122.18839 47.51197),PUGET SOUND ENERGY INC||CITY OF TACOMA - (WA),53033024703
5YJ3E1EB7J,Snohomish,Monroe,WA,98272,2018,TESLA,MODEL 3,Battery Electric Vehicle (BEV),Clean Alternative Fuel Vehicle Eligible,215,39.0,473622845,POINT (-121.98087 47.8526),PUGET SOUND ENERGY INC,53061052113
WVWPR7AU1K,King,Maple Valley,WA,98038,2019,VOLKSWAGEN,E-GOLF,Battery Electric Vehicle (BEV),Clean Alternative Fuel Vehicle Eligible,125,5.0,101023485,POINT (-122.04526 47.39394),PUGET SOUND ENERGY INC||CITY OF TACOMA - (WA),53033032003
JN1AZ0CP3C,Mason,Shelton,WA,98584,2012,NISSAN,LEAF,Battery Electric Vehicle (BEV),Clean Alternative Fuel Vehicle Eligible,73,35.0,135800584,POINT (-123.10616 47.21253),BONNEVILLE POWER ADMINISTRATION||CITY OF TACOMA - (WA)||PUD NO 3 OF MASON COUNTY,53045960202
JA4T5WA96S,King,Kent,WA,98031,2025,MITSUBISHI,OUTLANDER,Plug-in Hybrid Electric Vehicle (PHEV),Clean Alternative Fuel Vehicle Eligible,38,11.0,287482240,POINT (-122.17743 47.41185),PUGET SOUND ENERGY INC||CITY OF TACOMA - (WA),53033029306
5YJXCBE24L,Cowlitz,Kalama,WA,98625,2020,TESLA,MODEL X,Battery Electric Vehicle (BEV),Clean Alternative Fuel Vehicle Eligible,293,20.0,114664301,POINT (-122.84226 46.00813),BONNEVILLE POWER ADMINISTRATION||PUD NO 1 OF COWLITZ COUNTY,53015001601
1G1RD6E43E,Thurston,Olympia,WA,98501,2014,CHEVROLET,VOLT,Plug-in Hybrid Electric Vehicle (PHEV),Clean Alternative Fuel Vehicle Eligible,38,22.0,219890254,POINT (-122.89165 47.03954),PUGET SOUND ENERGY INC,53067010100
5YJ3E1EC5L,King,Seattle,WA,98116,2020,TESLA,MODEL 3,Battery Electric Vehicle (BEV),Clean Alternative Fuel Vehicle Eligible,308,34.0,103006242,POINT (-122.41067 47.57894),CITY OF SEATTLE - (WA)|CITY OF TACOMA - (WA),53033009600
ZACPDFCW4R,King,Tukwila,WA,98188,2024,DODGE,HORNET,Plug-in Hybrid Electric Vehicle (PHEV),Clean Alternative Fuel Vehicle Eligible,32,11.0,260324095,POINT (-122.27979 47.44952),PUGET SOUND ENERGY INC||CITY OF TACOMA - (WA),53033028200
5YJSA1E25H,King,Bellevue,WA,98004,2017,TESLA,MODEL S,Battery Electric Vehicle (BEV),Clean Alternative Fuel Vehicle Eligible,210,48.0,8973828,POINT (-122.1872 47.61001),PUGET SOUND ENERGY INC||CITY OF TACOMA - (WA),53033024001
WP0AE2YA0S,Pierce,Tacoma,WA,98402,2025,PORSCHE,PANAMERA,Plug-in Hybrid Electric Vehicle (PHEV),Not eligible due to low battery range,28,27.0,285491356,POINT (-122.44164 47.25517),BONNEVILLE POWER ADMINISTRATION||CITY OF TACOMA - (WA)||PENINSULA LIGHT COMPANY,53053060200
2C4RC1N78L,King,Seattle,WA,98116,2020,CHRYSLER,PACIFICA,Plug-in Hybrid Electric Vehicle (PHEV),Clean Alternative Fuel Vehicle Eligible,32,34.0,139815693,POINT (-122.41067 47.57894),CITY OF SEATTLE - (WA)|CITY OF TACOMA - (WA),53033009802
YV4BK0DP1L,King,Kent,WA,98042,2020,VOLVO,XC60,Plug-in Hybrid Electric Vehicle (PHEV),Not eligible due to low battery range,19,47.0,100710354,POINT (-122.10798 47.37124),PUGET SOUND ENERGY INC||CITY OF TACOMA - (WA),53033029406
5YJSA1E41J,Pierce,Puyallup,WA,98374,2018,TESLA,MODEL S,Battery Electric Vehicle (BEV),Clean Alternative Fuel Vehicle Eligible,249,25.0,192468699,POINT (-122.27504 47.13926),BONNEVILLE POWER ADMINISTRATION||CITY OF TACOMA - (WA)||PENINSULA LIGHT COMPANY,53053071212
YV4H60CF1R,King,Seattle,WA,98112,2024,VOLVO,XC90,Plug-in Hybrid Electric Vehicle (PHEV),Clean Alternative Fuel Vehicle Eligible,32,37.0,267339845,POINT (-122.30207 47.64085),CITY OF SEATTLE - (WA)|CITY OF TACOMA - (WA),53033007800
WAUTPBFFXG,King,Renton,WA,98058,2016,AUDI,A3,Plug-in Hybrid Electric Vehicle (PHEV),Not eligible due to low battery range,16,11.0,121844698,POINT (-122.08747 47.4466),PUGET SOUND ENERGY INC||CITY OF TACOMA - (WA),53033031908
1G1FY6S05L,Snohomish,Marysville,WA,98270,2020,CHEVROLET,BOLT EV,Battery Electric Vehicle (BEV),Clean Alternative Fuel Vehicle Eligible,259,38.0,276957572,POINT (-122.1769 48.06114),PUGET SOUND ENERGY INC,53061052906
2C4RC1L7XP,Lewis,Centralia,WA,98531,2023,CHRYSLER,PACIFICA,Plug-in Hybrid Electric Vehicle (PHEV),Clean Alternative Fuel Vehicle Eligible,32,20.0,253701073,POINT (-122.95266 46.72895),BONNEVILLE POWER ADMINISTRATION||CITY OF CENTRALIA - (WA)|CITY OF TACOMA - (WA),53041970700
WBA8E1C51J,Lewis,Napavine,WA,98565,2018,BMW,330E,Plug-in Hybrid Electric Vehicle (PHEV),Not eligible due to low battery range,14,20.0,285108197,POINT (-122.90821 46.57629),PUGET SOUND ENERGY INC||CITY OF TACOMA - (WA),53041971300
2C4RC1S73M,Pierce,South Hill,WA,98374,2021,CHRYSLER,PACIFICA,Plug-in Hybrid Electric Vehicle (PHEV),Clean Alternative Fuel Vehicle Eligible,32,2.0,281687549,POINT (-122.27504 47.13926),PUGET SOUND ENERGY INC||CITY OF TACOMA - (WA),53053073129
5YJ3E1EB7J,King,Seattle,WA,98107,2018,TESLA,MODEL 3,Battery Electric Vehicle (BEV),Clean Alternative Fuel Vehicle Eligible,215,36.0,273521069,POINT (-122.38591 47.67597),CITY OF SEATTLE - (WA)|CITY OF TACOMA - (WA),53033004702
KMHC75LD3K,Whatcom,Bellingham,WA,98225,2019,HYUNDAI,IONIQ,Plug-in Hybrid Electric Vehicle (PHEV),Not eligible due to low battery range,29,42.0,2209518,POINT (-122.47091 48.75256),PUGET SOUND ENERGY INC||PUD NO 1 OF WHATCOM COUNTY,53073000501
2C4RC1L75M,Lewis,Vader,WA,98593,2021,CHRYSLER,PACIFICA,Plug-in Hybrid Electric Vehicle (PHEV),Clean Alternative Fuel Vehicle Eligible,32,20.0,152518208,POINT (-122.95015 46.40201),BONNEVILLE POWER ADMINISTRATION||CITY OF TACOMA - (WA)||PUD NO 1 OF LEWIS COUNTY,53041971600
5YJSA1H21F,Pierce,Tacoma,WA,98404,2015,TESLA,MODEL S,Battery Electric Vehicle (BEV),Clean Alternative Fuel Vehicle Eligible,208,27.0,261158929,POINT (-122.41249 47.21584),BONNEVILLE POWER ADMINISTRATION||CITY OF TACOMA - (WA)||PENINSULA LIGHT COMPANY,53053063301
1G1RA6S52J,Snohomish,Mukilteo,WA,98275,2018,CHEVROLET,VOLT,Plug-in Hybrid Electric Vehicle (PHEV),Clean Alternative Fuel Vehicle Eligible,53,21.0,286123302,POINT (-122.29196 47.89908),PUGET SOUND ENERGY INC,53061041301
JTDACACUXR,Kitsap,Port Orchard,WA,98367,2024,TOYOTA,PRIUS PRIME (PHEV),Plug-in Hybrid Electric Vehicle (PHEV),Clean Alternative Fuel Vehicle Eligible,39,26.0,272724182,POINT (-122.68471 47.50524),PUGET SOUND ENERGY INC,53035092902
5UXTA6C03M,King,Kirkland,WA,98034,2021,BMW,X5,Plug-in Hybrid Electric Vehicle (PHEV),Clean Alternative Fuel Vehicle Eligible,30,45.0,179343776,POINT (-122.22901 47.72201),PUGET SOUND ENERGY INC||CITY OF TACOMA - (WA),53033021904
5YJ3E1EA5K,King,Sammamish,WA,98074,2019,TESLA,MODEL 3,Battery Electric Vehicle (BEV),Clean Alternative Fuel Vehicle Eligible,220,45.0,190323871,POINT (-122.02054 47.60326),PUGET SOUND ENERGY INC||CITY OF TACOMA - (WA),53033032318
JTDKARFP6J,King,Seattle,WA,98144,2018,TOYOTA,PRIUS PRIME (PHEV),Plug-in Hybrid Electric Vehicle (PHEV),Not eligible due to low battery range,25,37.0,272796401,POINT (-122.30866 47.57874),CITY OF SEATTLE - (WA)|CITY OF TACOMA - (WA),53033008900
2C4RC1N74L,King,Bellevue,WA,98005,2020,CHRYSLER,PACIFICA,Plug-in Hybrid Electric Vehicle (PHEV),Clean Alternative Fuel Vehicle Eligible,32,48.0,8878579,POINT (-122.1621 47.64441),PUGET SOUND ENERGY INC||CITY OF TACOMA - (WA),53033022805
5YJ3E1EB8J,Snohomish,Everett,WA,98208,2018,TESLA,MODEL 3,Battery Electric Vehicle (BEV),Clean Alternative Fuel Vehicle Eligible,215,38.0,475650248,POINT (-122.18637 47.89251),PUGET SOUND ENERGY INC,53061041805
1N4AZ0CPXF,King,Shoreline,WA,98155,2015,NISSAN,LEAF,Battery Electric Vehicle (BEV),Clean Alternative Fuel Vehicle Eligible,84,32.0,207658832,POINT (-122.30304 47.75494),CITY OF SEATTLE - (WA)|CITY OF TACOMA - (WA),53033020500
YV4H60CL3N,King,Burien,WA,98166,2022,VOLVO,XC90,Plug-in Hybrid Electric Vehicle (PHEV),Clean Alternative Fuel Vehicle Eligible,35,34.0,276630693,POINT (-122.33942 47.46864),PUGET SOUND ENERGY INC||CITY OF TACOMA - (WA),53033027800
1G1RE6E48E,Clark,Vancouver,WA,98682,2014,CHEVROLET,VOLT,Plug-in Hybrid Electric Vehicle (PHEV),Clean Alternative Fuel Vehicle Eligible,38,17.0,268153000,POINT (-122.55149 45.69345),BONNEVILLE POWER ADMINISTRATION||PUD NO 1 OF CLARK COUNTY - (WA),53011041333
5YJ3E1EBXJ,King,Covington,WA,98042,2018,TESLA,MODEL 3,Battery Electric Vehicle (BEV),Clean Alternative Fuel Vehicle Eligible,215,47.0,474168943,POINT (-122.10798 47.37124),PUGET SOUND ENERGY INC||CITY OF TACOMA - (WA),53033031710
KNDCC3LG6K,Snohomish,Stanwood,WA,98292,2019,KIA,NIRO,Battery Electric Vehicle (BEV),Clean Alternative Fuel Vehicle Eligible,239,10.0,111971268,POINT (-122.37265 48.24159),BONNEVILLE POWER ADMINISTRATION||PUD 1 OF SNOHOMISH COUNTY,53061053201
KNDJX3AE5G,King,Redmond,WA,98052,2016,KIA,SOUL,Battery Electric Vehicle (BEV),Clean Alternative Fuel Vehicle Eligible,93,45.0,243839872,POINT (-122.13158 47.67858),PUGET SOUND ENERGY INC||CITY OF TACOMA - (WA),53033032323
1N4AZ0CP7F,King,Shoreline,WA,98177,2015,NISSAN,LEAF,Battery Electric Vehicle (BEV),Clean Alternative Fuel Vehicle Eligible,84,32.0,241141890,POINT (-122.37238 47.74068),CITY OF SEATTLE - (WA)|CITY OF TACOMA - (WA),53033020800
W1NKM5GB1S,King,Bellevue,WA,98004,2025,MERCEDES-BENZ,GLC-CLASS,Plug-in Hybrid Electric Vehicle (PHEV),Clean Alternative Fuel Vehicle Eligible,54,48.0,279121286,POINT (-122.1872 47.61001),PUGET SOUND ENERGY INC||CITY OF TACOMA - (WA),53033023805
5YJ3E1EB7K,King,Kirkland,WA,98033,2019,TESLA,MODEL 3,Battery Electric Vehicle (BEV),Clean Alternative Fuel Vehicle Eligible,220,48.0,476354602,POINT (-122.2066 47.67887),PUGET SOUND ENERGY INC||CITY OF TACOMA - (WA),53033022701
5YJ3E1EBXJ,King,Woodinville,WA,98072,2018,TESLA,MODEL 3,Battery Electric Vehicle (BEV),Clean Alternative Fuel Vehicle Eligible,215,45.0,254094081,POINT (-122.15545 47.75448),PUGET SOUND ENERGY INC||CITY OF TACOMA - (WA),53033021906
WBY7Z4C56J,Clark,Vancouver,WA,98684,2018,BMW,I3,Plug-in Hybrid Electric Vehicle (PHEV),Clean Alternative Fuel Vehicle Eligible,97,17.0,202627932,POINT (-122.48723 45.63701),BONNEVILLE POWER ADMINISTRATION||PUD NO 1 OF CLARK COUNTY - (WA),53011041317
1C4JJXR65M,Yakima,Yakima,WA,98903,2021,JEEP,WRANGLER,Plug-in Hybrid Electric Vehicle (PHEV),Not eligible due to low battery range,21,14.0,152388106,POINT (-120.71847 46.55029),BONNEVILLE POWER ADMINISTRATION||BENTON RURAL ELECTRIC ASSN,53077003003
1C4RJYD62N,King,Woodinville,WA,98072,2022,JEEP,GRAND CHEROKEE,Plug-in Hybrid Electric Vehicle (PHEV),Not eligible due to low battery range,25,45.0,221124816,POINT (-122.15545 47.75448),PUGET SOUND ENERGY INC||CITY OF TACOMA - (WA),53033021906
JN1AZ0CP1B,King,Seattle,WA,98124,2011,NISSAN,LEAF,Battery Electric Vehicle (BEV),Clean Alternative Fuel Vehicle Eligible,73,11.0,101502166,POINT (-122.32851 47.58064),CITY OF SEATTLE - (WA)|CITY OF TACOMA - (WA),53033009300
5YJ3E1EBXL,King,Sammamish,WA,98074,2020,TESLA,MODEL 3,Battery Electric Vehicle (BEV),Clean Alternative Fuel Vehicle Eligible,322,45.0,114660073,POINT (-122.02054 47.60326),PUGET SOUND ENERGY INC||CITY OF TACOMA - (WA),53033032317
5YJ3E1EAXK,King,Seattle,WA,98178,2019,TESLA,MODEL 3,Battery Electric Vehicle (BEV),Clean Alternative Fuel Vehicle Eligible,220,37.0,111696833,POINT (-122.25031 47.49481),PUGET SOUND ENERGY INC||CITY OF TACOMA - (WA),53033026001
5YJYGDEE2L,King,Shoreline,WA,98133,2020,TESLA,MODEL Y,Battery Electric Vehicle (BEV),Clean Alternative Fuel Vehicle Eligible,291,32.0,127191011,POINT (-122.33364 47.73709),CITY OF SEATTLE - (WA)|CITY OF TACOMA - (WA),53033021000
1G1FX6S00K,Mason,Shelton,WA,98584,2019,CHEVROLET,BOLT EV,Battery Electric Vehicle (BEV),Clean Alternative Fuel Vehicle Eligible,238,35.0,298960175,POINT (-123.10616 47.21253),BONNEVILLE POWER ADMINISTRATION||CITY OF TACOMA - (WA)||PUD NO 1 OF MASON COUNTY,53045960600
1N4AZ1CP1J,Snohomish,Snohomish,WA,98290,2018,NISSAN,LEAF,Battery Electric Vehicle (BEV),Clean Alternative Fuel Vehicle Eligible,151,44.0,134284734,POINT (-122.09305 47.91265),PUGET SOUND ENERGY INC,53061052401
7JRH60FT7P,Snohomish,Lynnwood,WA,98087,2023,VOLVO,S60,Plug-in Hybrid Electric Vehicle (PHEV),Clean Alternative Fuel Vehicle Eligible,41,21.0,282122396,POINT (-122.27981 47.85727),PUGET SOUND ENERGY INC,53061041703
5YJ3E1EB3J,Clark,Amboy,WA,98601,2018,TESLA,MODEL 3,Battery Electric Vehicle (BEV),Clean Alternative Fuel Vehicle Eligible,215,20.0,194693852,POINT (-122.42148 45.91958),BONNEVILLE POWER ADMINISTRATION||PUD NO 1 OF CLARK COUNTY - (WA),53011040101
1G1RC6S50K,Pierce,Graham,WA,98338,2019,CHEVROLET,VOLT,Plug-in Hybrid Electric Vehicle (PHEV),Clean Alternative Fuel Vehicle Eligible,53,2.0,9381333,POINT (-122.29477 47.05703),"BONNEVILLE POWER ADMINISTRATION||CITY OF TACOMA - (WA)||OHOP MUTUAL LIGHT COMPANY, INC|PENINSULA LIGHT COMPANY",53053073116
1FADP5CU1G,Kitsap,Bainbridge Island,WA,98110,2016,FORD,C-MAX,Plug-in Hybrid Electric Vehicle (PHEV),Not eligible due to low battery range,19,23.0,281647579,POINT (-122.521 47.62732),PUGET SOUND ENERGY INC,53035090901
5YJYGDEF8L,King,Seattle,WA,98107,2020,TESLA,MODEL Y,Battery Electric Vehicle (BEV),Clean Alternative Fuel Vehicle Eligible,291,36.0,112984833,POINT (-122.38591 47.67597),CITY OF SEATTLE - (WA)|CITY OF TACOMA - (WA),53033004703
JTMEB3FV9P,King,Seattle,WA,98107,2023,TOYOTA,RAV4 PRIME (PHEV),Plug-in Hybrid Electric Vehicle (PHEV),Clean Alternative Fuel Vehicle Eligible,42,36.0,265801203,POINT (-122.38591 47.67597),CITY OF SEATTLE - (WA)|CITY OF TACOMA - (WA),53033003301
ZACPDFCWXR,King,Tukwila,WA,98188,2024,DODGE,HORNET,Plug-in Hybrid Electric Vehicle (PHEV),Clean Alternative Fuel Vehicle Eligible,32,11.0,261923560,POINT (-122.27979 47.44952),PUGET SOUND ENERGY INC||CITY OF TACOMA - (WA),53033028200
5YJSA1CN6D,Pierce,Puyallup,WA,98374,2013,TESLA,MODEL S,Battery Electric Vehicle (BEV),Clean Alternative Fuel Vehicle Eligible,208,25.0,227139902,POINT (-122.27504 47.13926),PUGET SOUND ENERGY INC||CITY OF TACOMA - (WA),53053071207
1G1RB6E49D,King,Enumclaw,WA,98022,2013,CHEVROLET,VOLT,Plug-in Hybrid Electric Vehicle (PHEV),Clean Alternative Fuel Vehicle Eligible,38,31.0,119270063,POINT (-121.99136 47.20433),PUGET SOUND ENERGY INC||CITY OF TACOMA - (WA),53033031301
1N4AZ0CP4D,Snohomish,Granite Falls,WA,98252,2013,NISSAN,LEAF,Battery Electric Vehicle (BEV),Clean Alternative Fuel Vehicle Eligible,75,39.0,138653119,POINT (-121.96931 48.08157),PUGET SOUND ENERGY INC,53061053604
2C4RC1L7XJ,King,Seattle,WA,98107,2018,CHRYSLER,PACIFICA,Plug-in Hybrid Electric Vehicle (PHEV),Clean Alternative Fuel Vehicle Eligible,33,36.0,187422203,POINT (-122.38591 47.67597),CITY OF SEATTLE - (WA)|CITY OF TACOMA - (WA),53033003302
1C4JJXP67N,Snohomish,Lake Stevens,WA,98258,2022,JEEP,WRANGLER,Plug-in Hybrid Electric Vehicle (PHEV),Not eligible due to low battery range,21,44.0,227494942,POINT (-122.06402 48.01497),PUGET SOUND ENERGY INC,53061052604
1N4AZ0CPXF,King,Seattle,WA,98146,2015,NISSAN,LEAF,Battery Electric Vehicle (BEV),Clean Alternative Fuel Vehicle Eligible,84,34.0,244480981,POINT (-122.36322 47.49736),CITY OF SEATTLE - (WA)|CITY OF TACOMA - (WA),53033026801
1G1RD6E49C,King,Enumclaw,WA,98022,2012,CHEVROLET,VOLT,Plug-in Hybrid Electric Vehicle (PHEV),Clean Alternative Fuel Vehicle Eligible,35,31.0,135986686,POINT (-121.99136 47.20433),PUGET SOUND ENERGY INC||CITY OF TACOMA - (WA),53033031502
YV4H60RC1S,King,Kirkland,WA,98034,2025,VOLVO,XC60,Plug-in Hybrid Electric Vehicle (PHEV),Clean Alternative Fuel Vehicle Eligible,35,1.0,277825250,POINT (-122.22901 47.72201),PUGET SOUND ENERGY INC||CITY OF TACOMA - (WA),53033022203
5YJ3E1EB0K,Snohomish,Edmonds,WA,98026,2019,TESLA,MODEL 3,Battery Electric Vehicle (BEV),Clean Alternative Fuel Vehicle Eligible,220,21.0,268021400,POINT (-122.31768 47.87166),PUGET SOUND ENERGY INC,53061050200
JTDKARFP9J,Thurston,Tumwater,WA,98512,2018,TOYOTA,PRIUS PRIME (PHEV),Plug-in Hybrid Electric Vehicle (PHEV),Not eligible due to low battery range,25,22.0,258661420,POINT (-123.04078 46.94792),PUGET SOUND ENERGY INC,53067010910
1C4RJYB67R,Lewis,Centralia,WA,98531,2024,JEEP,GRAND CHEROKEE,Plug-in Hybrid Electric Vehicle (PHEV),Not eligible due to low battery range,25,20.0,275139182,POINT (-122.95266 46.72895),BONNEVILLE POWER ADMINISTRATION||CITY OF CENTRALIA - (WA)|CITY OF TACOMA - (WA),53041970700
5YJYGDEFXL,King,Seattle,WA,98146,2020,TESLA,MODEL Y,Battery Electric Vehicle (BEV),Clean Alternative Fuel Vehicle Eligible,291,34.0,112883137,POINT (-122.36322 47.49736),CITY OF SEATTLE - (WA)|CITY OF TACOMA - (WA),53033012000
JN1AZ0CP5B,Snohomish,Everett,WA,98208,2011,NISSAN,LEAF,Battery Electric Vehicle (BEV),Clean Alternative Fuel Vehicle Eligible,73,44.0,149599691,POINT (-122.18637 47.89251),PUGET SOUND ENERGY INC,53061041606
KMHC05LHXH,Spokane,Mead,WA,99021,2017,HYUNDAI,IONIQ,Battery Electric Vehicle (BEV),Clean Alternative Fuel Vehicle Eligible,124,7.0,127282214,POINT (-117.35586 47.7628),BONNEVILLE POWER ADMINISTRATION||AVISTA CORP||INLAND POWER & LIGHT COMPANY,53063011202
1G1RA6E41D,Snohomish,Mukilteo,WA,98275,2013,CHEVROLET,VOLT,Plug-in Hybrid Electric Vehicle (PHEV),Clean Alternative Fuel Vehicle Eligible,38,21.0,150136899,POINT (-122.29196 47.89908),PUGET SOUND ENERGY INC,53061041301
1C4JJXR67P,Clark,Vancouver,WA,98685,2023,JEEP,WRANGLER,Plug-in Hybrid Electric Vehicle (PHEV),Not eligible due to low battery range,21,18.0,235637461,POINT (-122.70303 45.70954),BONNEVILLE POWER ADMINISTRATION||PUD NO 1 OF CLARK COUNTY - (WA),53011040909
KNDPZDDH1S,King,Bellevue,WA,98004,2025,KIA,SPORTAGE,Plug-in Hybrid Electric Vehicle (PHEV),Clean Alternative Fuel Vehicle Eligible,34,48.0,277312024,POINT (-122.1872 47.61001),PUGET SOUND ENERGY INC||CITY OF TACOMA - (WA),53033024002
1N4AZ0CP3G,King,Seattle,WA,98121,2016,NISSAN,LEAF,Battery Electric Vehicle (BEV),Clean Alternative Fuel Vehicle Eligible,84,36.0,132425877,POINT (-122.34468 47.61578),CITY OF SEATTLE - (WA)|CITY OF TACOMA - (WA),53033007201
5YJYGDEE6L,King,Renton,WA,98057,2020,TESLA,MODEL Y,Battery Electric Vehicle (BEV),Clean Alternative Fuel Vehicle Eligible,291,37.0,128566098,POINT (-122.20489 47.47532),PUGET SOUND ENERGY INC||CITY OF TACOMA - (WA),53033025302
2C4RC1L74P,King,Kent,WA,98031,2023,CHRYSLER,PACIFICA,Plug-in Hybrid Electric Vehicle (PHEV),Clean Alternative Fuel Vehicle Eligible,32,47.0,263302966,POINT (-122.17743 47.41185),PUGET SOUND ENERGY INC||CITY OF TACOMA - (WA),53033029407
1C4RJYE69P,King,Bellevue,WA,98004,2023,JEEP,GRAND CHEROKEE,Plug-in Hybrid Electric Vehicle (PHEV),Not eligible due to low battery range,25,41.0,262736337,POINT (-122.1872 47.61001),PUGET SOUND ENERGY INC||CITY OF TACOMA - (WA),53033023807
5YJ3E1EB4K,King,Woodinville,WA,98072,2019,TESLA,MODEL 3,Battery Electric Vehicle (BEV),Clean Alternative Fuel Vehicle Eligible,220,45.0,477571804,POINT (-122.15545 47.75448),PUGET SOUND ENERGY INC||CITY OF TACOMA - (WA),53033032319
WBY1Z4C51F,San Juan,Eastsound,WA,98245,2015,BMW,I3,Plug-in Hybrid Electric Vehicle (PHEV),Clean Alternative Fuel Vehicle Eligible,72,40.0,176522608,POINT (-122.91109 48.69389),BONNEVILLE POWER ADMINISTRATION||ORCAS POWER & LIGHT COOP,53055960101
1N4AZ0CP8G,King,Lake Forest Park,WA,98155,2016,NISSAN,LEAF,Battery Electric Vehicle (BEV),Clean Alternative Fuel Vehicle Eligible,84,46.0,5587249,POINT (-122.30304 47.75494),PUGET SOUND ENERGY INC||CITY OF TACOMA - (WA),53033021500
1G1FX6S00H,Snohomish,Marysville,WA,98271,2017,CHEVROLET,BOLT EV,Battery Electric Vehicle (BEV),Clean Alternative Fuel Vehicle Eligible,238,38.0,260700849,POINT (-122.17138 48.10433),PUGET SOUND ENERGY INC,53061940002
WA1F2AFYXR,Snohomish,Lake Stevens,WA,98258,2024,AUDI,Q5 E,Plug-in Hybrid Electric Vehicle (PHEV),Not eligible due to low battery range,23,44.0,266879273,POINT (-122.06402 48.01497),PUGET SOUND ENERGY INC,53061052607
1G1FW6S06H,King,Seattle,WA,98125,2017,CHEVROLET,BOLT EV,Battery Electric Vehicle (BEV),Clean Alternative Fuel Vehicle Eligible,238,46.0,268356658,POINT (-122.30253 47.72656),CITY OF SEATTLE - (WA)|CITY OF TACOMA - (WA),53033000102
1FMCU0E12S,Thurston,Olympia,WA,98501,2025,FORD,ESCAPE,Plug-in Hybrid Electric Vehicle (PHEV),Clean Alternative Fuel Vehicle Eligible,37,22.0,285825781,POINT (-122.89165 47.03954),PUGET SOUND ENERGY INC,53067010700
JM3KJEHAXS,King,Kent,WA,98030,2025,MAZDA,CX-70,Plug-in Hybrid Electric Vehicle (PHEV),Not eligible due to low battery range,26,47.0,283434938,POINT (-122.19975 47.37483),PUGET SOUND ENERGY INC||CITY OF TACOMA - (WA),53033029508
1G1FY6S03L,Clark,Vancouver,WA,98684,2020,CHEVROLET,BOLT EV,Battery Electric Vehicle (BEV),Clean Alternative Fuel Vehicle Eligible,259,17.0,124569406,POINT (-122.48723 45.63701),BONNEVILLE POWER ADMINISTRATION||PUD NO 1 OF CLARK COUNTY - (WA),53011041317
1FADP5CU8E,Kitsap,Bainbridge Island,WA,98110,2014,FORD,C-MAX,Plug-in Hybrid Electric Vehicle (PHEV),Not eligible due to low battery range,19,23.0,119029011,POINT (-122.521 47.62732),PUGET SOUND ENERGY INC,53035090700
1FADP3R48D,Clark,Vancouver,WA,98683,2013,FORD,FOCUS,Battery Electric Vehicle (BEV),Clean Alternative Fuel Vehicle Eligible,76,18.0,192355271,POINT (-122.49212 45.60365),BONNEVILLE POWER ADMINISTRATION||PUD NO 1 OF CLARK COUNTY - (WA),53011041328
5YJSA1E43H,Kittitas,Cle Elum,WA,98922,2017,TESLA,MODEL S,Battery Electric Vehicle (BEV),Clean Alternative Fuel Vehicle Eligible,210,13.0,349546137,POINT (-120.93943 47.195),PUGET SOUND ENERGY INC,53037975201
1G1FW6S0XH,Grays Harbor,Aberdeen,WA,98520,2017,CHEVROLET,BOLT EV,Battery Electric Vehicle (BEV),Clean Alternative Fuel Vehicle Eligible,238,19.0,222173115,POINT (-123.81619 46.97606),BONNEVILLE POWER ADMINISTRATION||PUD NO 1 OF GRAYS HARBOR COUNTY,53027001000
1G1FY6S03L,Chelan,Wenatchee,WA,98801,2020,CHEVROLET,BOLT EV,Battery Electric Vehicle (BEV),Clean Alternative Fuel Vehicle Eligible,259,12.0,150147833,POINT (-120.30521 47.41493),PUD NO 1 OF CHELAN COUNTY,53007960801
1FMCU0KZXN,King,Enumclaw,WA,98022,2022,FORD,ESCAPE,Plug-in Hybrid Electric Vehicle (PHEV),Clean Alternative Fuel Vehicle Eligible,38,31.0,205341720,POINT (-121.99136 47.20433),PUGET SOUND ENERGY INC||CITY OF TACOMA - (WA),53033031400
1G1RA6E42C,San Juan,Eastsound,WA,98245,2012,CHEVROLET,VOLT,Plug-in Hybrid Electric Vehicle (PHEV),Clean Alternative Fuel Vehicle Eligible,35,40.0,230905013,POINT (-122.91109 48.69389),BONNEVILLE POWER ADMINISTRATION||ORCAS POWER & LIGHT COOP,53055960101
JTMEB3FV4R,King,Shoreline,WA,98155,2024,TOYOTA,RAV4 PRIME (PHEV),Plug-in Hybrid Electric Vehicle (PHEV),Clean Alternative Fuel Vehicle Eligible,42,32.0,261744059,POINT (-122.30304 47.75494),CITY OF SEATTLE - (WA)|CITY OF TACOMA - (WA),53033021100
5YJXCAE27G,King,Kent,WA,98030,2016,TESLA,MODEL X,Battery Electric Vehicle (BEV),Clean Alternative Fuel Vehicle Eligible,200,47.0,250955988,POINT (-122.19975 47.37483),PUGET SOUND ENERGY INC||CITY OF TACOMA - (WA),53033029603
5YJ3E1EA4J,King,Seattle,WA,98101,2018,TESLA,MODEL 3,Battery Electric Vehicle (BEV),Clean Alternative Fuel Vehicle Eligible,215,43.0,114745732,POINT (-122.34223 47.61085),CITY OF SEATTLE - (WA)|CITY OF TACOMA - (WA),53033008101
1C4JJXP69N,Whatcom,Bellingham,WA,98226,2022,JEEP,WRANGLER,Plug-in Hybrid Electric Vehicle (PHEV),Not eligible due to low battery range,21,42.0,216576965,POINT (-122.49756 48.7999),PUGET SOUND ENERGY INC||PUD NO 1 OF WHATCOM COUNTY,53073000102
LREKK5RX0J,Pierce,Gig Harbor,WA,98329,2018,CADILLAC,CT6,Plug-in Hybrid Electric Vehicle (PHEV),Clean Alternative Fuel Vehicle Eligible,31,26.0,252323578,POINT (-122.6658 47.38336),BONNEVILLE POWER ADMINISTRATION||CITY OF TACOMA - (WA)||PENINSULA LIGHT COMPANY,53053072601
YV4H60RC2S,King,Burien,WA,98146,2025,VOLVO,XC60,Plug-in Hybrid Electric Vehicle (PHEV),Clean Alternative Fuel Vehicle Eligible,35,34.0,272769017,POINT (-122.36322 47.49736),CITY OF SEATTLE - (WA)|CITY OF TACOMA - (WA),53033026700
JTMEB3FV5R,King,Kirkland,WA,98034,2024,TOYOTA,RAV4 PRIME (PHEV),Plug-in Hybrid Electric Vehicle (PHEV),Clean Alternative Fuel Vehicle Eligible,42,45.0,262591815,POINT (-122.22901 47.72201),PUGET SOUND ENERGY INC||CITY OF TACOMA - (WA),53033022006
5YJ3E1EB6K,Spokane,Greenacres,WA,99016,2019,TESLA,MODEL 3,Battery Electric Vehicle (BEV),Clean Alternative Fuel Vehicle Eligible,220,4.0,211307099,POINT (-117.16242 47.65738),BONNEVILLE POWER ADMINISTRATION||AVISTA CORP||INLAND POWER & LIGHT COMPANY,53063013102
5LMYJ9YY9P,Clallam,Sequim,WA,98382,2023,LINCOLN,AVIATOR,Plug-in Hybrid Electric Vehicle (PHEV),Not eligible due to low battery range,21,24.0,234881489,POINT (-123.10367 48.07965),BONNEVILLE POWER ADMINISTRATION||PUD NO 1 OF CLALLAM COUNTY,53009002301
1N4AZ0CP7F,Clark,Vancouver,WA,98686,2015,NISSAN,LEAF,Battery Electric Vehicle (BEV),Clean Alternative Fuel Vehicle Eligible,84,17.0,319591191,POINT (-122.62731 45.71668),BONNEVILLE POWER ADMINISTRATION||PUD NO 1 OF CLARK COUNTY - (WA),53011040812
5YJSA1E17H,King,Kirkland,WA,98033,2017,TESLA,MODEL S,Battery Electric Vehicle (BEV),Clean Alternative Fuel Vehicle Eligible,210,48.0,205678847,POINT (-122.2066 47.67887),PUGET SOUND ENERGY INC||CITY OF TACOMA - (WA),53033022603
JM3KKEHA8R,Lewis,Centralia,WA,98531,2024,MAZDA,CX-90,Plug-in Hybrid Electric Vehicle (PHEV),Not eligible due to low battery range,26,20.0,287893686,POINT (-122.95266 46.72895),BONNEVILLE POWER ADMINISTRATION||CITY OF CENTRALIA - (WA)|CITY OF TACOMA - (WA),53041970700
1C4RJXP66R,King,Kirkland,WA,98034,2024,JEEP,WRANGLER,Plug-in Hybrid Electric Vehicle (PHEV),Not eligible due to low battery range,21,1.0,275423669,POINT (-122.22901 47.72201),PUGET SOUND ENERGY INC||CITY OF TACOMA - (WA),53033022203
2C4RC1S73M,King,Redmond,WA,98052,2021,CHRYSLER,PACIFICA,Plug-in Hybrid Electric Vehicle (PHEV),Clean Alternative Fuel Vehicle Eligible,32,48.0,185439782,POINT (-122.13158 47.67858),PUGET SOUND ENERGY INC||CITY OF TACOMA - (WA),53033032330
KNDPYDDH7R,Clallam,Port Angeles,WA,98362,2024,KIA,SPORTAGE,Plug-in Hybrid Electric Vehicle (PHEV),Clean Alternative Fuel Vehicle Eligible,34,24.0,268469463,POINT (-123.43112 48.11892),BONNEVILLE POWER ADMINISTRATION||CITY OF PORT ANGELES - (WA),53009001200
KNDRMDLH3N,Whatcom,Lynden,WA,98264,2022,KIA,SORENTO,Plug-in Hybrid Electric Vehicle (PHEV),Clean Alternative Fuel Vehicle Eligible,32,42.0,180070628,POINT (-122.45051 48.94298),PUGET SOUND ENERGY INC||PUD NO 1 OF WHATCOM COUNTY,53073010303
JTDKARFP6J,Pierce,Sumner,WA,98390,2018,TOYOTA,PRIUS PRIME (PHEV),Plug-in Hybrid Electric Vehicle (PHEV),Not eligible due to low battery range,25,31.0,293382855,POINT (-122.23972 47.2022),PUGET SOUND ENERGY INC||CITY OF TACOMA - (WA),53053073301
1N4BZ1CPXK,Pierce,Orting,WA,98360,2019,NISSAN,LEAF,Battery Electric Vehicle (BEV),Clean Alternative Fuel Vehicle Eligible,150,31.0,4768963,POINT (-122.20166 47.09596),PUGET SOUND ENERGY INC||CITY OF TACOMA - (WA),53053070100
1N4AZ0CP5D,San Juan,Friday Harbor,WA,98250,2013,NISSAN,LEAF,Battery Electric Vehicle (BEV),Clean Alternative Fuel Vehicle Eligible,75,40.0,143835786,POINT (-123.01648 48.53448),BONNEVILLE POWER ADMINISTRATION||ORCAS POWER & LIGHT COOP,53055960400
1N4AZ0CP5F,Snohomish,Edmonds,WA,98020,2015,NISSAN,LEAF,Battery Electric Vehicle (BEV),Clean Alternative Fuel Vehicle Eligible,84,32.0,173391158,POINT (-122.37689 47.81116),PUGET SOUND ENERGY INC,53061050502
WP1AE2A25H,Whitman,Pullman,WA,99163,2017,PORSCHE,CAYENNE,Plug-in Hybrid Electric Vehicle (PHEV),Not eligible due to low battery range,14,9.0,350107670,POINT (-117.18147 46.73015),AVISTA CORP,53075000202
5YJ3E1EA9J,King,Kirkland,WA,98033,2018,TESLA,MODEL 3,Battery Electric Vehicle (BEV),Clean Alternative Fuel Vehicle Eligible,215,48.0,198620271,POINT (-122.2066 47.67887),PUGET SOUND ENERGY INC||CITY OF TACOMA - (WA),53033022703
JTDKARFP0H,King,Sammamish,WA,98074,2017,TOYOTA,PRIUS PRIME (PHEV),Plug-in Hybrid Electric Vehicle (PHEV),Not eligible due to low battery range,25,45.0,344024978,POINT (-122.02054 47.60326),PUGET SOUND ENERGY INC||CITY OF TACOMA - (WA),53033032317
JTJKKCFZ3N,Clark,Vancouver,WA,98664,2022,LEXUS,NX,Plug-in Hybrid Electric Vehicle (PHEV),Clean Alternative Fuel Vehicle Eligible,37,49.0,211950476,POINT (-122.59219 45.62158),BONNEVILLE POWER ADMINISTRATION||PUD NO 1 OF CLARK COUNTY - (WA),53011041206
5YJ3E1EA6L,King,Seattle,WA,98146,2020,TESLA,MODEL 3,Battery Electric Vehicle (BEV),Clean Alternative Fuel Vehicle Eligible,266,34.0,4943858,POINT (-122.36322 47.49736),CITY OF SEATTLE - (WA)|CITY OF TACOMA - (WA),53033012000
JTMFB3FV2M,King,Renton,WA,98059,2021,TOYOTA,RAV4 PRIME (PHEV),Plug-in Hybrid Electric Vehicle (PHEV),Clean Alternative Fuel Vehicle Eligible,42,11.0,141937946,POINT (-122.11589 47.50243),PUGET SOUND ENERGY INC||CITY OF TACOMA - (WA),53033025101
1G1RA6E43D,Pacific,Chinook,WA,98614,2013,CHEVROLET,VOLT,Plug-in Hybrid Electric Vehicle (PHEV),Clean Alternative Fuel Vehicle Eligible,38,19.0,287095056,POINT (-123.94534 46.27264),BONNEVILLE POWER ADMINISTRATION||PUD NO 2 OF PACIFIC COUNTY,53049950400
2C4RC1L72J,King,Kirkland,WA,98034,2018,CHRYSLER,PACIFICA,Plug-in Hybrid Electric Vehicle (PHEV),Clean Alternative Fuel Vehicle Eligible,33,45.0,143769685,POINT (-122.22901 47.72201),PUGET SOUND ENERGY INC||CITY OF TACOMA - (WA),53033021904
WA1E2AFY9M,Pierce,Gig Harbor,WA,98335,2021,AUDI,Q5 E,Plug-in Hybrid Electric Vehicle (PHEV),Not eligible due to low battery range,18,26.0,148464284,POINT (-122.58009 47.328),BONNEVILLE POWER ADMINISTRATION||CITY OF TACOMA - (WA)||PENINSULA LIGHT COMPANY,53053072405
5YJSA1E17F,Cowlitz,Woodland,WA,98674,2015,TESLA,MODEL S,Battery Electric Vehicle (BEV),Clean Alternative Fuel Vehicle Eligible,208,20.0,6168536,POINT (-122.74017 45.9094),BONNEVILLE POWER ADMINISTRATION||PUD NO 1 OF COWLITZ COUNTY,53015001503
1FADP5CU2F,King,Renton,WA,98055,2015,FORD,C-MAX,Plug-in Hybrid Electric Vehicle (PHEV),Not eligible due to low battery range,19,11.0,280374741,POINT (-122.19488 47.44035),PUGET SOUND ENERGY INC||CITY OF TACOMA - (WA),53033029308
5YJXCAE41G,King,Bellevue,WA,98006,2016,TESLA,MODEL X,Battery Electric Vehicle (BEV),Clean Alternative Fuel Vehicle Eligible,200,41.0,143062048,POINT (-122.12096 47.55584),PUGET SOUND ENERGY INC||CITY OF TACOMA - (WA),53033024800
1C4JJXP68M,Clark,Vancouver,WA,98665,2021,JEEP,WRANGLER,Plug-in Hybrid Electric Vehicle (PHEV),Not eligible due to low battery range,25,49.0,219397531,POINT (-122.64443 45.67871),BONNEVILLE POWER ADMINISTRATION||PUD NO 1 OF CLARK COUNTY - (WA),53011041010
JTDKARFP3K,King,Bellevue,WA,98006,2019,TOYOTA,PRIUS PRIME (PHEV),Plug-in Hybrid Electric Vehicle (PHEV),Not eligible due to low battery range,25,41.0,264727529,POINT (-122.12096 47.55584),PUGET SOUND ENERGY INC||CITY OF TACOMA - (WA),53033024902
5YJ3E1EB7J,Pierce,Fircrest,WA,98466,2018,TESLA,MODEL 3,Battery Electric Vehicle (BEV),Clean Alternative Fuel Vehicle Eligible,215,28.0,474562336,POINT (-122.53781 47.23075),BONNEVILLE POWER ADMINISTRATION||CITY OF TACOMA - (WA)||PENINSULA LIGHT COMPANY,53053072305
ZACPDFCW1R,King,Tukwila,WA,98188,2024,DODGE,HORNET,Plug-in Hybrid Electric Vehicle (PHEV),Clean Alternative Fuel Vehicle Eligible,32,11.0,262410963,POINT (-122.27979 47.44952),PUGET SOUND ENERGY INC||CITY OF TACOMA - (WA),53033028200
JTDKARFP0L,Snohomish,Lynnwood,WA,98087,2020,TOYOTA,PRIUS PRIME (PHEV),Plug-in Hybrid Electric Vehicle (PHEV),Not eligible due to low battery range,25,21.0,228692775,POINT (-122.27981 47.85727),PUGET SOUND ENERGY INC,53061041901
WAUUPBFF6G,King,Kirkland,WA,98034,2016,AUDI,A3,Plug-in Hybrid Electric Vehicle (PHEV),Not eligible due to low battery range,16,45.0,109501682,POINT (-122.22901 47.72201),PUGET SOUND ENERGY INC||CITY OF TACOMA - (WA),53033022006
5UXTA6C08P,King,Redmond,WA,98053,2023,BMW,X5,Plug-in Hybrid Electric Vehicle (PHEV),Clean Alternative Fuel Vehicle Eligible,30,45.0,237821251,POINT (-122.03287 47.68555),PUGET SOUND ENERGY INC||CITY OF TACOMA - (WA),53033032313
5UXTA6C0XP,Clark,Ridgefield,WA,98642,2023,BMW,X5,Plug-in Hybrid Electric Vehicle (PHEV),Clean Alternative Fuel Vehicle Eligible,30,18.0,287081441,POINT (-122.74595 45.81539),BONNEVILLE POWER ADMINISTRATION||PUD NO 1 OF CLARK COUNTY - (WA),53011040305
5UX43EU05R,Jefferson,Port Townsend,WA,98368,2024,BMW,X5,Plug-in Hybrid Electric Vehicle (PHEV),Clean Alternative Fuel Vehicle Eligible,39,24.0,261302723,POINT (-122.77263 48.1212),BONNEVILLE POWER ADMINISTRATION||PUGET SOUND ENERGY INC||PUD NO 1 OF JEFFERSON COUNTY,53031950604
5UX43EU08S,Snohomish,Edmonds,WA,98020,2025,BMW,X5,Plug-in Hybrid Electric Vehicle (PHEV),Clean Alternative Fuel Vehicle Eligible,40,32.0,279187758,POINT (-122.37689 47.81116),PUGET SOUND ENERGY INC,53061050502
5YJYGDEE4L,King,Auburn,WA,98002,2020,TESLA,MODEL Y,Battery Electric Vehicle (BEV),Clean Alternative Fuel Vehicle Eligible,291,47.0,125760302,POINT (-122.2229 47.307),PUGET SOUND ENERGY INC||CITY OF TACOMA - (WA),53033030503
3MW39FS02P,Yakima,Yakima,WA,98902,2023,BMW,330E,Plug-in Hybrid Electric Vehicle (PHEV),Not eligible due to low battery range,20,14.0,285530899,POINT (-120.51904 46.59783),PACIFICORP,53077001000
ZACPDFCW8R,King,Tukwila,WA,98188,2024,DODGE,HORNET,Plug-in Hybrid Electric Vehicle (PHEV),Clean Alternative Fuel Vehicle Eligible,32,11.0,262756819,POINT (-122.27979 47.44952),PUGET SOUND ENERGY INC||CITY OF TACOMA - (WA),53033028200
1N4AZ1CP2K,Pierce,Tacoma,WA,98408,2019,NISSAN,LEAF,Battery Electric Vehicle (BEV),Clean Alternative Fuel Vehicle Eligible,150,29.0,145592240,POINT (-122.44718 47.20144),BONNEVILLE POWER ADMINISTRATION||CITY OF TACOMA - (WA)||PENINSULA LIGHT COMPANY,53053063100
3C3CFFGE9F,Kitsap,Port Orchard,WA,98367,2015,FIAT,500,Battery Electric Vehicle (BEV),Clean Alternative Fuel Vehicle Eligible,87,26.0,241871066,POINT (-122.68471 47.50524),PUGET SOUND ENERGY INC,53035092902
1G1FW6S04J,Chelan,Wenatchee,WA,98801,2018,CHEVROLET,BOLT EV,Battery Electric Vehicle (BEV),Clean Alternative Fuel Vehicle Eligible,238,12.0,113001535,POINT (-120.30521 47.41493),PUD NO 1 OF CHELAN COUNTY,53007961001
5YJ3E1EB5J,King,Medina,WA,98039,2018,TESLA,MODEL 3,Battery Electric Vehicle (BEV),Clean Alternative Fuel Vehicle Eligible,215,48.0,273311853,POINT (-122.23892 47.61613),PUGET SOUND ENERGY INC||CITY OF TACOMA - (WA),53033024200
JHMZC5F14J,Jefferson,Port Townsend,WA,98368,2018,HONDA,CLARITY,Plug-in Hybrid Electric Vehicle (PHEV),Clean Alternative Fuel Vehicle Eligible,47,24.0,278891126,POINT (-122.77263 48.1212),BONNEVILLE POWER ADMINISTRATION||PUGET SOUND ENERGY INC||PUD NO 1 OF JEFFERSON COUNTY,53031950604
ZACPDFCW7R,King,Tukwila,WA,98188,2024,DODGE,HORNET,Plug-in Hybrid Electric Vehicle (PHEV),Clean Alternative Fuel Vehicle Eligible,32,11.0,261354824,POINT (-122.27979 47.44952),PUGET SOUND ENERGY INC||CITY OF TACOMA - (WA),53033028200
1FADP5FU7H,Pierce,South Hill,WA,98373,2017,FORD,C-MAX,Plug-in Hybrid Electric Vehicle (PHEV),Not eligible due to low battery range,20,25.0,348332925,POINT (-122.2988 47.13795),PUGET SOUND ENERGY INC||CITY OF TACOMA - (WA),53053071307
3MW39FS00P,King,Bellevue,WA,98004,2023,BMW,330E,Plug-in Hybrid Electric Vehicle (PHEV),Not eligible due to low battery range,20,48.0,265931326,POINT (-122.1872 47.61001),PUGET SOUND ENERGY INC||CITY OF TACOMA - (WA),53033023805
KNDCC3LD5J,King,Seattle,WA,98146,2018,KIA,NIRO,Plug-in Hybrid Electric Vehicle (PHEV),Not eligible due to low battery range,26,34.0,325514927,POINT (-122.36322 47.49736),CITY OF SEATTLE - (WA)|CITY OF TACOMA - (WA),53033012100
5YJSA1E24F,King,Redmond,WA,98052,2015,TESLA,MODEL S,Battery Electric Vehicle (BEV),Clean Alternative Fuel Vehicle Eligible,208,48.0,167652943,POINT (-122.13158 47.67858),PUGET SOUND ENERGY INC||CITY OF TACOMA - (WA),53033022802
LREKK5RX6H,Pierce,Tacoma,WA,98444,2017,CADILLAC,CT6,Plug-in Hybrid Electric Vehicle (PHEV),Clean Alternative Fuel Vehicle Eligible,31,29.0,281261186,POINT (-122.43827 47.154),BONNEVILLE POWER ADMINISTRATION||CITY OF TACOMA - (WA)||ELMHURST MUTUAL POWER & LIGHT CO|PENINSULA LIGHT COMPANY,53053071503
4JGFB4GB6R,Kittitas,Ellensburg,WA,98926,2024,MERCEDES-BENZ,GLE-CLASS,Plug-in Hybrid Electric Vehicle (PHEV),Clean Alternative Fuel Vehicle Eligible,48,13.0,269482601,POINT (-120.54872 46.99703),PUGET SOUND ENERGY INC,53037975700
JTMEB3FV9P,King,Shoreline,WA,98133,2023,TOYOTA,RAV4 PRIME (PHEV),Plug-in Hybrid Electric Vehicle (PHEV),Clean Alternative Fuel Vehicle Eligible,42,32.0,264370410,POINT (-122.33364 47.73709),CITY OF SEATTLE - (WA)|CITY OF TACOMA - (WA),53033020200
1FMCU0LZ2N,King,Seattle,WA,98112,2022,FORD,ESCAPE,Plug-in Hybrid Electric Vehicle (PHEV),Clean Alternative Fuel Vehicle Eligible,38,43.0,193951215,POINT (-122.30207 47.64085),CITY OF SEATTLE - (WA)|CITY OF TACOMA - (WA),53033006400
KNDRJDJH9S,King,Kent,WA,98030,2025,KIA,SORENTO,Plug-in Hybrid Electric Vehicle (PHEV),Clean Alternative Fuel Vehicle Eligible,30,47.0,275857816,POINT (-122.19975 47.37483),PUGET SOUND ENERGY INC||CITY OF TACOMA - (WA),53033029602
WP1AE2A29H,Kitsap,Bainbridge Island,WA,98110,2017,PORSCHE,CAYENNE,Plug-in Hybrid Electric Vehicle (PHEV),Not eligible due to low battery range,14,23.0,252660985,POINT (-122.521 47.62732),PUGET SOUND ENERGY INC,53035090800
5YJ3E1EAXL,Clallam,Sequim,WA,98382,2020,TESLA,MODEL 3,Battery Electric Vehicle (BEV),Clean Alternative Fuel Vehicle Eligible,266,24.0,125947279,POINT (-123.10367 48.07965),BONNEVILLE POWER ADMINISTRATION||PUD NO 1 OF CLALLAM COUNTY,53009001702
1N4BZ0CP2H,Pierce,Tacoma,WA,98405,2017,NISSAN,LEAF,Battery Electric Vehicle (BEV),Clean Alternative Fuel Vehicle Eligible,107,27.0,325160916,POINT (-122.48271 47.24737),BONNEVILLE POWER ADMINISTRATION||CITY OF TACOMA - (WA)||PENINSULA LIGHT COMPANY,53053061700
1N4AZ1CP8J,King,Vashon,WA,98070,2018,NISSAN,LEAF,Battery Electric Vehicle (BEV),Clean Alternative Fuel Vehicle Eligible,151,34.0,243204867,POINT (-122.4573 47.44929),PUGET SOUND ENERGY INC||CITY OF TACOMA - (WA),53033027702
KNDPZDDHXS,Pierce,Lakewood,WA,98498,2025,KIA,SPORTAGE,Plug-in Hybrid Electric Vehicle (PHEV),Clean Alternative Fuel Vehicle Eligible,34,28.0,272944794,POINT (-122.54764 47.17669),PUGET SOUND ENERGY INC||CITY OF TACOMA - (WA),53053072112
5YJXCBE20H,Whatcom,Bellingham,WA,98225,2017,TESLA,MODEL X,Battery Electric Vehicle (BEV),Clean Alternative Fuel Vehicle Eligible,200,40.0,350151588,POINT (-122.47091 48.75256),PUGET SOUND ENERGY INC||PUD NO 1 OF WHATCOM COUNTY,53073001204
JTJHKCFZ2R,King,Seattle,WA,98177,2024,LEXUS,NX,Plug-in Hybrid Electric Vehicle (PHEV),Clean Alternative Fuel Vehicle Eligible,37,32.0,259699457,POINT (-122.37238 47.74068),CITY OF SEATTLE - (WA)|CITY OF TACOMA - (WA),53033000403
5YJ3E1EB1L,King,Seattle,WA,98101,2020,TESLA,MODEL 3,Battery Electric Vehicle (BEV),Clean Alternative Fuel Vehicle Eligible,322,43.0,106422683,POINT (-122.34223 47.61085),CITY OF SEATTLE - (WA)|CITY OF TACOMA - (WA),53033008300
1G1FY6S07K,Grays Harbor,Ocean Shores,WA,98569,2019,CHEVROLET,BOLT EV,Battery Electric Vehicle (BEV),Clean Alternative Fuel Vehicle Eligible,238,24.0,273528979,POINT (-124.16408 47.01156),BONNEVILLE POWER ADMINISTRATION||PUD NO 1 OF GRAYS HARBOR COUNTY,53027000201
5YJ3E1EB7J,Pierce,Graham,WA,98338,2018,TESLA,MODEL 3,Battery Electric Vehicle (BEV),Clean Alternative Fuel Vehicle Eligible,215,2.0,202812620,POINT (-122.29477 47.05703),PUGET SOUND ENERGY INC||CITY OF TACOMA - (WA),53053073129
5YJSA1CN2D,King,Seattle,WA,98105,2013,TESLA,MODEL S,Battery Electric Vehicle (BEV),Clean Alternative Fuel Vehicle Eligible,208,46.0,197974752,POINT (-122.31307 47.66127),CITY OF SEATTLE - (WA)|CITY OF TACOMA - (WA),53033004301
YV4H60DL4R,Snohomish,Edmonds,WA,98026,2024,VOLVO,XC60,Plug-in Hybrid Electric Vehicle (PHEV),Clean Alternative Fuel Vehicle Eligible,35,21.0,265374476,POINT (-122.31768 47.87166),PUGET SOUND ENERGY INC,53061050402
5UX43EU05T,King,North Bend,WA,98045,2026,BMW,X5,Plug-in Hybrid Electric Vehicle (PHEV),Clean Alternative Fuel Vehicle Eligible,38,5.0,287306078,POINT (-121.7831 47.49348),PUGET SOUND ENERGY INC||CITY OF TACOMA - (WA),53033032704
5YJ3E1EA1K,King,Bellevue,WA,98004,2019,TESLA,MODEL 3,Battery Electric Vehicle (BEV),Clean Alternative Fuel Vehicle Eligible,220,48.0,294586267,POINT (-122.1872 47.61001),PUGET SOUND ENERGY INC||CITY OF TACOMA - (WA),53033023805
5YJ3E1EA3J,King,Seattle,WA,98125,2018,TESLA,MODEL 3,Battery Electric Vehicle (BEV),Clean Alternative Fuel Vehicle Eligible,215,46.0,255994350,POINT (-122.30253 47.72656),CITY OF SEATTLE - (WA)|CITY OF TACOMA - (WA),53033001202
1N4AZ0CP5E,King,Shoreline,WA,98177,2014,NISSAN,LEAF,Battery Electric Vehicle (BEV),Clean Alternative Fuel Vehicle Eligible,84,32.0,253666129,POINT (-122.37238 47.74068),CITY OF SEATTLE - (WA)|CITY OF TACOMA - (WA),53033020800
1C4JJXR65P,Cowlitz,Longview,WA,98632,2023,JEEP,WRANGLER,Plug-in Hybrid Electric Vehicle (PHEV),Not eligible due to low battery range,21,19.0,240445201,POINT (-122.95058 46.14681),BONNEVILLE POWER ADMINISTRATION||PUD NO 1 OF COWLITZ COUNTY,53015001900
5YJ3E1EA1L,Snohomish,Mill Creek,WA,98012,2020,TESLA,MODEL 3,Battery Electric Vehicle (BEV),Clean Alternative Fuel Vehicle Eligible,266,44.0,3263515,POINT (-122.20105 47.84423),PUGET SOUND ENERGY INC,53061052004
3FA6P0SU1F,Clark,Washougal,WA,98671,2015,FORD,FUSION,Plug-in Hybrid Electric Vehicle (PHEV),Not eligible due to low battery range,19,18.0,159652811,POINT (-122.35341 45.57923),BONNEVILLE POWER ADMINISTRATION||PUD NO 1 OF CLARK COUNTY - (WA),53011040512
YV4H60RC1S,King,Bothell,WA,98011,2025,VOLVO,XC60,Plug-in Hybrid Electric Vehicle (PHEV),Clean Alternative Fuel Vehicle Eligible,35,1.0,278254343,POINT (-122.20563 47.76144),PUGET SOUND ENERGY INC||CITY OF TACOMA - (WA),53033022001
KNDPYDDHXS,Snohomish,Marysville,WA,98270,2025,KIA,SPORTAGE,Plug-in Hybrid Electric Vehicle (PHEV),Clean Alternative Fuel Vehicle Eligible,34,38.0,277969555,POINT (-122.1769 48.06114),PUGET SOUND ENERGY INC,53061052903
KNDRMDLH0P,Thurston,Olympia,WA,98501,2023,KIA,SORENTO,Plug-in Hybrid Electric Vehicle (PHEV),Clean Alternative Fuel Vehicle Eligible,32,22.0,241314566,POINT (-122.89165 47.03954),PUGET SOUND ENERGY INC,53067010700
JTDKN3DP6E,King,Bellevue,WA,98006,2014,TOYOTA,PRIUS,Plug-in Hybrid Electric Vehicle (PHEV),Not eligible due to low battery range,6,41.0,348843274,POINT (-122.12096 47.55584),PUGET SOUND ENERGY INC||CITY OF TACOMA - (WA),53033024901
ZACPDFCW4R,King,Auburn,WA,98001,2024,DODGE,HORNET,Plug-in Hybrid Electric Vehicle (PHEV),Clean Alternative Fuel Vehicle Eligible,32,30.0,259971141,POINT (-122.28802 47.30264),PUGET SOUND ENERGY INC||CITY OF TACOMA - (WA),53033029805
5YJYGDEE9L,Douglas,East Wenatchee,WA,98802,2020,TESLA,MODEL Y,Battery Electric Vehicle (BEV),Clean Alternative Fuel Vehicle Eligible,291,12.0,255086569,POINT (-120.29473 47.41515),PUD NO 1 OF DOUGLAS COUNTY,53017950300
1N4AZ1CP6K,King,Kent,WA,98031,2019,NISSAN,LEAF,Battery Electric Vehicle (BEV),Clean Alternative Fuel Vehicle Eligible,150,47.0,279232096,POINT (-122.17743 47.41185),PUGET SOUND ENERGY INC||CITY OF TACOMA - (WA),53033029408
1C4JJXR61P,Thurston,Olympia,WA,98501,2023,JEEP,WRANGLER,Plug-in Hybrid Electric Vehicle (PHEV),Not eligible due to low battery range,21,22.0,220866663,POINT (-122.89165 47.03954),PUGET SOUND ENERGY INC,53067010700
1G1RA6E48E,King,Seattle,WA,98125,2014,CHEVROLET,VOLT,Plug-in Hybrid Electric Vehicle (PHEV),Clean Alternative Fuel Vehicle Eligible,38,46.0,281067272,POINT (-122.30253 47.72656),CITY OF SEATTLE - (WA)|CITY OF TACOMA - (WA),53033000201
YV4BR0PMXJ,King,Seatac,WA,98188,2018,VOLVO,XC90,Plug-in Hybrid Electric Vehicle (PHEV),Not eligible due to low battery range,19,33.0,254850396,POINT (-122.27979 47.44952),PUGET SOUND ENERGY INC||CITY OF TACOMA - (WA),53033028802
5YJSA1H19E,King,Bellevue,WA,98005,2014,TESLA,MODEL S,Battery Electric Vehicle (BEV),Clean Alternative Fuel Vehicle Eligible,208,48.0,196407368,POINT (-122.1621 47.64441),PUGET SOUND ENERGY INC||CITY OF TACOMA - (WA),53033023601
5YJ3E1EAXJ,Whatcom,Bellingham,WA,98229,2018,TESLA,MODEL 3,Battery Electric Vehicle (BEV),Clean Alternative Fuel Vehicle Eligible,215,40.0,280998147,POINT (-122.45486 48.7449),PUGET SOUND ENERGY INC||PUD NO 1 OF WHATCOM COUNTY,53073000902
JTMFB3FV4M,King,Issaquah,WA,98029,2021,TOYOTA,RAV4 PRIME (PHEV),Plug-in Hybrid Electric Vehicle (PHEV),Clean Alternative Fuel Vehicle Eligible,42,5.0,179297338,POINT (-122.01656 47.57118),PUGET SOUND ENERGY INC||CITY OF TACOMA - (WA),53033032220
ZACPDFCW6R,King,Tukwila,WA,98188,2024,DODGE,HORNET,Plug-in Hybrid Electric Vehicle (PHEV),Clean Alternative Fuel Vehicle Eligible,32,11.0,261297865,POINT (-122.27979 47.44952),PUGET SOUND ENERGY INC||CITY OF TACOMA - (WA),53033028200
5YJSA1E24G,King,Bellevue,WA,98004,2016,TESLA,MODEL S,Battery Electric Vehicle (BEV),Clean Alternative Fuel Vehicle Eligible,210,41.0,211502343,POINT (-122.1872 47.61001),PUGET SOUND ENERGY INC||CITY OF TACOMA - (WA),53033023901
ZACPDFCWXR,King,Tukwila,WA,98188,2024,DODGE,HORNET,Plug-in Hybrid Electric Vehicle (PHEV),Clean Alternative Fuel Vehicle Eligible,32,11.0,261148184,POINT (-122.27979 47.44952),PUGET SOUND ENERGY INC||CITY OF TACOMA - (WA),53033028200
1FADP5CU8E,King,Bothell,WA,98011,2014,FORD,C-MAX,Plug-in Hybrid Electric Vehicle (PHEV),Not eligible due to low battery range,19,1.0,221755908,POINT (-122.20563 47.76144),PUGET SOUND ENERGY INC||CITY OF TACOMA - (WA),53033021804
5YJ3E1EB7L,King,North Bend,WA,98045,2020,TESLA,MODEL 3,Battery Electric Vehicle (BEV),Clean Alternative Fuel Vehicle Eligible,322,5.0,131503438,POINT (-121.7831 47.49348),PUGET SOUND ENERGY INC||CITY OF TACOMA - (WA),53033032704
JTMAB3FVXR,Island,Camano Island,WA,98282,2024,TOYOTA,RAV4 PRIME (PHEV),Plug-in Hybrid Electric Vehicle (PHEV),Clean Alternative Fuel Vehicle Eligible,42,10.0,269517328,POINT (-122.40049 48.23986),BONNEVILLE POWER ADMINISTRATION||PUD 1 OF SNOHOMISH COUNTY,53029971500
KNDJX3AE6H,King,Renton,WA,98055,2017,KIA,SOUL,Battery Electric Vehicle (BEV),Clean Alternative Fuel Vehicle Eligible,93,11.0,120969054,POINT (-122.19488 47.44035),PUGET SOUND ENERGY INC||CITY OF TACOMA - (WA),53033029308
3C3CFFGEXF,Snohomish,Everett,WA,98203,2015,FIAT,500,Battery Electric Vehicle (BEV),Clean Alternative Fuel Vehicle Eligible,87,38.0,225768490,POINT (-122.23019 47.94949),PUGET SOUND ENERGY INC,53061041303
1FMCU0E19P,King,Redmond,WA,98052,2023,FORD,ESCAPE,Plug-in Hybrid Electric Vehicle (PHEV),Clean Alternative Fuel Vehicle Eligible,37,48.0,244880653,POINT (-122.13158 47.67858),PUGET SOUND ENERGY INC||CITY OF TACOMA - (WA),53033032331
5YJ3E1EA2K,Thurston,Yelm,WA,98597,2019,TESLA,MODEL 3,Battery Electric Vehicle (BEV),Clean Alternative Fuel Vehicle Eligible,220,2.0,320330944,POINT (-122.60735 46.94239),PUGET SOUND ENERGY INC,53067012422
JA4T5WA93S,King,Seattle,WA,98168,2025,MITSUBISHI,OUTLANDER,Plug-in Hybrid Electric Vehicle (PHEV),Clean Alternative Fuel Vehicle Eligible,38,33.0,273585651,POINT (-122.29411 47.48924),CITY OF SEATTLE - (WA)|CITY OF TACOMA - (WA),53033026400
1G1RC6S5XH,Thurston,Rochester,WA,98579,2017,CHEVROLET,VOLT,Plug-in Hybrid Electric Vehicle (PHEV),Clean Alternative Fuel Vehicle Eligible,53,35.0,348863182,POINT (-123.08743 46.82175),PUGET SOUND ENERGY INC,53067012730
YV4H60RM8S,King,Redmond,WA,98052,2025,VOLVO,XC60,Plug-in Hybrid Electric Vehicle (PHEV),Clean Alternative Fuel Vehicle Eligible,35,45.0,276373240,POINT (-122.13158 47.67858),PUGET SOUND ENERGY INC||CITY OF TACOMA - (WA),53033032322
1C4RJXR62R,King,Seattle,WA,98106,2024,JEEP,WRANGLER,Plug-in Hybrid Electric Vehicle (PHEV),Not eligible due to low battery range,21,34.0,267035716,POINT (-122.35163 47.54287),CITY OF SEATTLE - (WA)|CITY OF TACOMA - (WA),53033026500
5YJYGDEF8L,Pierce,Puyallup,WA,98374,2020,TESLA,MODEL Y,Battery Electric Vehicle (BEV),Clean Alternative Fuel Vehicle Eligible,291,2.0,274907174,POINT (-122.27504 47.13926),PUGET SOUND ENERGY INC||CITY OF TACOMA - (WA),53053073129
1C4RJYB69P,Spokane,Spokane,WA,99217,2023,JEEP,GRAND CHEROKEE,Plug-in Hybrid Electric Vehicle (PHEV),Not eligible due to low battery range,25,3.0,286273998,POINT (-117.35298 47.70433),BONNEVILLE POWER ADMINISTRATION||AVISTA CORP||INLAND POWER & LIGHT COMPANY,53063014400
1G1FY6S04L,King,Seattle,WA,98125,2020,CHEVROLET,BOLT EV,Battery Electric Vehicle (BEV),Clean Alternative Fuel Vehicle Eligible,259,46.0,116547987,POINT (-122.30253 47.72656),CITY OF SEATTLE - (WA)|CITY OF TACOMA - (WA),53033001202
KM8K33AG8L,King,Bellevue,WA,98005,2020,HYUNDAI,KONA,Battery Electric Vehicle (BEV),Clean Alternative Fuel Vehicle Eligible,258,48.0,147118800,POINT (-122.1621 47.64441),PUGET SOUND ENERGY INC||CITY OF TACOMA - (WA),53033023601
KNDCS3LF3S,Clark,Vancouver,WA,98686,2025,KIA,NIRO,Plug-in Hybrid Electric Vehicle (PHEV),Clean Alternative Fuel Vehicle Eligible,33,17.0,282092849,POINT (-122.62731 45.71668),BONNEVILLE POWER ADMINISTRATION||PUD NO 1 OF CLARK COUNTY - (WA),53011040411
ZACPDFCW7R,King,Tukwila,WA,98188,2024,DODGE,HORNET,Plug-in Hybrid Electric Vehicle (PHEV),Clean Alternative Fuel Vehicle Eligible,32,11.0,262034741,POINT (-122.27979 47.44952),PUGET SOUND ENERGY INC||CITY OF TACOMA - (WA),53033028200
1C4JJXP63P,King,Kent,WA,98042,2023,JEEP,WRANGLER,Plug-in Hybrid Electric Vehicle (PHEV),Not eligible due to low battery range,21,47.0,230442740,POINT (-122.10798 47.37124),PUGET SOUND ENERGY INC||CITY OF TACOMA - (WA),53033032006
5YJ3E1EA8K,King,Kent,WA,98032,2019,TESLA,MODEL 3,Battery Electric Vehicle (BEV),Clean Alternative Fuel Vehicle Eligible,220,33.0,309562543,POINT (-122.23741 47.3807),PUGET SOUND ENERGY INC||CITY OF TACOMA - (WA),53033029803
1G1FY6S07L,Yakima,Moxee,WA,98936,2020,CHEVROLET,BOLT EV,Battery Electric Vehicle (BEV),Clean Alternative Fuel Vehicle Eligible,259,15.0,125943058,POINT (-120.39197 46.55621),PACIFICORP,53077001702
SAL1L9E42S,King,Yarrow Point,WA,98004,2025,LAND ROVER,RANGE ROVER SPORT,Plug-in Hybrid Electric Vehicle (PHEV),Clean Alternative Fuel Vehicle Eligible,60,48.0,270080205,POINT (-122.1872 47.61001),PUGET SOUND ENERGY INC||CITY OF TACOMA - (WA),53033024100
5YJ3E1EB9J,Yakima,Yakima,WA,98902,2018,TESLA,MODEL 3,Battery Electric Vehicle (BEV),Clean Alternative Fuel Vehicle Eligible,215,15.0,319380631,POINT (-120.51904 46.59783),PACIFICORP,53077001100
5YJ3E1EA7L,Kitsap,Poulsbo,WA,98370,2020,TESLA,MODEL 3,Battery Electric Vehicle (BEV),Clean Alternative Fuel Vehicle Eligible,266,23.0,289094340,POINT (-122.64681 47.73689),PUGET SOUND ENERGY INC,53035090400
JTDKAMFPXN,Whatcom,Bellingham,WA,98229,2022,TOYOTA,PRIUS PRIME (PHEV),Plug-in Hybrid Electric Vehicle (PHEV),Not eligible due to low battery range,25,40.0,176162864,POINT (-122.45486 48.7449),PUGET SOUND ENERGY INC||PUD NO 1 OF WHATCOM COUNTY,53073000902
1N4AZ0CP5F,King,Bellevue,WA,98007,2015,NISSAN,LEAF,Battery Electric Vehicle (BEV),Clean Alternative Fuel Vehicle Eligible,84,48.0,178468139,POINT (-122.12056 47.61334),PUGET SOUND ENERGY INC||CITY OF TACOMA - (WA),53033022805
WMEEJ9AAXG,Benton,Benton City,WA,99320,2016,SMART,FORTWO,Battery Electric Vehicle (BEV),Clean Alternative Fuel Vehicle Eligible,68,16.0,175388461,POINT (-119.48756 46.26543),BONNEVILLE POWER ADMINISTRATION||PUD NO 1 OF BENTON COUNTY,53005011900
JHMZC5F12J,King,Seattle,WA,98136,2018,HONDA,CLARITY,Plug-in Hybrid Electric Vehicle (PHEV),Clean Alternative Fuel Vehicle Eligible,47,34.0,283293048,POINT (-122.38415 47.53755),CITY OF SEATTLE - (WA)|CITY OF TACOMA - (WA),53033011601
WBY2Z4C57K,Spokane,Spokane,WA,99218,2019,BMW,I8,Plug-in Hybrid Electric Vehicle (PHEV),Not eligible due to low battery range,18,7.0,272674650,POINT (-117.41144 47.74549),BONNEVILLE POWER ADMINISTRATION||AVISTA CORP||INLAND POWER & LIGHT COMPANY,53063010508
5YJ3E1EB2K,Clark,Vancouver,WA,98682,2019,TESLA,MODEL 3,Battery Electric Vehicle (BEV),Clean Alternative Fuel Vehicle Eligible,220,17.0,273390869,POINT (-122.55149 45.69345),BONNEVILLE POWER ADMINISTRATION||PUD NO 1 OF CLARK COUNTY - (WA),53011040714
JTMEB3FV8M,Clark,Vancouver,WA,98686,2021,TOYOTA,RAV4 PRIME (PHEV),Plug-in Hybrid Electric Vehicle (PHEV),Clean Alternative Fuel Vehicle Eligible,42,49.0,207103235,POINT (-122.62731 45.71668),BONNEVILLE POWER ADMINISTRATION||PUD NO 1 OF CLARK COUNTY - (WA),53011040803
KNDPZDDH0S,Whatcom,Bellingham,WA,98226,2025,KIA,SPORTAGE,Plug-in Hybrid Electric Vehicle (PHEV),Clean Alternative Fuel Vehicle Eligible,34,42.0,275784400,POINT (-122.49756 48.7999),PUGET SOUND ENERGY INC||PUD NO 1 OF WHATCOM COUNTY,53073000202
JM3KKDHA6R,Pierce,Graham,WA,98338,2024,MAZDA,CX-90,Plug-in Hybrid Electric Vehicle (PHEV),Not eligible due to low battery range,26,2.0,267194308,POINT (-122.29477 47.05703),"BONNEVILLE POWER ADMINISTRATION||CITY OF TACOMA - (WA)||OHOP MUTUAL LIGHT COMPANY, INC|PENINSULA LIGHT COMPANY",53053073117
W1NKM5GB6T,King,Bellevue,WA,98005,2026,MERCEDES-BENZ,GLC-CLASS,Plug-in Hybrid Electric Vehicle (PHEV),Clean Alternative Fuel Vehicle Eligible,54,48.0,288479320,POINT (-122.1621 47.64441),PUGET SOUND ENERGY INC||CITY OF TACOMA - (WA),53033023702
JHMZC5F17K,Snohomish,Everett,WA,98208,2019,HONDA,CLARITY,Plug-in Hybrid Electric Vehicle (PHEV),Clean Alternative Fuel Vehicle Eligible,47,44.0,237764859,POINT (-122.18637 47.89251),PUGET SOUND ENERGY INC,53061041701
3FA6P0PU1H,King,Bellevue,WA,98008,2017,FORD,FUSION,Plug-in Hybrid Electric Vehicle (PHEV),Not eligible due to low battery range,21,48.0,136777189,POINT (-122.11867 47.63131),PUGET SOUND ENERGY INC||CITY OF TACOMA - (WA),53033023403
JA4T5WA93R,King,Burien,WA,98168,2024,MITSUBISHI,OUTLANDER,Plug-in Hybrid Electric Vehicle (PHEV),Clean Alternative Fuel Vehicle Eligible,38,33.0,284610294,POINT (-122.29411 47.48924),CITY OF SEATTLE - (WA)|CITY OF TACOMA - (WA),53033027100
5LMYJ8XY5P,King,Bellevue,WA,98006,2023,LINCOLN,AVIATOR,Plug-in Hybrid Electric Vehicle (PHEV),Not eligible due to low battery range,21,41.0,269300951,POINT (-122.12096 47.55584),PUGET SOUND ENERGY INC||CITY OF TACOMA - (WA),53033024905
ZACPDFCW0R,King,Tukwila,WA,98188,2024,DODGE,HORNET,Plug-in Hybrid Electric Vehicle (PHEV),Clean Alternative Fuel Vehicle Eligible,32,11.0,263090180,POINT (-122.27979 47.44952),PUGET SOUND ENERGY INC||CITY OF TACOMA - (WA),53033028200
1N4BZ1CP5K,Clark,Washougal,WA,98671,2019,NISSAN,LEAF,Battery Electric Vehicle (BEV),Clean Alternative Fuel Vehicle Eligible,150,18.0,4911700,POINT (-122.35341 45.57923),BONNEVILLE POWER ADMINISTRATION||PUD NO 1 OF CLARK COUNTY - (WA),53011040605
5YJYGDEE6L,Mason,Allyn,WA,98524,2020,TESLA,MODEL Y,Battery Electric Vehicle (BEV),Clean Alternative Fuel Vehicle Eligible,291,35.0,126005099,POINT (-122.82984 47.38173),BONNEVILLE POWER ADMINISTRATION||CITY OF TACOMA - (WA)||PUD NO 3 OF MASON COUNTY,53045960403
1C4JJXP67P,Island,Freeland,WA,98249,2023,JEEP,WRANGLER,Plug-in Hybrid Electric Vehicle (PHEV),Not eligible due to low battery range,21,10.0,267602569,POINT (-122.52664 48.00956),PUGET SOUND ENERGY INC,53029971301
WP1AE2AY4K,Kitsap,Bainbridge Island,WA,98110,2019,PORSCHE,CAYENNE,Plug-in Hybrid Electric Vehicle (PHEV),Not eligible due to low battery range,13,23.0,136974015,POINT (-122.521 47.62732),PUGET SOUND ENERGY INC,53035090700
JTMCB3FV4R,Snohomish,Bothell,WA,98021,2024,TOYOTA,RAV4 PRIME (PHEV),Plug-in Hybrid Electric Vehicle (PHEV),Clean Alternative Fuel Vehicle Eligible,42,1.0,271846130,POINT (-122.18384 47.8031),PUGET SOUND ENERGY INC,53061051926
1G1FW6S07H,Snohomish,Snohomish,WA,98296,2017,CHEVROLET,BOLT EV,Battery Electric Vehicle (BEV),Clean Alternative Fuel Vehicle Eligible,238,1.0,226016283,POINT (-122.1389 47.87115),PUGET SOUND ENERGY INC,53061052108
5YJYGDEE8L,King,Auburn,WA,98092,2020,TESLA,MODEL Y,Battery Electric Vehicle (BEV),Clean Alternative Fuel Vehicle Eligible,291,47.0,125983147,POINT (-122.18262 47.31825),PUGET SOUND ENERGY INC||CITY OF TACOMA - (WA),53033029602
1N4AZ1CPXJ,King,Renton,WA,98059,2018,NISSAN,LEAF,Battery Electric Vehicle (BEV),Clean Alternative Fuel Vehicle Eligible,151,11.0,298510712,POINT (-122.11589 47.50243),PUGET SOUND ENERGY INC||CITY OF TACOMA - (WA),53033025602
WAUTPBFF8J,Pierce,University Place,WA,98467,2018,AUDI,A3,Plug-in Hybrid Electric Vehicle (PHEV),Not eligible due to low battery range,16,28.0,468761492,POINT (-122.50669 47.20313),BONNEVILLE POWER ADMINISTRATION||CITY OF TACOMA - (WA)||PENINSULA LIGHT COMPANY,53053072314
5YJSA1H46F,King,Mercer Island,WA,98040,2015,TESLA,MODEL S,Battery Electric Vehicle (BEV),Clean Alternative Fuel Vehicle Eligible,208,41.0,197159175,POINT (-122.21238 47.57816),PUGET SOUND ENERGY INC||CITY OF TACOMA - (WA),53033024602
JTDKN3DP9C,Pierce,Tacoma,WA,98405,2012,TOYOTA,PRIUS,Plug-in Hybrid Electric Vehicle (PHEV),Not eligible due to low battery range,6,27.0,267706036,POINT (-122.48271 47.24737),BONNEVILLE POWER ADMINISTRATION||CITY OF TACOMA - (WA)||PENINSULA LIGHT COMPANY,53053061200
1N4AZ0CPXD,King,Maple Valley,WA,98038,2013,NISSAN,LEAF,Battery Electric Vehicle (BEV),Clean Alternative Fuel Vehicle Eligible,75,5.0,217405814,POINT (-122.04526 47.39394),PUGET SOUND ENERGY INC||CITY OF TACOMA - (WA),53033032011
5YJYGDEE7L,King,Seattle,WA,98125,2020,TESLA,MODEL Y,Battery Electric Vehicle (BEV),Clean Alternative Fuel Vehicle Eligible,291,46.0,259795063,POINT (-122.30253 47.72656),CITY OF SEATTLE - (WA)|CITY OF TACOMA - (WA),53033001201
1G1RD6S5XJ,King,Enumclaw,WA,98022,2018,CHEVROLET,VOLT,Plug-in Hybrid Electric Vehicle (PHEV),Clean Alternative Fuel Vehicle Eligible,53,31.0,195128482,POINT (-121.99136 47.20433),PUGET SOUND ENERGY INC||CITY OF TACOMA - (WA),53033031302
WVWKR7AU8J,Spokane,Liberty Lake,WA,99019,2018,VOLKSWAGEN,E-GOLF,Battery Electric Vehicle (BEV),Clean Alternative Fuel Vehicle Eligible,125,4.0,148974318,POINT (-117.1015 47.66829),BONNEVILLE POWER ADMINISTRATION||AVISTA CORP||INLAND POWER & LIGHT COMPANY,53063013203
1G1FZ6S01K,King,Seattle,WA,98144,2019,CHEVROLET,BOLT EV,Battery Electric Vehicle (BEV),Clean Alternative Fuel Vehicle Eligible,238,37.0,268224652,POINT (-122.30866 47.57874),CITY OF SEATTLE - (WA)|CITY OF TACOMA - (WA),53033009500
KNDJP3AE6G,Thurston,Olympia,WA,98501,2016,KIA,SOUL,Battery Electric Vehicle (BEV),Clean Alternative Fuel Vehicle Eligible,93,35.0,187432465,POINT (-122.89165 47.03954),PUGET SOUND ENERGY INC,53067011821
5YJ3E1EAXK,Island,Freeland,WA,98249,2019,TESLA,MODEL 3,Battery Electric Vehicle (BEV),Clean Alternative Fuel Vehicle Eligible,220,10.0,145847684,POINT (-122.52664 48.00956),PUGET SOUND ENERGY INC,53029971301
7JRH60FL8R,Snohomish,Everett,WA,98203,2024,VOLVO,S60,Plug-in Hybrid Electric Vehicle (PHEV),Clean Alternative Fuel Vehicle Eligible,41,38.0,284046374,POINT (-122.23019 47.94949),PUGET SOUND ENERGY INC,53061041303
5UXTA6C09N,Snohomish,Bothell,WA,98021,2022,BMW,X5,Plug-in Hybrid Electric Vehicle (PHEV),Clean Alternative Fuel Vehicle Eligible,30,1.0,183093634,POINT (-122.18384 47.8031),PUGET SOUND ENERGY INC,53061051938
5YJ3E1EB7J,King,Seattle,WA,98125,2018,TESLA,MODEL 3,Battery Electric Vehicle (BEV),Clean Alternative Fuel Vehicle Eligible,215,46.0,475901387,POINT (-122.30253 47.72656),CITY OF SEATTLE - (WA)|CITY OF TACOMA - (WA),53033001100
KNDJX3AE9J,King,Kenmore,WA,98028,2018,KIA,SOUL,Battery Electric Vehicle (BEV),Clean Alternative Fuel Vehicle Eligible,111,46.0,283553000,POINT (-122.24369 47.75892),PUGET SOUND ENERGY INC||CITY OF TACOMA - (WA),53033021600
1FADP5CU9G,King,Kirkland,WA,98034,2016,FORD,C-MAX,Plug-in Hybrid Electric Vehicle (PHEV),Not eligible due to low battery range,19,1.0,350013674,POINT (-122.22901 47.72201),PUGET SOUND ENERGY INC||CITY OF TACOMA - (WA),53033022204
YV4H60RC1T,King,Bellevue,WA,98004,2026,VOLVO,XC60,Plug-in Hybrid Electric Vehicle (PHEV),Clean Alternative Fuel Vehicle Eligible,35,41.0,287031986,POINT (-122.1872 47.61001),PUGET SOUND ENERGY INC||CITY OF TACOMA - (WA),53033023902
JTJHKCFZ9R,King,Auburn,WA,98092,2024,LEXUS,NX,Plug-in Hybrid Electric Vehicle (PHEV),Clean Alternative Fuel Vehicle Eligible,37,47.0,258516044,POINT (-122.18262 47.31825),PUGET SOUND ENERGY INC||CITY OF TACOMA - (WA),53033031207
1N4AZ1BP4L,Snohomish,Everett,WA,98203,2020,NISSAN,LEAF,Battery Electric Vehicle (BEV),Clean Alternative Fuel Vehicle Eligible,149,38.0,123583981,POINT (-122.23019 47.94949),PUGET SOUND ENERGY INC,53061041202
JTDKAMFP8N,Okanogan,Conconully,WA,98819,2022,TOYOTA,PRIUS PRIME (PHEV),Plug-in Hybrid Electric Vehicle (PHEV),Not eligible due to low battery range,25,7.0,287766874,POINT (-119.75013 48.55781),PUD NO 1 OF OKANOGAN COUNTY,53047970500
1G1FW6S01J,Pierce,Tacoma,WA,98409,2018,CHEVROLET,BOLT EV,Battery Electric Vehicle (BEV),Clean Alternative Fuel Vehicle Eligible,238,29.0,257316349,POINT (-122.47145 47.20873),BONNEVILLE POWER ADMINISTRATION||CITY OF TACOMA - (WA)||PENINSULA LIGHT COMPANY,53053063000
5YJ3E1EB4K,King,Bellevue,WA,98004,2019,TESLA,MODEL 3,Battery Electric Vehicle (BEV),Clean Alternative Fuel Vehicle Eligible,220,41.0,478184577,POINT (-122.1872 47.61001),PUGET SOUND ENERGY INC||CITY OF TACOMA - (WA),53033023807
5YJ3E1EB0J,King,Enumclaw,WA,98022,2018,TESLA,MODEL 3,Battery Electric Vehicle (BEV),Clean Alternative Fuel Vehicle Eligible,215,31.0,272784116,POINT (-121.99136 47.20433),PUGET SOUND ENERGY INC||CITY OF TACOMA - (WA),53033031400
1G1FX6S00J,Clark,Vancouver,WA,98661,2018,CHEVROLET,BOLT EV,Battery Electric Vehicle (BEV),Clean Alternative Fuel Vehicle Eligible,238,49.0,278925020,POINT (-122.62934 45.63201),BONNEVILLE POWER ADMINISTRATION||PUD NO 1 OF CLARK COUNTY - (WA),53011042800
ZACPDFCW4R,King,Tukwila,WA,98188,2024,DODGE,HORNET,Plug-in Hybrid Electric Vehicle (PHEV),Clean Alternative Fuel Vehicle Eligible,32,11.0,262474467,POINT (-122.27979 47.44952),PUGET SOUND ENERGY INC||CITY OF TACOMA - (WA),53033028200
1N4AZ0CP9E,Clallam,Sequim,WA,98382,2014,NISSAN,LEAF,Battery Electric Vehicle (BEV),Clean Alternative Fuel Vehicle Eligible,84,24.0,247431558,POINT (-123.10367 48.07965),BONNEVILLE POWER ADMINISTRATION||PUD NO 1 OF CLALLAM COUNTY,53009001902
1G1RB6S59H,San Juan,Lopez Island,WA,98261,2017,CHEVROLET,VOLT,Plug-in Hybrid Electric Vehicle (PHEV),Clean Alternative Fuel Vehicle Eligible,53,40.0,195685192,POINT (-122.9143 48.52357),BONNEVILLE POWER ADMINISTRATION||ORCAS POWER & LIGHT COOP,53055960502
5YJ3E1EB2J,King,North Bend,WA,98045,2018,TESLA,MODEL 3,Battery Electric Vehicle (BEV),Clean Alternative Fuel Vehicle Eligible,215,5.0,475258304,POINT (-121.7831 47.49348),PUGET SOUND ENERGY INC||CITY OF TACOMA - (WA),53033032705
1N4BZ0CP8H,King,Seattle,WA,98125,2017,NISSAN,LEAF,Battery Electric Vehicle (BEV),Clean Alternative Fuel Vehicle Eligible,107,46.0,349703917,POINT (-122.30253 47.72656),CITY OF SEATTLE - (WA)|CITY OF TACOMA - (WA),53033001100
1C4RJYB6XR,Snohomish,Mukilteo,WA,98275,2024,JEEP,GRAND CHEROKEE,Plug-in Hybrid Electric Vehicle (PHEV),Not eligible due to low battery range,25,21.0,264693985,POINT (-122.29196 47.89908),PUGET SOUND ENERGY INC,53061042001
KNDPZDDH7S,Snohomish,Mukilteo,WA,98275,2025,KIA,SPORTAGE,Plug-in Hybrid Electric Vehicle (PHEV),Clean Alternative Fuel Vehicle Eligible,34,21.0,281743696,POINT (-122.29196 47.89908),PUGET SOUND ENERGY INC,53061042006
YV4H60CW2P,King,Newcastle,WA,98056,2023,VOLVO,XC90,Plug-in Hybrid Electric Vehicle (PHEV),Clean Alternative Fuel Vehicle Eligible,32,41.0,288876997,POINT (-122.18839 47.51197),PUGET SOUND ENERGY INC||CITY OF TACOMA - (WA),53033024703
1G1RD6E49D,Thurston,Tumwater,WA,98512,2013,CHEVROLET,VOLT,Plug-in Hybrid Electric Vehicle (PHEV),Clean Alternative Fuel Vehicle Eligible,38,22.0,267085766,POINT (-123.04078 46.94792),PUGET SOUND ENERGY INC,53067010910
KNDCS3LF2P,Whatcom,Bellingham,WA,98229,2023,KIA,NIRO,Plug-in Hybrid Electric Vehicle (PHEV),Clean Alternative Fuel Vehicle Eligible,33,40.0,221527820,POINT (-122.45486 48.7449),PUGET SOUND ENERGY INC||PUD NO 1 OF WHATCOM COUNTY,53073000902
JTDKARFP7H,King,Redmond,WA,98052,2017,TOYOTA,PRIUS PRIME (PHEV),Plug-in Hybrid Electric Vehicle (PHEV),Not eligible due to low battery range,25,45.0,348993627,POINT (-122.13158 47.67858),PUGET SOUND ENERGY INC||CITY OF TACOMA - (WA),53033032323
5LMYJ8XY2L,King,Burien,WA,98146,2020,LINCOLN,AVIATOR,Plug-in Hybrid Electric Vehicle (PHEV),Not eligible due to low battery range,21,34.0,102939042,POINT (-122.36322 47.49736),CITY OF SEATTLE - (WA)|CITY OF TACOMA - (WA),53033026700
1C4RJXN61R,Snohomish,Everett,WA,98208,2024,JEEP,WRANGLER,Plug-in Hybrid Electric Vehicle (PHEV),Not eligible due to low battery range,21,44.0,259342373,POINT (-122.18637 47.89251),PUGET SOUND ENERGY INC,53061041701
1N4AZ0CP0G,King,Issaquah,WA,98029,2016,NISSAN,LEAF,Battery Electric Vehicle (BEV),Clean Alternative Fuel Vehicle Eligible,84,5.0,129188272,POINT (-122.01656 47.57118),PUGET SOUND ENERGY INC||CITY OF TACOMA - (WA),53033032220
1C4RJXN68R,King,Issaquah,WA,98027,2024,JEEP,WRANGLER,Plug-in Hybrid Electric Vehicle (PHEV),Not eligible due to low battery range,21,5.0,267684161,POINT (-122.03439 47.5301),PUGET SOUND ENERGY INC||CITY OF TACOMA - (WA),53033032102
2C4RC1N77J,Kitsap,Bainbridge Island,WA,98110,2018,CHRYSLER,PACIFICA,Plug-in Hybrid Electric Vehicle (PHEV),Clean Alternative Fuel Vehicle Eligible,33,23.0,347818075,POINT (-122.521 47.62732),PUGET SOUND ENERGY INC,53035090902
JTMFB3FV2R,King,Seattle,WA,98125,2024,TOYOTA,RAV4 PRIME (PHEV),Plug-in Hybrid Electric Vehicle (PHEV),Clean Alternative Fuel Vehicle Eligible,42,46.0,265147235,POINT (-122.30253 47.72656),CITY OF SEATTLE - (WA)|CITY OF TACOMA - (WA),53033000800
JTDKN3DPXD,King,Federal Way,WA,98003,2013,TOYOTA,PRIUS,Plug-in Hybrid Electric Vehicle (PHEV),Not eligible due to low battery range,6,30.0,235088766,POINT (-122.3303 47.30151),PUGET SOUND ENERGY INC||CITY OF TACOMA - (WA),53033030005
ZACPDFDW2R,King,Seattle,WA,98125,2024,DODGE,HORNET,Plug-in Hybrid Electric Vehicle (PHEV),Clean Alternative Fuel Vehicle Eligible,32,46.0,274456892,POINT (-122.30253 47.72656),CITY OF SEATTLE - (WA)|CITY OF TACOMA - (WA),53033000700
5YJ3E1EA0L,Jefferson,Port Ludlow,WA,98365,2020,TESLA,MODEL 3,Battery Electric Vehicle (BEV),Clean Alternative Fuel Vehicle Eligible,266,24.0,4921318,POINT (-122.68475 47.92989),BONNEVILLE POWER ADMINISTRATION||PUGET SOUND ENERGY INC||PUD NO 1 OF JEFFERSON COUNTY,53031950302
WMEEJ9AA2F,King,Seattle,WA,98125,2015,SMART,FORTWO ELECTRIC DRIVE,Battery Electric Vehicle (BEV),Clean Alternative Fuel Vehicle Eligible,68,46.0,174975895,POINT (-122.30253 47.72656),CITY OF SEATTLE - (WA)|CITY OF TACOMA - (WA),53033000202
1G1FZ6S02L,Chelan,Leavenworth,WA,98826,2020,CHEVROLET,BOLT EV,Battery Electric Vehicle (BEV),Clean Alternative Fuel Vehicle Eligible,259,12.0,274889982,POINT (-120.65754 47.5982),PUD NO 1 OF CHELAN COUNTY,53007960201
WBY1Z4C5XG,Benton,Kennewick,WA,99337,2016,BMW,I3,Plug-in Hybrid Electric Vehicle (PHEV),Clean Alternative Fuel Vehicle Eligible,72,8.0,109685194,POINT (-119.14432 46.18741),BONNEVILLE POWER ADMINISTRATION||PUD NO 1 OF BENTON COUNTY,53005011504
2C4RC1S78M,King,Bellevue,WA,98008,2021,CHRYSLER,PACIFICA,Plug-in Hybrid Electric Vehicle (PHEV),Clean Alternative Fuel Vehicle Eligible,32,48.0,142122403,POINT (-122.11867 47.63131),PUGET SOUND ENERGY INC||CITY OF TACOMA - (WA),53033023100
YV4BR0PM1J,Pierce,Buckley,WA,98321,2018,VOLVO,XC90,Plug-in Hybrid Electric Vehicle (PHEV),Not eligible due to low battery range,19,31.0,122199815,POINT (-122.02523 47.16299),PUGET SOUND ENERGY INC||CITY OF TACOMA - (WA),53053070205
3C3CFFGE1G,Kitsap,Port Orchard,WA,98367,2016,FIAT,500,Battery Electric Vehicle (BEV),Clean Alternative Fuel Vehicle Eligible,84,35.0,318783174,POINT (-122.68471 47.50524),PUGET SOUND ENERGY INC,53035092901
WVWPR7AU4K,King,Bellevue,WA,98004,2019,VOLKSWAGEN,E-GOLF,Battery Electric Vehicle (BEV),Clean Alternative Fuel Vehicle Eligible,125,48.0,335533460,POINT (-122.1872 47.61001),PUGET SOUND ENERGY INC||CITY OF TACOMA - (WA),53033024001
1N4AZ1CPXK,King,Seattle,WA,98177,2019,NISSAN,LEAF,Battery Electric Vehicle (BEV),Clean Alternative Fuel Vehicle Eligible,150,32.0,103655499,POINT (-122.37238 47.74068),CITY OF SEATTLE - (WA)|CITY OF TACOMA - (WA),53033000403
YV4BR00K6M,King,Seattle,WA,98126,2021,VOLVO,XC90,Plug-in Hybrid Electric Vehicle (PHEV),Not eligible due to low battery range,18,34.0,269574189,POINT (-122.36893 47.54701),CITY OF SEATTLE - (WA)|CITY OF TACOMA - (WA),53033009801
1N4AZ1CP9J,Kitsap,Poulsbo,WA,98370,2018,NISSAN,LEAF,Battery Electric Vehicle (BEV),Clean Alternative Fuel Vehicle Eligible,151,23.0,293886533,POINT (-122.64681 47.73689),PUGET SOUND ENERGY INC,53035090201
JTMFB3FV7S,King,Mercer Island,WA,98040,2025,TOYOTA,RAV4 PRIME (PHEV),Plug-in Hybrid Electric Vehicle (PHEV),Clean Alternative Fuel Vehicle Eligible,42,41.0,283193515,POINT (-122.21238 47.57816),PUGET SOUND ENERGY INC||CITY OF TACOMA - (WA),53033024302
1C4RJYE66S,Thurston,Olympia,WA,98512,2025,JEEP,GRAND CHEROKEE,Plug-in Hybrid Electric Vehicle (PHEV),Not eligible due to low battery range,25,35.0,278274643,POINT (-123.04078 46.94792),PUGET SOUND ENERGY INC,53067011821
1N4AZ0CP2G,Kitsap,Bainbridge Island,WA,98110,2016,NISSAN,LEAF,Battery Electric Vehicle (BEV),Clean Alternative Fuel Vehicle Eligible,84,23.0,200074717,POINT (-122.521 47.62732),PUGET SOUND ENERGY INC,53035090800
JN1AZ0CP3B,King,Shoreline,WA,98133,2011,NISSAN,LEAF,Battery Electric Vehicle (BEV),Clean Alternative Fuel Vehicle Eligible,73,32.0,331783238,POINT (-122.33364 47.73709),CITY OF SEATTLE - (WA)|CITY OF TACOMA - (WA),53033021000
1FMCU0E1XP,Grays Harbor,Elma,WA,98541,2023,FORD,ESCAPE,Plug-in Hybrid Electric Vehicle (PHEV),Clean Alternative Fuel Vehicle Eligible,37,24.0,261311669,POINT (-123.40382 47.00379),BONNEVILLE POWER ADMINISTRATION||PUD NO 1 OF GRAYS HARBOR COUNTY,53027000501
WBY8P4C51K,King,Kirkland,WA,98033,2019,BMW,I3,Plug-in Hybrid Electric Vehicle (PHEV),Clean Alternative Fuel Vehicle Eligible,126,48.0,9418181,POINT (-122.2066 47.67887),PUGET SOUND ENERGY INC||CITY OF TACOMA - (WA),53033022703
5UXKT0C33H,King,Seattle,WA,98133,2017,BMW,X5,Plug-in Hybrid Electric Vehicle (PHEV),Not eligible due to low battery range,14,32.0,151282806,POINT (-122.33364 47.73709),CITY OF SEATTLE - (WA)|CITY OF TACOMA - (WA),53033001300
5YJ3E1EB2J,King,Newcastle,WA,98059,2018,TESLA,MODEL 3,Battery Electric Vehicle (BEV),Clean Alternative Fuel Vehicle Eligible,215,41.0,275730297,POINT (-122.11589 47.50243),PUGET SOUND ENERGY INC||CITY OF TACOMA - (WA),53033025005
5YJ3E1EB0L,King,Redmond,WA,98052,2020,TESLA,MODEL 3,Battery Electric Vehicle (BEV),Clean Alternative Fuel Vehicle Eligible,322,48.0,101391426,POINT (-122.13158 47.67858),PUGET SOUND ENERGY INC||CITY OF TACOMA - (WA),53033022605
KNDCC3LG7L,Clark,Vancouver,WA,98665,2020,KIA,NIRO,Battery Electric Vehicle (BEV),Clean Alternative Fuel Vehicle Eligible,239,49.0,208952061,POINT (-122.64443 45.67871),BONNEVILLE POWER ADMINISTRATION||PUD NO 1 OF CLARK COUNTY - (WA),53011040809
5YJ3E1EA0L,King,Redmond,WA,98052,2020,TESLA,MODEL 3,Battery Electric Vehicle (BEV),Clean Alternative Fuel Vehicle Eligible,266,48.0,107139826,POINT (-122.13158 47.67858),PUGET SOUND ENERGY INC||CITY OF TACOMA - (WA),53033022606
JTMFB3FV1R,Clark,Vancouver,WA,98682,2024,TOYOTA,RAV4 PRIME (PHEV),Plug-in Hybrid Electric Vehicle (PHEV),Clean Alternative Fuel Vehicle Eligible,42,17.0,262989779,POINT (-122.55149 45.69345),BONNEVILLE POWER ADMINISTRATION||PUD NO 1 OF CLARK COUNTY - (WA),53011041331
KNDPZDAH8P,Pierce,Tacoma,WA,98407,2023,KIA,SPORTAGE,Plug-in Hybrid Electric Vehicle (PHEV),Clean Alternative Fuel Vehicle Eligible,34,27.0,261814766,POINT (-122.54304 47.31803),BONNEVILLE POWER ADMINISTRATION||CITY OF TACOMA - (WA)||PENINSULA LIGHT COMPANY,53053060500
1C4JJXP63M,Spokane,Spokane,WA,99223,2021,JEEP,WRANGLER,Plug-in Hybrid Electric Vehicle (PHEV),Not eligible due to low battery range,25,6.0,195493273,POINT (-117.36043 47.63396),BONNEVILLE POWER ADMINISTRATION||AVISTA CORP||INLAND POWER & LIGHT COMPANY,53063004900
JTDACACU2S,Clark,Vancouver,WA,98685,2025,TOYOTA,PRIUS PRIME (PHEV),Plug-in Hybrid Electric Vehicle (PHEV),Clean Alternative Fuel Vehicle Eligible,39,18.0,281777989,POINT (-122.70303 45.70954),BONNEVILLE POWER ADMINISTRATION||PUD NO 1 OF CLARK COUNTY - (WA),53011040907
JHMZC5F15J,Clark,Vancouver,WA,98665,2018,HONDA,CLARITY,Plug-in Hybrid Electric Vehicle (PHEV),Clean Alternative Fuel Vehicle Eligible,47,49.0,282960191,POINT (-122.64443 45.67871),BONNEVILLE POWER ADMINISTRATION||PUD NO 1 OF CLARK COUNTY - (WA),53011040809
KNDPYDAH5P,King,Kent,WA,98030,2023,KIA,SPORTAGE,Plug-in Hybrid Electric Vehicle (PHEV),Clean Alternative Fuel Vehicle Eligible,34,33.0,260660683,POINT (-122.19975 47.37483),PUGET SOUND ENERGY INC||CITY OF TACOMA - (WA),53033029702
1G1RD6S53H,Clallam,Port Angeles,WA,98363,2017,CHEVROLET,VOLT,Plug-in Hybrid Electric Vehicle (PHEV),Clean Alternative Fuel Vehicle Eligible,53,24.0,274172349,POINT (-123.6784 48.12031),BONNEVILLE POWER ADMINISTRATION||CITY OF PORT ANGELES - (WA),53009000800
1G1FZ6S06K,King,Bellevue,WA,98007,2019,CHEVROLET,BOLT EV,Battery Electric Vehicle (BEV),Clean Alternative Fuel Vehicle Eligible,238,48.0,476302865,POINT (-122.12056 47.61334),PUGET SOUND ENERGY INC||CITY OF TACOMA - (WA),53033022804
5YJ3E1EBXL,Kitsap,Bainbridge Island,WA,98110,2020,TESLA,MODEL 3,Battery Electric Vehicle (BEV),Clean Alternative Fuel Vehicle Eligible,322,23.0,3570115,POINT (-122.521 47.62732),PUGET SOUND ENERGY INC,53035090800
ZPBUD6ZL1S,King,Bellevue,WA,98004,2025,LAMBORGHINI,URUS,Plug-in Hybrid Electric Vehicle (PHEV),Clean Alternative Fuel Vehicle Eligible,37,48.0,287478292,POINT (-122.1872 47.61001),PUGET SOUND ENERGY INC||CITY OF TACOMA - (WA),53033024002
1N4AZ1CP4K,Thurston,Yelm,WA,98597,2019,NISSAN,LEAF,Battery Electric Vehicle (BEV),Clean Alternative Fuel Vehicle Eligible,150,2.0,308057795,POINT (-122.60735 46.94239),PUGET SOUND ENERGY INC,53067012412
1N4AZ0CP4D,Clark,Camas,WA,98607,2013,NISSAN,LEAF,Battery Electric Vehicle (BEV),Clean Alternative Fuel Vehicle Eligible,75,18.0,173730861,POINT (-122.40199 45.58694),BONNEVILLE POWER ADMINISTRATION||PUD NO 1 OF CLARK COUNTY - (WA),53011041400
JTDKN3DP2D,King,Seattle,WA,98118,2013,TOYOTA,PRIUS,Plug-in Hybrid Electric Vehicle (PHEV),Not eligible due to low battery range,6,37.0,148599643,POINT (-122.2668 47.55115),CITY OF SEATTLE - (WA)|CITY OF TACOMA - (WA),53033011001
JTMEB3FV0M,King,Kent,WA,98032,2021,TOYOTA,RAV4 PRIME (PHEV),Plug-in Hybrid Electric Vehicle (PHEV),Clean Alternative Fuel Vehicle Eligible,42,33.0,286568544,POINT (-122.23741 47.3807),PUGET SOUND ENERGY INC||CITY OF TACOMA - (WA),53033029803
ZACPDFCWXR,King,Tukwila,WA,98188,2024,DODGE,HORNET,Plug-in Hybrid Electric Vehicle (PHEV),Clean Alternative Fuel Vehicle Eligible,32,11.0,262791091,POINT (-122.27979 47.44952),PUGET SOUND ENERGY INC||CITY OF TACOMA - (WA),53033028200
WAUUPBFF4J,Clark,Vancouver,WA,98664,2018,AUDI,A3,Plug-in Hybrid Electric Vehicle (PHEV),Not eligible due to low battery range,16,49.0,255217021,POINT (-122.59219 45.62158),BONNEVILLE POWER ADMINISTRATION||PUD NO 1 OF CLARK COUNTY - (WA),53011041208
5YJ3E1EA3K,King,Kirkland,WA,98033,2019,TESLA,MODEL 3,Battery Electric Vehicle (BEV),Clean Alternative Fuel Vehicle Eligible,220,48.0,475795610,POINT (-122.2066 47.67887),PUGET SOUND ENERGY INC||CITY OF TACOMA - (WA),53033022604
5YJXCAE29G,King,Kirkland,WA,98034,2016,TESLA,MODEL X,Battery Electric Vehicle (BEV),Clean Alternative Fuel Vehicle Eligible,200,45.0,5141174,POINT (-122.22901 47.72201),PUGET SOUND ENERGY INC||CITY OF TACOMA - (WA),53033022005
4JGFB4GB0R,King,Bellevue,WA,98005,2024,MERCEDES-BENZ,GLE-CLASS,Plug-in Hybrid Electric Vehicle (PHEV),Clean Alternative Fuel Vehicle Eligible,48,48.0,268526541,POINT (-122.1621 47.64441),PUGET SOUND ENERGY INC||CITY OF TACOMA - (WA),53033022804
5YJSA1E27J,King,Kirkland,WA,98033,2018,TESLA,MODEL S,Battery Electric Vehicle (BEV),Clean Alternative Fuel Vehicle Eligible,249,45.0,273712449,POINT (-122.2066 47.67887),PUGET SOUND ENERGY INC||CITY OF TACOMA - (WA),53033022402
ZACPDFCW6R,King,Tukwila,WA,98188,2024,DODGE,HORNET,Plug-in Hybrid Electric Vehicle (PHEV),Clean Alternative Fuel Vehicle Eligible,32,11.0,261045648,POINT (-122.27979 47.44952),PUGET SOUND ENERGY INC||CITY OF TACOMA - (WA),53033028200
JM3KKEHA4R,King,Kirkland,WA,98034,2024,MAZDA,CX-90,Plug-in Hybrid Electric Vehicle (PHEV),Not eligible due to low battery range,26,1.0,261280099,POINT (-122.22901 47.72201),PUGET SOUND ENERGY INC||CITY OF TACOMA - (WA),53033022204
1N4AZ0CP8D,Spokane,Spokane,WA,99207,2013,NISSAN,LEAF,Battery Electric Vehicle (BEV),Clean Alternative Fuel Vehicle Eligible,75,3.0,226492962,POINT (-117.3973 47.67573),MODERN ELECTRIC WATER COMPANY,53063001500
JTMAB3FV9M,King,Seattle,WA,98107,2021,TOYOTA,RAV4 PRIME (PHEV),Plug-in Hybrid Electric Vehicle (PHEV),Clean Alternative Fuel Vehicle Eligible,42,36.0,154789386,POINT (-122.38591 47.67597),CITY OF SEATTLE - (WA)|CITY OF TACOMA - (WA),53033003202
KNDCE3LG7L,King,Seattle,WA,98119,2020,KIA,NIRO,Battery Electric Vehicle (BEV),Clean Alternative Fuel Vehicle Eligible,239,36.0,141048197,POINT (-122.3684 47.64586),CITY OF SEATTLE - (WA)|CITY OF TACOMA - (WA),53033005902
5YJ3E1EC4L,Kitsap,Silverdale,WA,98383,2020,TESLA,MODEL 3,Battery Electric Vehicle (BEV),Clean Alternative Fuel Vehicle Eligible,308,23.0,7948713,POINT (-122.69275 47.65171),PUGET SOUND ENERGY INC,53035091205
WA1VABGE2K,King,Redmond,WA,98052,2019,AUDI,E-TRON,Battery Electric Vehicle (BEV),Clean Alternative Fuel Vehicle Eligible,204,45.0,204616149,POINT (-122.13158 47.67858),PUGET SOUND ENERGY INC||CITY OF TACOMA - (WA),53033032323
JTJHKCFZ4S,Benton,West Richland,WA,99353,2025,LEXUS,NX,Plug-in Hybrid Electric Vehicle (PHEV),Clean Alternative Fuel Vehicle Eligible,37,8.0,281236343,POINT (-119.33836 46.29696),BONNEVILLE POWER ADMINISTRATION||PUD NO 1 OF BENTON COUNTY,53005010705
1FMCU0KZ9N,Clark,Washougal,WA,98671,2022,FORD,ESCAPE,Plug-in Hybrid Electric Vehicle (PHEV),Clean Alternative Fuel Vehicle Eligible,38,18.0,202841712,POINT (-122.35341 45.57923),BONNEVILLE POWER ADMINISTRATION||PUD NO 1 OF CLARK COUNTY - (WA),53011040605
2C4RC1L79N,Thurston,Olympia,WA,98501,2022,CHRYSLER,PACIFICA,Plug-in Hybrid Electric Vehicle (PHEV),Clean Alternative Fuel Vehicle Eligible,32,22.0,238006443,POINT (-122.89165 47.03954),PUGET SOUND ENERGY INC,53067011200
WBY8P4C00L,King,Maple Valley,WA,98038,2020,BMW,I3,Plug-in Hybrid Electric Vehicle (PHEV),Clean Alternative Fuel Vehicle Eligible,126,5.0,263307299,POINT (-122.04526 47.39394),PUGET SOUND ENERGY INC||CITY OF TACOMA - (WA),53033031604
1G1FX6S02H,King,Seattle,WA,98112,2017,CHEVROLET,BOLT EV,Battery Electric Vehicle (BEV),Clean Alternative Fuel Vehicle Eligible,238,43.0,202212986,POINT (-122.30207 47.64085),CITY OF SEATTLE - (WA)|CITY OF TACOMA - (WA),53033006200
5YJ3E1EB2K,Snohomish,Lynnwood,WA,98036,2019,TESLA,MODEL 3,Battery Electric Vehicle (BEV),Clean Alternative Fuel Vehicle Eligible,220,1.0,122996772,POINT (-122.29245 47.82557),PUGET SOUND ENERGY INC,53061051932
WMEEJ9AA9G,King,Seattle,WA,98118,2016,SMART,FORTWO,Battery Electric Vehicle (BEV),Clean Alternative Fuel Vehicle Eligible,68,37.0,235522535,POINT (-122.2668 47.55115),CITY OF SEATTLE - (WA)|CITY OF TACOMA - (WA),53033011902
1G1RB6S53H,King,Renton,WA,98055,2017,CHEVROLET,VOLT,Plug-in Hybrid Electric Vehicle (PHEV),Clean Alternative Fuel Vehicle Eligible,53,33.0,195316348,POINT (-122.19488 47.44035),PUGET SOUND ENERGY INC||CITY OF TACOMA - (WA),53033029309
JTMAB3FVXP,King,Maple Valley,WA,98038,2023,TOYOTA,RAV4 PRIME (PHEV),Plug-in Hybrid Electric Vehicle (PHEV),Clean Alternative Fuel Vehicle Eligible,42,5.0,255211001,POINT (-122.04526 47.39394),PUGET SOUND ENERGY INC||CITY OF TACOMA - (WA),53033032003
1FADP3R4XE,King,Kirkland,WA,98033,2014,FORD,FOCUS,Battery Electric Vehicle (BEV),Clean Alternative Fuel Vehicle Eligible,76,48.0,126766034,POINT (-122.2066 47.67887),PUGET SOUND ENERGY INC||CITY OF TACOMA - (WA),53033022603
1G1RD6E42D,King,Renton,WA,98059,2013,CHEVROLET,VOLT,Plug-in Hybrid Electric Vehicle (PHEV),Clean Alternative Fuel Vehicle Eligible,38,11.0,153449859,POINT (-122.11589 47.50243),PUGET SOUND ENERGY INC||CITY OF TACOMA - (WA),53033025602
WBY8P8C09L,Kitsap,Bremerton,WA,98310,2020,BMW,I3,Plug-in Hybrid Electric Vehicle (PHEV),Clean Alternative Fuel Vehicle Eligible,126,23.0,260253962,POINT (-122.61136 47.5752),PUGET SOUND ENERGY INC,53035080400
1N4AZ0CP0D,Thurston,Rainier,WA,98576,2013,NISSAN,LEAF,Battery Electric Vehicle (BEV),Clean Alternative Fuel Vehicle Eligible,75,20.0,166701979,POINT (-122.68993 46.88897),PUGET SOUND ENERGY INC,53067012530
2C4RC1S79P,Mason,Shelton,WA,98584,2023,CHRYSLER,PACIFICA,Plug-in Hybrid Electric Vehicle (PHEV),Clean Alternative Fuel Vehicle Eligible,32,35.0,266678387,POINT (-123.10616 47.21253),BONNEVILLE POWER ADMINISTRATION||CITY OF TACOMA - (WA)||PUD NO 3 OF MASON COUNTY,53045961101
5YJ3E1EB4J,Clark,Ridgefield,WA,98642,2018,TESLA,MODEL 3,Battery Electric Vehicle (BEV),Clean Alternative Fuel Vehicle Eligible,215,17.0,475898993,POINT (-122.74595 45.81539),BONNEVILLE POWER ADMINISTRATION||PUD NO 1 OF CLARK COUNTY - (WA),53011040409
JM3KKBHAXR,Snohomish,Snohomish,WA,98296,2024,MAZDA,CX-90,Plug-in Hybrid Electric Vehicle (PHEV),Not eligible due to low battery range,26,1.0,251547495,POINT (-122.1389 47.87115),PUGET SOUND ENERGY INC,53061052108
5YJ3E1EB3K,Grays Harbor,Oakville,WA,98568,2019,TESLA,MODEL 3,Battery Electric Vehicle (BEV),Clean Alternative Fuel Vehicle Eligible,220,19.0,322892027,POINT (-123.23286 46.84077),BONNEVILLE POWER ADMINISTRATION||PUD NO 1 OF GRAYS HARBOR COUNTY,53027000700
JTMAB3FV5R,Clark,Battle Ground,WA,98604,2024,TOYOTA,RAV4 PRIME (PHEV),Plug-in Hybrid Electric Vehicle (PHEV),Clean Alternative Fuel Vehicle Eligible,42,18.0,267066803,POINT (-122.5331 45.78092),BONNEVILLE POWER ADMINISTRATION||PUD NO 1 OF CLARK COUNTY - (WA),53011040414
5UX43EU02R,King,Seattle,WA,98125,2024,BMW,X5,Plug-in Hybrid Electric Vehicle (PHEV),Clean Alternative Fuel Vehicle Eligible,39,46.0,256138816,POINT (-122.30253 47.72656),CITY OF SEATTLE - (WA)|CITY OF TACOMA - (WA),53033000900
1N4BZ1DP1L,Whatcom,Bellingham,WA,98229,2020,NISSAN,LEAF,Battery Electric Vehicle (BEV),Clean Alternative Fuel Vehicle Eligible,215,40.0,128852874,POINT (-122.45486 48.7449),PUGET SOUND ENERGY INC||PUD NO 1 OF WHATCOM COUNTY,53073001101
5YJ3E1EA9J,King,Bellevue,WA,98006,2018,TESLA,MODEL 3,Battery Electric Vehicle (BEV),Clean Alternative Fuel Vehicle Eligible,215,41.0,349824422,POINT (-122.12096 47.55584),PUGET SOUND ENERGY INC||CITY OF TACOMA - (WA),53033024901
1N4AZ0CP4F,Clark,Vancouver,WA,98685,2015,NISSAN,LEAF,Battery Electric Vehicle (BEV),Clean Alternative Fuel Vehicle Eligible,84,18.0,237587409,POINT (-122.70303 45.70954),BONNEVILLE POWER ADMINISTRATION||PUD NO 1 OF CLARK COUNTY - (WA),53011040904
5YJXCDE22J,King,Sammamish,WA,98074,2018,TESLA,MODEL X,Battery Electric Vehicle (BEV),Clean Alternative Fuel Vehicle Eligible,238,45.0,192431872,POINT (-122.02054 47.60326),PUGET SOUND ENERGY INC||CITY OF TACOMA - (WA),53033032217
1FMCU0KZ8N,King,Kent,WA,98032,2022,FORD,ESCAPE,Plug-in Hybrid Electric Vehicle (PHEV),Clean Alternative Fuel Vehicle Eligible,38,33.0,192853405,POINT (-122.23741 47.3807),PUGET SOUND ENERGY INC||CITY OF TACOMA - (WA),53033029101
1G1FX6S05H,Snohomish,Mountlake Terrace,WA,98043,2017,CHEVROLET,BOLT EV,Battery Electric Vehicle (BEV),Clean Alternative Fuel Vehicle Eligible,238,1.0,197297600,POINT (-122.31111 47.78803),PUGET SOUND ENERGY INC,53061051100
3FA6P0SU7F,Cowlitz,Kelso,WA,98626,2015,FORD,FUSION,Plug-in Hybrid Electric Vehicle (PHEV),Not eligible due to low battery range,19,19.0,205837208,POINT (-122.89867 46.14424),BONNEVILLE POWER ADMINISTRATION||PUD NO 1 OF COWLITZ COUNTY,53015000901
5YJXCAE23G,Whatcom,Bellingham,WA,98226,2016,TESLA,MODEL X,Battery Electric Vehicle (BEV),Clean Alternative Fuel Vehicle Eligible,200,42.0,148495924,POINT (-122.49756 48.7999),PUGET SOUND ENERGY INC||PUD NO 1 OF WHATCOM COUNTY,53073000102
WVWKP7AU2G,Snohomish,Mill Creek,WA,98012,2016,VOLKSWAGEN,E-GOLF,Battery Electric Vehicle (BEV),Clean Alternative Fuel Vehicle Eligible,83,44.0,477628469,POINT (-122.20105 47.84423),PUGET SOUND ENERGY INC,53061052005
5YJSA1S1XE,King,Sammamish,WA,98074,2014,TESLA,MODEL S,Battery Electric Vehicle (BEV),Clean Alternative Fuel Vehicle Eligible,208,45.0,197765956,POINT (-122.02054 47.60326),PUGET SOUND ENERGY INC||CITY OF TACOMA - (WA),53033032316
YV4BR0CM8L,King,Issaquah,WA,98029,2020,VOLVO,XC90,Plug-in Hybrid Electric Vehicle (PHEV),Not eligible due to low battery range,18,5.0,123385398,POINT (-122.01656 47.57118),PUGET SOUND ENERGY INC||CITY OF TACOMA - (WA),53033032221
5YJSA1E25H,Snohomish,Lynnwood,WA,98036,2017,TESLA,MODEL S,Battery Electric Vehicle (BEV),Clean Alternative Fuel Vehicle Eligible,210,1.0,261829571,POINT (-122.29245 47.82557),PUGET SOUND ENERGY INC,53061051931
3FA6P0PU1H,Benton,West Richland,WA,99353,2017,FORD,FUSION,Plug-in Hybrid Electric Vehicle (PHEV),Not eligible due to low battery range,21,8.0,187173066,POINT (-119.33836 46.29696),BONNEVILLE POWER ADMINISTRATION||PUD NO 1 OF BENTON COUNTY,53005010705
1G1FY6S04K,Kitsap,Bainbridge Island,WA,98110,2019,CHEVROLET,BOLT EV,Battery Electric Vehicle (BEV),Clean Alternative Fuel Vehicle Eligible,238,23.0,211050563,POINT (-122.521 47.62732),PUGET SOUND ENERGY INC,53035090700
5YJ3E1EB8J,Yakima,Yakima,WA,98902,2018,TESLA,MODEL 3,Battery Electric Vehicle (BEV),Clean Alternative Fuel Vehicle Eligible,215,15.0,474530486,POINT (-120.51904 46.59783),PACIFICORP,53077001201
5YJSA1H1XF,King,Federal Way,WA,98003,2015,TESLA,MODEL S,Battery Electric Vehicle (BEV),Clean Alternative Fuel Vehicle Eligible,208,30.0,258193743,POINT (-122.3303 47.30151),PUGET SOUND ENERGY INC||CITY OF TACOMA - (WA),53033030406
KNDCD3LD2L,King,Redmond,WA,98052,2020,KIA,NIRO,Plug-in Hybrid Electric Vehicle (PHEV),Not eligible due to low battery range,26,48.0,286182221,POINT (-122.13158 47.67858),PUGET SOUND ENERGY INC||CITY OF TACOMA - (WA),53033032331
5YJ3E1EBXJ,Clark,Vancouver,WA,98664,2018,TESLA,MODEL 3,Battery Electric Vehicle (BEV),Clean Alternative Fuel Vehicle Eligible,215,49.0,132944941,POINT (-122.59219 45.62158),BONNEVILLE POWER ADMINISTRATION||PUD NO 1 OF CLARK COUNTY - (WA),53011041208
1C4JJXN60P,Thurston,Yelm,WA,98597,2023,JEEP,WRANGLER,Plug-in Hybrid Electric Vehicle (PHEV),Not eligible due to low battery range,21,2.0,233452404,POINT (-122.60735 46.94239),PUGET SOUND ENERGY INC,53067012422
WVWPP7AU4G,King,Seattle,WA,98112,2016,VOLKSWAGEN,E-GOLF,Battery Electric Vehicle (BEV),Clean Alternative Fuel Vehicle Eligible,83,37.0,304386533,POINT (-122.30207 47.64085),CITY OF SEATTLE - (WA)|CITY OF TACOMA - (WA),53033007800
5YJYGDEE3L,King,Kent,WA,98030,2020,TESLA,MODEL Y,Battery Electric Vehicle (BEV),Clean Alternative Fuel Vehicle Eligible,291,47.0,109579900,POINT (-122.19975 47.37483),PUGET SOUND ENERGY INC||CITY OF TACOMA - (WA),53033029507
KNDCC3LG2K,Grays Harbor,Aberdeen,WA,98520,2019,KIA,NIRO,Battery Electric Vehicle (BEV),Clean Alternative Fuel Vehicle Eligible,239,19.0,477180574,POINT (-123.81619 46.97606),BONNEVILLE POWER ADMINISTRATION||PUD NO 1 OF GRAYS HARBOR COUNTY,53027000800
YV4H60CZ8N,King,Seattle,WA,98125,2022,VOLVO,XC90,Plug-in Hybrid Electric Vehicle (PHEV),Clean Alternative Fuel Vehicle Eligible,35,46.0,199090762,POINT (-122.30253 47.72656),PUGET SOUND ENERGY INC||CITY OF TACOMA - (WA),53033000900
5YJ3E1EA6K,King,Bellevue,WA,98004,2019,TESLA,MODEL 3,Battery Electric Vehicle (BEV),Clean Alternative Fuel Vehicle Eligible,220,48.0,142741098,POINT (-122.1872 47.61001),PUGET SOUND ENERGY INC||CITY OF TACOMA - (WA),53033023805
5YJ3E1EB9L,King,Kent,WA,98042,2020,TESLA,MODEL 3,Battery Electric Vehicle (BEV),Clean Alternative Fuel Vehicle Eligible,322,47.0,6200043,POINT (-122.10798 47.37124),PUGET SOUND ENERGY INC||CITY OF TACOMA - (WA),53033031800
1N4AZ0CPXE,Whatcom,Bellingham,WA,98226,2014,NISSAN,LEAF,Battery Electric Vehicle (BEV),Clean Alternative Fuel Vehicle Eligible,84,42.0,141794313,POINT (-122.49756 48.7999),PUGET SOUND ENERGY INC||PUD NO 1 OF WHATCOM COUNTY,53073940002
WP0AC2Y1XL,King,Sammamish,WA,98074,2020,PORSCHE,TAYCAN,Battery Electric Vehicle (BEV),Clean Alternative Fuel Vehicle Eligible,192,45.0,124196292,POINT (-122.02054 47.60326),PUGET SOUND ENERGY INC||CITY OF TACOMA - (WA),53033032318
2C4RC1N72L,Clark,Vancouver,WA,98662,2020,CHRYSLER,PACIFICA,Plug-in Hybrid Electric Vehicle (PHEV),Clean Alternative Fuel Vehicle Eligible,32,17.0,262178983,POINT (-122.57722 45.64251),BONNEVILLE POWER ADMINISTRATION||PUD NO 1 OF CLARK COUNTY - (WA),53011040806
5YJ3E1EB1J,Whatcom,Bellingham,WA,98226,2018,TESLA,MODEL 3,Battery Electric Vehicle (BEV),Clean Alternative Fuel Vehicle Eligible,215,42.0,156778212,POINT (-122.49756 48.7999),PUGET SOUND ENERGY INC||PUD NO 1 OF WHATCOM COUNTY,53073000202
WBY1Z2C58E,Pierce,Graham,WA,98338,2014,BMW,I3,Battery Electric Vehicle (BEV),Clean Alternative Fuel Vehicle Eligible,81,28.0,252920993,POINT (-122.29477 47.05703),BONNEVILLE POWER ADMINISTRATION||CITY OF TACOMA - (WA)||PENINSULA LIGHT COMPANY,53053073115
3C3CFFGE4H,King,Seattle,WA,98125,2017,FIAT,500,Battery Electric Vehicle (BEV),Clean Alternative Fuel Vehicle Eligible,84,46.0,107117524,POINT (-122.30253 47.72656),CITY OF SEATTLE - (WA)|CITY OF TACOMA - (WA),53033000800
1FMCU0E16S,King,Seattle,WA,98125,2025,FORD,ESCAPE,Plug-in Hybrid Electric Vehicle (PHEV),Clean Alternative Fuel Vehicle Eligible,37,46.0,287895604,POINT (-122.30253 47.72656),CITY OF SEATTLE - (WA)|CITY OF TACOMA - (WA),53033000700
1G1FX6S06H,Clark,Vancouver,WA,98661,2017,CHEVROLET,BOLT EV,Battery Electric Vehicle (BEV),Clean Alternative Fuel Vehicle Eligible,238,49.0,127437579,POINT (-122.62934 45.63201),BONNEVILLE POWER ADMINISTRATION||PUD NO 1 OF CLARK COUNTY - (WA),53011042602
KNDCE3LG1K,Thurston,Olympia,WA,98502,2019,KIA,NIRO,Battery Electric Vehicle (BEV),Clean Alternative Fuel Vehicle Eligible,239,22.0,102638791,POINT (-122.92333 47.03779),PUGET SOUND ENERGY INC,53067011100
KMHC65LD5K,King,Shoreline,WA,98155,2019,HYUNDAI,IONIQ,Plug-in Hybrid Electric Vehicle (PHEV),Not eligible due to low battery range,29,32.0,144349670,POINT (-122.30304 47.75494),CITY OF SEATTLE - (WA)|CITY OF TACOMA - (WA),53033020401
WBY7Z2C5XJ,King,Shoreline,WA,98133,2018,BMW,I3,Battery Electric Vehicle (BEV),Clean Alternative Fuel Vehicle Eligible,114,32.0,287407060,POINT (-122.33364 47.73709),CITY OF SEATTLE - (WA)|CITY OF TACOMA - (WA),53033020800
5YJSA1DP8D,Lewis,Winlock,WA,98596,2013,TESLA,MODEL S,Battery Electric Vehicle (BEV),Clean Alternative Fuel Vehicle Eligible,208,20.0,129916202,POINT (-122.93881 46.49114),PUGET SOUND ENERGY INC||CITY OF TACOMA - (WA),53041971600
1C4JJXP69M,Stevens,Nine Mile Falls,WA,99026,2021,JEEP,WRANGLER,Plug-in Hybrid Electric Vehicle (PHEV),Not eligible due to low battery range,25,7.0,273800768,POINT (-117.54392 47.77676),NO KNOWN ELECTRIC UTILITY SERVICE,53065951402
WBY8P2C59K,King,Seattle,WA,98112,2019,BMW,I3,Battery Electric Vehicle (BEV),Clean Alternative Fuel Vehicle Eligible,153,43.0,114588225,POINT (-122.30207 47.64085),CITY OF SEATTLE - (WA)|CITY OF TACOMA - (WA),53033006300
5YJSA1E27H,King,Issaquah,WA,98029,2017,TESLA,MODEL S,Battery Electric Vehicle (BEV),Clean Alternative Fuel Vehicle Eligible,210,5.0,245303901,POINT (-122.01656 47.57118),PUGET SOUND ENERGY INC||CITY OF TACOMA - (WA),53033032220
3C3CFFGE7H,Pierce,Gig Harbor,WA,98329,2017,FIAT,500,Battery Electric Vehicle (BEV),Clean Alternative Fuel Vehicle Eligible,84,26.0,139649961,POINT (-122.6658 47.38336),BONNEVILLE POWER ADMINISTRATION||CITY OF TACOMA - (WA)||PENINSULA LIGHT COMPANY,53053072601
1N4BZ0CP0H,King,Renton,WA,98056,2017,NISSAN,LEAF,Battery Electric Vehicle (BEV),Clean Alternative Fuel Vehicle Eligible,107,11.0,243725709,POINT (-122.18839 47.51197),PUGET SOUND ENERGY INC||CITY OF TACOMA - (WA),53033025401
1N4BZ0CP1H,Snohomish,Mukilteo,WA,98275,2017,NISSAN,LEAF,Battery Electric Vehicle (BEV),Clean Alternative Fuel Vehicle Eligible,107,21.0,349632685,POINT (-122.29196 47.89908),PUGET SOUND ENERGY INC,53061042001
JA4T5VA98S,Spokane,Deer Park,WA,99006,2025,MITSUBISHI,OUTLANDER,Plug-in Hybrid Electric Vehicle (PHEV),Clean Alternative Fuel Vehicle Eligible,38,7.0,281247389,POINT (-117.47154 47.95431),BONNEVILLE POWER ADMINISTRATION||AVISTA CORP||INLAND POWER & LIGHT COMPANY,53063010301
ZACPDFCW6R,King,Tukwila,WA,98188,2024,DODGE,HORNET,Plug-in Hybrid Electric Vehicle (PHEV),Clean Alternative Fuel Vehicle Eligible,32,11.0,261525204,POINT (-122.27979 47.44952),PUGET SOUND ENERGY INC||CITY OF TACOMA - (WA),53033028200
5YJSA1E26J,Snohomish,Mukilteo,WA,98275,2018,TESLA,MODEL S,Battery Electric Vehicle (BEV),Clean Alternative Fuel Vehicle Eligible,249,21.0,474398907,POINT (-122.29196 47.89908),PUGET SOUND ENERGY INC,53061042005
1G1FZ6S00L,Lewis,Packwood,WA,98361,2020,CHEVROLET,BOLT EV,Battery Electric Vehicle (BEV),Clean Alternative Fuel Vehicle Eligible,259,20.0,110120153,POINT (-121.66932 46.61018),BONNEVILLE POWER ADMINISTRATION||CITY OF TACOMA - (WA)||PUD NO 1 OF LEWIS COUNTY,53041972000
1C4RJXP61R,King,Bothell,WA,98011,2024,JEEP,WRANGLER,Plug-in Hybrid Electric Vehicle (PHEV),Not eligible due to low battery range,21,1.0,261854638,POINT (-122.20563 47.76144),PUGET SOUND ENERGY INC||CITY OF TACOMA - (WA),53033022001
JTMFB3FV2S,Clark,Battle Ground,WA,98604,2025,TOYOTA,RAV4 PRIME (PHEV),Plug-in Hybrid Electric Vehicle (PHEV),Clean Alternative Fuel Vehicle Eligible,42,18.0,283245133,POINT (-122.5331 45.78092),BONNEVILLE POWER ADMINISTRATION||PUD NO 1 OF CLARK COUNTY - (WA),53011040414
2C4RC1S76P,Pierce,Graham,WA,98338,2023,CHRYSLER,PACIFICA,Plug-in Hybrid Electric Vehicle (PHEV),Clean Alternative Fuel Vehicle Eligible,32,2.0,274868114,POINT (-122.29477 47.05703),BONNEVILLE POWER ADMINISTRATION||CITY OF TACOMA - (WA)||PENINSULA LIGHT COMPANY,53053073129
5YJ3E1EA6K,King,Kirkland,WA,98033,2019,TESLA,MODEL 3,Battery Electric Vehicle (BEV),Clean Alternative Fuel Vehicle Eligible,220,48.0,133556524,POINT (-122.2066 47.67887),PUGET SOUND ENERGY INC||CITY OF TACOMA - (WA),53033022702
1G1RD6E44C,Grant,Moses Lake,WA,98837,2012,CHEVROLET,VOLT,Plug-in Hybrid Electric Vehicle (PHEV),Clean Alternative Fuel Vehicle Eligible,35,13.0,224242455,POINT (-119.2771 47.13196),PUD NO 2 OF GRANT COUNTY,53025011200
JTMFB3FV7N,Clark,Camas,WA,98607,2022,TOYOTA,RAV4 PRIME (PHEV),Plug-in Hybrid Electric Vehicle (PHEV),Clean Alternative Fuel Vehicle Eligible,42,18.0,205926906,POINT (-122.40199 45.58694),BONNEVILLE POWER ADMINISTRATION||PUD NO 1 OF CLARK COUNTY - (WA),53011041400
KNDRMDJH5S,King,Kirkland,WA,98033,2025,KIA,SORENTO,Plug-in Hybrid Electric Vehicle (PHEV),Clean Alternative Fuel Vehicle Eligible,30,45.0,278763145,POINT (-122.2066 47.67887),PUGET SOUND ENERGY INC||CITY OF TACOMA - (WA),53033022401
JTJCJMGA9T,King,Auburn,WA,98092,2026,LEXUS,RX,Plug-in Hybrid Electric Vehicle (PHEV),Clean Alternative Fuel Vehicle Eligible,38,47.0,290154378,POINT (-122.18262 47.31825),PUGET SOUND ENERGY INC||CITY OF TACOMA - (WA),53033031603
YV4BR0CL6N,King,Seattle,WA,98122,2022,VOLVO,XC90,Plug-in Hybrid Electric Vehicle (PHEV),Not eligible due to low battery range,18,37.0,175340917,POINT (-122.31009 47.60803),CITY OF SEATTLE - (WA)|CITY OF TACOMA - (WA),53033007800
1G1RB6S58J,Yakima,Selah,WA,98942,2018,CHEVROLET,VOLT,Plug-in Hybrid Electric Vehicle (PHEV),Clean Alternative Fuel Vehicle Eligible,53,13.0,474699725,POINT (-120.53145 46.65405),PACIFICORP,53077003004
JTMFB3FV3S,Clark,Brush Prairie,WA,98606,2025,TOYOTA,RAV4 PRIME (PHEV),Plug-in Hybrid Electric Vehicle (PHEV),Clean Alternative Fuel Vehicle Eligible,42,18.0,288078199,POINT (-122.54578 45.73473),BONNEVILLE POWER ADMINISTRATION||PUD NO 1 OF CLARK COUNTY - (WA),53011040603
1C4RJYE6XP,Walla Walla,College Place,WA,99324,2023,JEEP,GRAND CHEROKEE,Plug-in Hybrid Electric Vehicle (PHEV),Not eligible due to low battery range,25,16.0,245579834,POINT (-118.38864 46.03456),PACIFICORP,53071920902
ZASPATDW7R,Snohomish,Mill Creek,WA,98012,2024,ALFA ROMEO,TONALE,Plug-in Hybrid Electric Vehicle (PHEV),Clean Alternative Fuel Vehicle Eligible,33,44.0,267024033,POINT (-122.20105 47.84423),PUGET SOUND ENERGY INC,53061052006
5YJ3E1EA4J,King,Seattle,WA,98144,2018,TESLA,MODEL 3,Battery Electric Vehicle (BEV),Clean Alternative Fuel Vehicle Eligible,215,37.0,185977158,POINT (-122.30866 47.57874),CITY OF SEATTLE - (WA)|CITY OF TACOMA - (WA),53033009500
WBAJB1C51J,Pierce,Tacoma,WA,98409,2018,BMW,530E,Plug-in Hybrid Electric Vehicle (PHEV),Not eligible due to low battery range,14,29.0,128854554,POINT (-122.47145 47.20873),BONNEVILLE POWER ADMINISTRATION||CITY OF TACOMA - (WA)||PENINSULA LIGHT COMPANY,53053063000
KNDCC3LG1K,King,Seattle,WA,98122,2019,KIA,NIRO,Battery Electric Vehicle (BEV),Clean Alternative Fuel Vehicle Eligible,239,37.0,134905571,POINT (-122.31009 47.60803),CITY OF SEATTLE - (WA)|CITY OF TACOMA - (WA),53033007901
5LMTJ5DZ0N,Chelan,Wenatchee,WA,98801,2022,LINCOLN,CORSAIR,Plug-in Hybrid Electric Vehicle (PHEV),Not eligible due to low battery range,28,12.0,219572601,POINT (-120.30521 47.41493),PUD NO 1 OF CHELAN COUNTY,53007960700
5YJ3E1EB7L,King,Seattle,WA,98122,2020,TESLA,MODEL 3,Battery Electric Vehicle (BEV),Clean Alternative Fuel Vehicle Eligible,322,37.0,103145402,POINT (-122.31009 47.60803),CITY OF SEATTLE - (WA)|CITY OF TACOMA - (WA),53033009000
5YJ3E1EB9J,King,Redmond,WA,98052,2018,TESLA,MODEL 3,Battery Electric Vehicle (BEV),Clean Alternative Fuel Vehicle Eligible,215,45.0,475009580,POINT (-122.13158 47.67858),PUGET SOUND ENERGY INC||CITY OF TACOMA - (WA),53033032323
1C4JJXR65P,King,Seattle,WA,98103,2023,JEEP,WRANGLER,Plug-in Hybrid Electric Vehicle (PHEV),Not eligible due to low battery range,21,43.0,253821249,POINT (-122.35436 47.67596),CITY OF SEATTLE - (WA)|CITY OF TACOMA - (WA),53033004902
5YJ3E1EC8L,King,Seattle,WA,98178,2020,TESLA,MODEL 3,Battery Electric Vehicle (BEV),Clean Alternative Fuel Vehicle Eligible,308,37.0,113029927,POINT (-122.25031 47.49481),PUGET SOUND ENERGY INC||CITY OF TACOMA - (WA),53033026001
JTDKAMFPXN,Cowlitz,Castle Rock,WA,98611,2022,TOYOTA,PRIUS PRIME (PHEV),Plug-in Hybrid Electric Vehicle (PHEV),Not eligible due to low battery range,25,20.0,273197676,POINT (-122.90724 46.27509),BONNEVILLE POWER ADMINISTRATION||PUD NO 1 OF COWLITZ COUNTY,53015002003
5YJYGDEE2L,Kitsap,Bainbridge Island,WA,98110,2020,TESLA,MODEL Y,Battery Electric Vehicle (BEV),Clean Alternative Fuel Vehicle Eligible,291,23.0,186991472,POINT (-122.521 47.62732),PUGET SOUND ENERGY INC,53035090902
1N4BZ1CP4K,Snohomish,Edmonds,WA,98020,2019,NISSAN,LEAF,Battery Electric Vehicle (BEV),Clean Alternative Fuel Vehicle Eligible,150,32.0,1892355,POINT (-122.37689 47.81116),PUGET SOUND ENERGY INC,53061050600
5YJ3E1EB2J,King,Bellevue,WA,98007,2018,TESLA,MODEL 3,Battery Electric Vehicle (BEV),Clean Alternative Fuel Vehicle Eligible,215,48.0,121879110,POINT (-122.12056 47.61334),PUGET SOUND ENERGY INC||CITY OF TACOMA - (WA),53033023201
1N4AZ0CP5D,Kitsap,Bainbridge Island,WA,98110,2013,NISSAN,LEAF,Battery Electric Vehicle (BEV),Clean Alternative Fuel Vehicle Eligible,75,23.0,202369422,POINT (-122.521 47.62732),PUGET SOUND ENERGY INC,53035091002
JTDACACU5R,Kitsap,Kingston,WA,98346,2024,TOYOTA,PRIUS PRIME (PHEV),Plug-in Hybrid Electric Vehicle (PHEV),Clean Alternative Fuel Vehicle Eligible,39,23.0,261733531,POINT (-122.4977 47.79802),PUGET SOUND ENERGY INC,53035090102
WBY1Z8C51H,King,Seattle,WA,98125,2017,BMW,I3,Plug-in Hybrid Electric Vehicle (PHEV),Clean Alternative Fuel Vehicle Eligible,97,46.0,8785395,POINT (-122.30253 47.72656),CITY OF SEATTLE - (WA)|CITY OF TACOMA - (WA),53033002200
1FADP5CU2G,Grays Harbor,Aberdeen,WA,98520,2016,FORD,C-MAX,Plug-in Hybrid Electric Vehicle (PHEV),Not eligible due to low battery range,19,19.0,320795996,POINT (-123.81619 46.97606),BONNEVILLE POWER ADMINISTRATION||PUD NO 1 OF GRAYS HARBOR COUNTY,53027001200
5YJSA1CN5D,Snohomish,Monroe,WA,98272,2013,TESLA,MODEL S,Battery Electric Vehicle (BEV),Clean Alternative Fuel Vehicle Eligible,208,39.0,208331980,POINT (-121.98087 47.8526),PUGET SOUND ENERGY INC,53061052206
1N4AZ0CP2F,Spokane,Spokane,WA,99204,2015,NISSAN,LEAF,Battery Electric Vehicle (BEV),Clean Alternative Fuel Vehicle Eligible,84,3.0,179687182,POINT (-117.42571 47.64779),MODERN ELECTRIC WATER COMPANY,53063004001
JTMAB3FV0R,Clark,Vancouver,WA,98664,2024,TOYOTA,RAV4 PRIME (PHEV),Plug-in Hybrid Electric Vehicle (PHEV),Clean Alternative Fuel Vehicle Eligible,42,49.0,283453075,POINT (-122.59219 45.62158),BONNEVILLE POWER ADMINISTRATION||PUD NO 1 OF CLARK COUNTY - (WA),53011041208
2C4RC1L75P,King,Kirkland,WA,98034,2023,CHRYSLER,PACIFICA,Plug-in Hybrid Electric Vehicle (PHEV),Clean Alternative Fuel Vehicle Eligible,32,45.0,267080747,POINT (-122.22901 47.72201),PUGET SOUND ENERGY INC||CITY OF TACOMA - (WA),53033021903
1G1FW6S03H,Whatcom,Deming,WA,98244,2017,CHEVROLET,BOLT EV,Battery Electric Vehicle (BEV),Clean Alternative Fuel Vehicle Eligible,238,42.0,349823351,POINT (-122.21723 48.82651),PUGET SOUND ENERGY INC||PUD NO 1 OF WHATCOM COUNTY,53073010103
JTMFB3FV0M,Pierce,Tacoma,WA,98465,2021,TOYOTA,RAV4 PRIME (PHEV),Plug-in Hybrid Electric Vehicle (PHEV),Clean Alternative Fuel Vehicle Eligible,42,28.0,153845226,POINT (-122.5354 47.24991),BONNEVILLE POWER ADMINISTRATION||CITY OF TACOMA - (WA)||PENINSULA LIGHT COMPANY,53053061001
1FADP5CU1F,Clark,Vancouver,WA,98665,2015,FORD,C-MAX,Plug-in Hybrid Electric Vehicle (PHEV),Not eligible due to low battery range,19,49.0,194411367,POINT (-122.64443 45.67871),BONNEVILLE POWER ADMINISTRATION||PUD NO 1 OF CLARK COUNTY - (WA),53011041008
YV4H60DX1P,King,Bothell,WA,98011,2023,VOLVO,XC60,Plug-in Hybrid Electric Vehicle (PHEV),Clean Alternative Fuel Vehicle Eligible,35,1.0,271004968,POINT (-122.20563 47.76144),PUGET SOUND ENERGY INC||CITY OF TACOMA - (WA),53033021804
YV4H60RM5S,King,Seattle,WA,98125,2025,VOLVO,XC60,Plug-in Hybrid Electric Vehicle (PHEV),Clean Alternative Fuel Vehicle Eligible,35,46.0,274124224,POINT (-122.30253 47.72656),CITY OF SEATTLE - (WA)|CITY OF TACOMA - (WA),53033000900
WDDVP9AB7E,King,Kirkland,WA,98034,2014,MERCEDES-BENZ,B-CLASS,Battery Electric Vehicle (BEV),Clean Alternative Fuel Vehicle Eligible,87,45.0,147164839,POINT (-122.22901 47.72201),PUGET SOUND ENERGY INC||CITY OF TACOMA - (WA),53033022006
5YJSA1E46G,Benton,Kennewick,WA,99338,2016,TESLA,MODEL S,Battery Electric Vehicle (BEV),Clean Alternative Fuel Vehicle Eligible,210,8.0,264437470,POINT (-119.3118 46.20665),BONNEVILLE POWER ADMINISTRATION||PUD NO 1 OF BENTON COUNTY,53005010811
WBY8P2C52K,King,Vashon,WA,98070,2019,BMW,I3,Battery Electric Vehicle (BEV),Clean Alternative Fuel Vehicle Eligible,153,34.0,211031971,POINT (-122.4573 47.44929),PUGET SOUND ENERGY INC||CITY OF TACOMA - (WA),53033027702
KM8JFDD28R,King,Seattle,WA,98125,2024,HYUNDAI,TUCSON,Plug-in Hybrid Electric Vehicle (PHEV),Clean Alternative Fuel Vehicle Eligible,33,46.0,270131942,POINT (-122.30253 47.72656),CITY OF SEATTLE - (WA)|CITY OF TACOMA - (WA),53033001000
JTDKN3DP5C,Thurston,Lacey,WA,98503,2012,TOYOTA,PRIUS,Plug-in Hybrid Electric Vehicle (PHEV),Not eligible due to low battery range,6,22.0,265676533,POINT (-122.82324 47.04437),PUGET SOUND ENERGY INC,53067011200
1C4JJXR61M,Snohomish,Brier,WA,98036,2021,JEEP,WRANGLER,Plug-in Hybrid Electric Vehicle (PHEV),Not eligible due to low battery range,21,1.0,200754851,POINT (-122.29245 47.82557),PUGET SOUND ENERGY INC,53061051913
5YJSA1E27J,King,Redmond,WA,98052,2018,TESLA,MODEL S,Battery Electric Vehicle (BEV),Clean Alternative Fuel Vehicle Eligible,249,45.0,326576281,POINT (-122.13158 47.67858),PUGET SOUND ENERGY INC||CITY OF TACOMA - (WA),53033032321
2C4RC1L71J,King,Sammamish,WA,98074,2018,CHRYSLER,PACIFICA,Plug-in Hybrid Electric Vehicle (PHEV),Clean Alternative Fuel Vehicle Eligible,33,45.0,347841847,POINT (-122.02054 47.60326),PUGET SOUND ENERGY INC||CITY OF TACOMA - (WA),53033032316
5YJSA1E28H,King,Seattle,WA,98102,2017,TESLA,MODEL S,Battery Electric Vehicle (BEV),Clean Alternative Fuel Vehicle Eligible,210,43.0,316332929,POINT (-122.32427 47.63433),CITY OF SEATTLE - (WA)|CITY OF TACOMA - (WA),53033006500
1N4BZ1CP4K,Klickitat,White Salmon,WA,98672,2019,NISSAN,LEAF,Battery Electric Vehicle (BEV),Clean Alternative Fuel Vehicle Eligible,150,14.0,179238020,POINT (-121.48704 45.72776),BONNEVILLE POWER ADMINISTRATION||PUD NO 1 OF KLICKITAT COUNTY,53039950301
2C4RC1L73P,Thurston,Olympia,WA,98501,2023,CHRYSLER,PACIFICA,Plug-in Hybrid Electric Vehicle (PHEV),Clean Alternative Fuel Vehicle Eligible,32,22.0,240513934,POINT (-122.89165 47.03954),PUGET SOUND ENERGY INC,53067011200
5YJ3E1EB3K,King,North Bend,WA,98045,2019,TESLA,MODEL 3,Battery Electric Vehicle (BEV),Clean Alternative Fuel Vehicle Eligible,220,5.0,192845313,POINT (-121.7831 47.49348),PUGET SOUND ENERGY INC||CITY OF TACOMA - (WA),53033032704
JA4J2VA75N,Pierce,Tacoma,WA,98406,2022,MITSUBISHI,OUTLANDER,Plug-in Hybrid Electric Vehicle (PHEV),Not eligible due to low battery range,24,27.0,272690232,POINT (-122.52082 47.26887),BONNEVILLE POWER ADMINISTRATION||CITY OF TACOMA - (WA)||PENINSULA LIGHT COMPANY,53053060800
1N4AZ0CP5F,Snohomish,Everett,WA,98208,2015,NISSAN,LEAF,Battery Electric Vehicle (BEV),Clean Alternative Fuel Vehicle Eligible,84,44.0,139779594,POINT (-122.18637 47.89251),PUGET SOUND ENERGY INC,53061052119
1N4AZ0CP0F,King,Shoreline,WA,98155,2015,NISSAN,LEAF,Battery Electric Vehicle (BEV),Clean Alternative Fuel Vehicle Eligible,84,32.0,142094396,POINT (-122.30304 47.75494),CITY OF SEATTLE - (WA)|CITY OF TACOMA - (WA),53033020500
1N4AZ0CP9F,Clark,Camas,WA,98607,2015,NISSAN,LEAF,Battery Electric Vehicle (BEV),Clean Alternative Fuel Vehicle Eligible,84,18.0,227465920,POINT (-122.40199 45.58694),BONNEVILLE POWER ADMINISTRATION||PACIFICORP||PUD NO 1 OF CLARK COUNTY - (WA),53011041500
WA1LAAGE0K,King,Kirkland,WA,98034,2019,AUDI,E-TRON,Battery Electric Vehicle (BEV),Clean Alternative Fuel Vehicle Eligible,204,1.0,274758032,POINT (-122.22901 47.72201),PUGET SOUND ENERGY INC||CITY OF TACOMA - (WA),53033022203
JTDKARFPXL,King,Woodinville,WA,98072,2020,TOYOTA,PRIUS PRIME (PHEV),Plug-in Hybrid Electric Vehicle (PHEV),Not eligible due to low battery range,25,45.0,199417214,POINT (-122.15545 47.75448),PUGET SOUND ENERGY INC||CITY OF TACOMA - (WA),53033021802
5YJ3E1EA5J,Kitsap,Bainbridge Island,WA,98110,2018,TESLA,MODEL 3,Battery Electric Vehicle (BEV),Clean Alternative Fuel Vehicle Eligible,215,23.0,282804119,POINT (-122.521 47.62732),PUGET SOUND ENERGY INC,53035090700
WVWPP7AU1F,Snohomish,Marysville,WA,98270,2015,VOLKSWAGEN,E-GOLF,Battery Electric Vehicle (BEV),Clean Alternative Fuel Vehicle Eligible,83,38.0,198646948,POINT (-122.1769 48.06114),PUGET SOUND ENERGY INC,53061052904
5YJ3E1EB9J,King,Redmond,WA,98052,2018,TESLA,MODEL 3,Battery Electric Vehicle (BEV),Clean Alternative Fuel Vehicle Eligible,215,48.0,473915900,POINT (-122.13158 47.67858),PUGET SOUND ENERGY INC||CITY OF TACOMA - (WA),53033022606
WBY1Z4C52F,Snohomish,Everett,WA,98204,2015,BMW,I3,Plug-in Hybrid Electric Vehicle (PHEV),Clean Alternative Fuel Vehicle Eligible,72,21.0,143995337,POINT (-122.27557 47.88936),PUGET SOUND ENERGY INC,53061041810
1N4BZ0CP3H,Kitsap,Bainbridge Island,WA,98110,2017,NISSAN,LEAF,Battery Electric Vehicle (BEV),Clean Alternative Fuel Vehicle Eligible,107,23.0,243804165,POINT (-122.521 47.62732),PUGET SOUND ENERGY INC,53035090700
5YJ3E1EB5J,King,Auburn,WA,98092,2018,TESLA,MODEL 3,Battery Electric Vehicle (BEV),Clean Alternative Fuel Vehicle Eligible,215,47.0,284112930,POINT (-122.18262 47.31825),PUGET SOUND ENERGY INC||CITY OF TACOMA - (WA),53033031208
JTMFB3FV4S,Clark,Ridgefield,WA,98642,2025,TOYOTA,RAV4 PRIME (PHEV),Plug-in Hybrid Electric Vehicle (PHEV),Clean Alternative Fuel Vehicle Eligible,42,18.0,287600120,POINT (-122.74595 45.81539),BONNEVILLE POWER ADMINISTRATION||PUD NO 1 OF CLARK COUNTY - (WA),53011040403
5UXTA6C04N,Yakima,Sunnyside,WA,98944,2022,BMW,X5,Plug-in Hybrid Electric Vehicle (PHEV),Clean Alternative Fuel Vehicle Eligible,30,15.0,210056402,POINT (-120.00976 46.32379),BONNEVILLE POWER ADMINISTRATION||PACIFICORP||BENTON RURAL ELECTRIC ASSN,53077002006
5YJ3E1EB6J,King,Duvall,WA,98019,2018,TESLA,MODEL 3,Battery Electric Vehicle (BEV),Clean Alternative Fuel Vehicle Eligible,215,45.0,326368409,POINT (-121.98609 47.74068),PUGET SOUND ENERGY INC||CITY OF TACOMA - (WA),53033032401
WMZYU7C54K,Benton,Kennewick,WA,99338,2019,MINI,COUNTRYMAN,Plug-in Hybrid Electric Vehicle (PHEV),Not eligible due to low battery range,12,16.0,167693431,POINT (-119.3118 46.20665),BONNEVILLE POWER ADMINISTRATION||PUD NO 1 OF BENTON COUNTY,53005010811
JTMEB3FV3R,Clark,Vancouver,WA,98663,2024,TOYOTA,RAV4 PRIME (PHEV),Plug-in Hybrid Electric Vehicle (PHEV),Clean Alternative Fuel Vehicle Eligible,42,49.0,267297719,POINT (-122.64695 45.65675),BONNEVILLE POWER ADMINISTRATION||PUD NO 1 OF CLARK COUNTY - (WA),53011042000
JTDKAMFP3M,Whatcom,Bellingham,WA,98225,2021,TOYOTA,PRIUS PRIME (PHEV),Plug-in Hybrid Electric Vehicle (PHEV),Not eligible due to low battery range,25,42.0,284943228,POINT (-122.47091 48.75256),PUGET SOUND ENERGY INC||PUD NO 1 OF WHATCOM COUNTY,53073000302
JA4J24A50J,Clark,Vancouver,WA,98686,2018,MITSUBISHI,OUTLANDER,Plug-in Hybrid Electric Vehicle (PHEV),Not eligible due to low battery range,22,17.0,125010798,POINT (-122.62731 45.71668),BONNEVILLE POWER ADMINISTRATION||PUD NO 1 OF CLARK COUNTY - (WA),53011040811
2C4RC1L77P,Kitsap,Bremerton,WA,98337,2023,CHRYSLER,PACIFICA,Plug-in Hybrid Electric Vehicle (PHEV),Clean Alternative Fuel Vehicle Eligible,32,26.0,269799582,POINT (-122.62749 47.565),PUGET SOUND ENERGY INC,53035081400
3MW39FS08R,King,Kirkland,WA,98034,2024,BMW,330E,Plug-in Hybrid Electric Vehicle (PHEV),Not eligible due to low battery range,20,45.0,261285412,POINT (-122.22901 47.72201),PUGET SOUND ENERGY INC||CITY OF TACOMA - (WA),53033022005
5YJ3E1EB5J,King,Kirkland,WA,98034,2018,TESLA,MODEL 3,Battery Electric Vehicle (BEV),Clean Alternative Fuel Vehicle Eligible,215,45.0,469671072,POINT (-122.22901 47.72201),PUGET SOUND ENERGY INC||CITY OF TACOMA - (WA),53033022006
JN1AZ0CP6B,King,Bothell,WA,98011,2011,NISSAN,LEAF,Battery Electric Vehicle (BEV),Clean Alternative Fuel Vehicle Eligible,73,1.0,148284223,POINT (-122.20563 47.76144),PUGET SOUND ENERGY INC||CITY OF TACOMA - (WA),53033021804
JHMZC5F39J,King,Seattle,WA,98177,2018,HONDA,CLARITY,Plug-in Hybrid Electric Vehicle (PHEV),Clean Alternative Fuel Vehicle Eligible,47,36.0,474307326,POINT (-122.37238 47.74068),CITY OF SEATTLE - (WA)|CITY OF TACOMA - (WA),53033001400
5UX43EU04R,Kitsap,Bainbridge Island,WA,98110,2024,BMW,X5,Plug-in Hybrid Electric Vehicle (PHEV),Clean Alternative Fuel Vehicle Eligible,39,23.0,261126519,POINT (-122.521 47.62732),PUGET SOUND ENERGY INC,53035091002
JTDKARFP7L,King,Redmond,WA,98052,2020,TOYOTA,PRIUS PRIME (PHEV),Plug-in Hybrid Electric Vehicle (PHEV),Not eligible due to low battery range,25,45.0,154036242,POINT (-122.13158 47.67858),PUGET SOUND ENERGY INC||CITY OF TACOMA - (WA),53033032323
1N4AZ0CP1D,Pierce,Lakewood,WA,98498,2013,NISSAN,LEAF,Battery Electric Vehicle (BEV),Clean Alternative Fuel Vehicle Eligible,75,28.0,270445066,POINT (-122.54764 47.17669),PUGET SOUND ENERGY INC||CITY OF TACOMA - (WA),53053072112
1G1RA6S57H,Skagit,Burlington,WA,98233,2017,CHEVROLET,VOLT,Plug-in Hybrid Electric Vehicle (PHEV),Clean Alternative Fuel Vehicle Eligible,53,40.0,204165524,POINT (-122.33029 48.46846),PUGET SOUND ENERGY INC,53057951600
5UXTA6C0XP,King,Bellevue,WA,98004,2023,BMW,X5,Plug-in Hybrid Electric Vehicle (PHEV),Clean Alternative Fuel Vehicle Eligible,30,48.0,238448269,POINT (-122.1872 47.61001),PUGET SOUND ENERGY INC||CITY OF TACOMA - (WA),53033024001
2C4RC1S71M,King,Bellevue,WA,98006,2021,CHRYSLER,PACIFICA,Plug-in Hybrid Electric Vehicle (PHEV),Clean Alternative Fuel Vehicle Eligible,32,41.0,154043634,POINT (-122.12096 47.55584),PUGET SOUND ENERGY INC||CITY OF TACOMA - (WA),53033024704
JTMFB3FV0S,Pierce,Tacoma,WA,98406,2025,TOYOTA,RAV4 PRIME (PHEV),Plug-in Hybrid Electric Vehicle (PHEV),Clean Alternative Fuel Vehicle Eligible,42,27.0,276644882,POINT (-122.52082 47.26887),BONNEVILLE POWER ADMINISTRATION||CITY OF TACOMA - (WA)||PENINSULA LIGHT COMPANY,53053060700
5YJXCDE25L,Kitsap,Kingston,WA,98346,2020,TESLA,MODEL X,Battery Electric Vehicle (BEV),Clean Alternative Fuel Vehicle Eligible,289,23.0,124546971,POINT (-122.4977 47.79802),PUGET SOUND ENERGY INC,53035090102
KNDPZDDH3S,King,Auburn,WA,98092,2025,KIA,SPORTAGE,Plug-in Hybrid Electric Vehicle (PHEV),Clean Alternative Fuel Vehicle Eligible,34,47.0,285748522,POINT (-122.18262 47.31825),PUGET SOUND ENERGY INC||CITY OF TACOMA - (WA),53033031207
JM3KKBHAXR,Yakima,Selah,WA,98942,2024,MAZDA,CX-90,Plug-in Hybrid Electric Vehicle (PHEV),Not eligible due to low battery range,26,15.0,261668592,POINT (-120.53145 46.65405),PACIFICORP,53077003100
5UX43EU08S,King,Woodinville,WA,98072,2025,BMW,X5,Plug-in Hybrid Electric Vehicle (PHEV),Clean Alternative Fuel Vehicle Eligible,40,45.0,276700994,POINT (-122.15545 47.75448),PUGET SOUND ENERGY INC||CITY OF TACOMA - (WA),53033021906
YV4H60DL7N,King,Bellevue,WA,98004,2022,VOLVO,XC60,Plug-in Hybrid Electric Vehicle (PHEV),Clean Alternative Fuel Vehicle Eligible,35,41.0,286829658,POINT (-122.1872 47.61001),PUGET SOUND ENERGY INC||CITY OF TACOMA - (WA),53033023807
1N4AZ0CP7F,Pierce,Lakewood,WA,98498,2015,NISSAN,LEAF,Battery Electric Vehicle (BEV),Clean Alternative Fuel Vehicle Eligible,84,28.0,106557454,POINT (-122.54764 47.17669),PUGET SOUND ENERGY INC||CITY OF TACOMA - (WA),53053072107
5YJ3E1EB6L,King,Renton,WA,98056,2020,TESLA,MODEL 3,Battery Electric Vehicle (BEV),Clean Alternative Fuel Vehicle Eligible,322,41.0,258114125,POINT (-122.18839 47.51197),PUGET SOUND ENERGY INC||CITY OF TACOMA - (WA),53033025201
1N4AZ0CP4D,King,Kirkland,WA,98034,2013,NISSAN,LEAF,Battery Electric Vehicle (BEV),Clean Alternative Fuel Vehicle Eligible,75,45.0,195670394,POINT (-122.22901 47.72201),PUGET SOUND ENERGY INC||CITY OF TACOMA - (WA),53033021903
WBY8P4C0XL,Pierce,Tacoma,WA,98406,2020,BMW,I3,Plug-in Hybrid Electric Vehicle (PHEV),Clean Alternative Fuel Vehicle Eligible,126,27.0,128837439,POINT (-122.52082 47.26887),BONNEVILLE POWER ADMINISTRATION||CITY OF TACOMA - (WA)||PENINSULA LIGHT COMPANY,53053060500
WA1E2AFY7L,Spokane,Valleyford,WA,99036,2020,AUDI,Q5 E,Plug-in Hybrid Electric Vehicle (PHEV),Not eligible due to low battery range,20,6.0,123121442,POINT (-117.23995 47.5353),BONNEVILLE POWER ADMINISTRATION||AVISTA CORP||INLAND POWER & LIGHT COMPANY,53063013300
WBY7Z2C50J,Whatcom,Bellingham,WA,98225,2018,BMW,I3,Battery Electric Vehicle (BEV),Clean Alternative Fuel Vehicle Eligible,114,40.0,240976585,POINT (-122.47091 48.75256),PUGET SOUND ENERGY INC||PUD NO 1 OF WHATCOM COUNTY,53073001204
5YJSA1E28J,Pierce,Tacoma,WA,98407,2018,TESLA,MODEL S,Battery Electric Vehicle (BEV),Clean Alternative Fuel Vehicle Eligible,249,27.0,475590349,POINT (-122.54304 47.31803),BONNEVILLE POWER ADMINISTRATION||CITY OF TACOMA - (WA)||PENINSULA LIGHT COMPANY,53053060400
5YJ3E1EA4L,Snohomish,Lynnwood,WA,98036,2020,TESLA,MODEL 3,Battery Electric Vehicle (BEV),Clean Alternative Fuel Vehicle Eligible,266,32.0,283492002,POINT (-122.29245 47.82557),PUGET SOUND ENERGY INC,53061051402
5UX43EU09R,King,Redmond,WA,98053,2024,BMW,X5,Plug-in Hybrid Electric Vehicle (PHEV),Clean Alternative Fuel Vehicle Eligible,39,45.0,249967441,POINT (-122.03287 47.68555),PUGET SOUND ENERGY INC||CITY OF TACOMA - (WA),53033032315
YV4H60CM7N,Yakima,Outlook,WA,98938,2022,VOLVO,XC90,Plug-in Hybrid Electric Vehicle (PHEV),Clean Alternative Fuel Vehicle Eligible,35,15.0,253257644,POINT (-120.08511 46.3294),BONNEVILLE POWER ADMINISTRATION||PACIFICORP||BENTON RURAL ELECTRIC ASSN,53077002103
2C4RC1L71P,Thurston,Olympia,WA,98501,2023,CHRYSLER,PACIFICA,Plug-in Hybrid Electric Vehicle (PHEV),Clean Alternative Fuel Vehicle Eligible,32,22.0,240475042,POINT (-122.89165 47.03954),PUGET SOUND ENERGY INC,53067011200
KNDPYDAH0P,King,Renton,WA,98058,2023,KIA,SPORTAGE,Plug-in Hybrid Electric Vehicle (PHEV),Clean Alternative Fuel Vehicle Eligible,34,11.0,254624212,POINT (-122.08747 47.4466),PUGET SOUND ENERGY INC||CITY OF TACOMA - (WA),53033031910
ZACPDFCW7R,King,Tukwila,WA,98188,2024,DODGE,HORNET,Plug-in Hybrid Electric Vehicle (PHEV),Clean Alternative Fuel Vehicle Eligible,32,11.0,261741028,POINT (-122.27979 47.44952),PUGET SOUND ENERGY INC||CITY OF TACOMA - (WA),53033028200
1G1RA6E48D,Island,Freeland,WA,98249,2013,CHEVROLET,VOLT,Plug-in Hybrid Electric Vehicle (PHEV),Clean Alternative Fuel Vehicle Eligible,38,10.0,209302215,POINT (-122.52664 48.00956),PUGET SOUND ENERGY INC,53029971800
3FA6P0SU9K,King,Issaquah,WA,98027,2019,FORD,FUSION,Plug-in Hybrid Electric Vehicle (PHEV),Not eligible due to low battery range,26,5.0,172613773,POINT (-122.03439 47.5301),PUGET SOUND ENERGY INC||CITY OF TACOMA - (WA),53033031904
5YJ3E1EC3L,King,Kirkland,WA,98034,2020,TESLA,MODEL 3,Battery Electric Vehicle (BEV),Clean Alternative Fuel Vehicle Eligible,308,45.0,109945307,POINT (-122.22901 47.72201),PUGET SOUND ENERGY INC||CITY OF TACOMA - (WA),53033022006
WA1F2AFY9N,Skamania,Washougal,WA,98671,2022,AUDI,Q5,Plug-in Hybrid Electric Vehicle (PHEV),Not eligible due to low battery range,23,14.0,192973917,POINT (-122.35341 45.57923),BONNEVILLE POWER ADMINISTRATION||PUD NO 1 OF SKAMANIA CO,53059950200
1G1FW6S08H,Pierce,Bonney Lake,WA,98391,2017,CHEVROLET,BOLT EV,Battery Electric Vehicle (BEV),Clean Alternative Fuel Vehicle Eligible,238,31.0,349353490,POINT (-122.17144 47.19175),PUGET SOUND ENERGY INC||CITY OF TACOMA - (WA),53053070209
JHMZC5F3XJ,King,Seattle,WA,98178,2018,HONDA,CLARITY,Plug-in Hybrid Electric Vehicle (PHEV),Clean Alternative Fuel Vehicle Eligible,47,37.0,165724744,POINT (-122.25031 47.49481),CITY OF SEATTLE - (WA)|CITY OF TACOMA - (WA),53033011902
JM3KKEHA1R,King,Kirkland,WA,98034,2024,MAZDA,CX-90,Plug-in Hybrid Electric Vehicle (PHEV),Not eligible due to low battery range,26,45.0,262472003,POINT (-122.22901 47.72201),PUGET SOUND ENERGY INC||CITY OF TACOMA - (WA),53033021904
ZACPDFCW2R,King,Tukwila,WA,98188,2024,DODGE,HORNET,Plug-in Hybrid Electric Vehicle (PHEV),Clean Alternative Fuel Vehicle Eligible,32,11.0,260885061,POINT (-122.27979 47.44952),PUGET SOUND ENERGY INC||CITY OF TACOMA - (WA),53033028200
JTDKARFP8K,King,Bellevue,WA,98004,2019,TOYOTA,PRIUS PRIME (PHEV),Plug-in Hybrid Electric Vehicle (PHEV),Not eligible due to low battery range,25,48.0,245837742,POINT (-122.1872 47.61001),PUGET SOUND ENERGY INC||CITY OF TACOMA - (WA),53033024001
2C4RC1S73P,Spokane,Spokane,WA,99218,2023,CHRYSLER,PACIFICA,Plug-in Hybrid Electric Vehicle (PHEV),Clean Alternative Fuel Vehicle Eligible,32,7.0,252432449,POINT (-117.41144 47.74549),BONNEVILLE POWER ADMINISTRATION||AVISTA CORP||INLAND POWER & LIGHT COMPANY,53063010505
5UXTA6C09N,Snohomish,Lynnwood,WA,98036,2022,BMW,X5,Plug-in Hybrid Electric Vehicle (PHEV),Clean Alternative Fuel Vehicle Eligible,30,21.0,288310172,POINT (-122.29245 47.82557),PUGET SOUND ENERGY INC,53061051927
5YJXCAE22H,King,Burien,WA,98168,2017,TESLA,MODEL X,Battery Electric Vehicle (BEV),Clean Alternative Fuel Vehicle Eligible,200,33.0,114388263,POINT (-122.29411 47.48924),CITY OF SEATTLE - (WA)|CITY OF TACOMA - (WA),53033026400
KNDCS3LF5R,Whatcom,Lynden,WA,98264,2024,KIA,NIRO,Plug-in Hybrid Electric Vehicle (PHEV),Clean Alternative Fuel Vehicle Eligible,33,42.0,277038492,POINT (-122.45051 48.94298),PUGET SOUND ENERGY INC||PUD NO 1 OF WHATCOM COUNTY,53073010303
JTDKARFP5H,Snohomish,Lake Stevens,WA,98258,2017,TOYOTA,PRIUS PRIME (PHEV),Plug-in Hybrid Electric Vehicle (PHEV),Not eligible due to low battery range,25,44.0,160057901,POINT (-122.06402 48.01497),PUGET SOUND ENERGY INC,53061052607
1N4BZ0CP8G,Whatcom,Bellingham,WA,98225,2016,NISSAN,LEAF,Battery Electric Vehicle (BEV),Clean Alternative Fuel Vehicle Eligible,84,40.0,6039750,POINT (-122.47091 48.75256),PUGET SOUND ENERGY INC||PUD NO 1 OF WHATCOM COUNTY,53073001101
5YJ3E1EA7J,King,Kent,WA,98030,2018,TESLA,MODEL 3,Battery Electric Vehicle (BEV),Clean Alternative Fuel Vehicle Eligible,215,47.0,9346221,POINT (-122.19975 47.37483),PUGET SOUND ENERGY INC||CITY OF TACOMA - (WA),53033029508
5YJ3E1EB7J,Island,Camano Island,WA,98282,2018,TESLA,MODEL 3,Battery Electric Vehicle (BEV),Clean Alternative Fuel Vehicle Eligible,215,10.0,183196184,POINT (-122.40049 48.23986),BONNEVILLE POWER ADMINISTRATION||PUD 1 OF SNOHOMISH COUNTY,53029971700
5YJ3E1EB8K,King,Kirkland,WA,98033,2019,TESLA,MODEL 3,Battery Electric Vehicle (BEV),Clean Alternative Fuel Vehicle Eligible,220,48.0,285951305,POINT (-122.2066 47.67887),PUGET SOUND ENERGY INC||CITY OF TACOMA - (WA),53033022502
JTDKN3DP3E,Pierce,Puyallup,WA,98371,2014,TOYOTA,PRIUS,Plug-in Hybrid Electric Vehicle (PHEV),Not eligible due to low battery range,6,25.0,241111020,POINT (-122.29521 47.19045),PUGET SOUND ENERGY INC||CITY OF TACOMA - (WA),53053071205
5YJ3E1EA6L,Clark,Vancouver,WA,98662,2020,TESLA,MODEL 3,Battery Electric Vehicle (BEV),Clean Alternative Fuel Vehicle Eligible,266,17.0,2584837,POINT (-122.57722 45.64251),BONNEVILLE POWER ADMINISTRATION||PUD NO 1 OF CLARK COUNTY - (WA),53011041104
1N4AZ0CP4F,King,Redmond,WA,98052,2015,NISSAN,LEAF,Battery Electric Vehicle (BEV),Clean Alternative Fuel Vehicle Eligible,84,48.0,241379561,POINT (-122.13158 47.67858),PUGET SOUND ENERGY INC||CITY OF TACOMA - (WA),53033032324
2C4RC1S72P,King,Enumclaw,WA,98022,2023,CHRYSLER,PACIFICA,Plug-in Hybrid Electric Vehicle (PHEV),Clean Alternative Fuel Vehicle Eligible,32,31.0,273917570,POINT (-121.99136 47.20433),PUGET SOUND ENERGY INC||CITY OF TACOMA - (WA),53033031301
1N4AZ0CPXF,King,Shoreline,WA,98155,2015,NISSAN,LEAF,Battery Electric Vehicle (BEV),Clean Alternative Fuel Vehicle Eligible,84,32.0,170628384,POINT (-122.30304 47.75494),CITY OF SEATTLE - (WA)|CITY OF TACOMA - (WA),53033020402
JA4J24A57L,Thurston,Olympia,WA,98501,2020,MITSUBISHI,OUTLANDER,Plug-in Hybrid Electric Vehicle (PHEV),Not eligible due to low battery range,22,22.0,108752493,POINT (-122.89165 47.03954),PUGET SOUND ENERGY INC,53067011200
5YJ3E1EB1J,King,Redmond,WA,98053,2018,TESLA,MODEL 3,Battery Electric Vehicle (BEV),Clean Alternative Fuel Vehicle Eligible,215,5.0,257416652,POINT (-122.03287 47.68555),PUGET SOUND ENERGY INC||CITY OF TACOMA - (WA),53033032315
1FADP5CU2G,Snohomish,Mountlake Terrace,WA,98043,2016,FORD,C-MAX,Plug-in Hybrid Electric Vehicle (PHEV),Not eligible due to low battery range,19,1.0,195132409,POINT (-122.31111 47.78803),PUGET SOUND ENERGY INC,53061051100
1FMCU0E12R,Pierce,Lakewood,WA,98498,2024,FORD,ESCAPE,Plug-in Hybrid Electric Vehicle (PHEV),Clean Alternative Fuel Vehicle Eligible,37,28.0,267375230,POINT (-122.54764 47.17669),PUGET SOUND ENERGY INC||CITY OF TACOMA - (WA),53053072108
JTDKN3DP0D,King,Burien,WA,98166,2013,TOYOTA,PRIUS,Plug-in Hybrid Electric Vehicle (PHEV),Not eligible due to low battery range,6,34.0,235273853,POINT (-122.33942 47.46864),CITY OF SEATTLE - (WA)|CITY OF TACOMA - (WA),53033027600
1N4AZ0CP3F,King,Seattle,WA,98125,2015,NISSAN,LEAF,Battery Electric Vehicle (BEV),Clean Alternative Fuel Vehicle Eligible,84,46.0,110374596,POINT (-122.30253 47.72656),CITY OF SEATTLE - (WA)|CITY OF TACOMA - (WA),53033001202
JTDACACU3P,Whatcom,Bellingham,WA,98225,2023,TOYOTA,PRIUS PRIME (PHEV),Plug-in Hybrid Electric Vehicle (PHEV),Clean Alternative Fuel Vehicle Eligible,39,40.0,284843121,POINT (-122.47091 48.75256),PUGET SOUND ENERGY INC||PUD NO 1 OF WHATCOM COUNTY,53073001203
2C4RC1S77P,King,Seattle,WA,98117,2023,CHRYSLER,PACIFICA,Plug-in Hybrid Electric Vehicle (PHEV),Clean Alternative Fuel Vehicle Eligible,32,36.0,252516827,POINT (-122.38418 47.70044),CITY OF SEATTLE - (WA)|CITY OF TACOMA - (WA),53033002900
WA1LAAGE2K,King,Burien,WA,98166,2019,AUDI,E-TRON,Battery Electric Vehicle (BEV),Clean Alternative Fuel Vehicle Eligible,204,34.0,101439908,POINT (-122.33942 47.46864),PUGET SOUND ENERGY INC||CITY OF TACOMA - (WA),53033027902
1N4AZ0CP8F,King,Kenmore,WA,98028,2015,NISSAN,LEAF,Battery Electric Vehicle (BEV),Clean Alternative Fuel Vehicle Eligible,84,46.0,188018435,POINT (-122.24369 47.75892),PUGET SOUND ENERGY INC||CITY OF TACOMA - (WA),53033021701
JTDACACU6R,Clark,Vancouver,WA,98662,2024,TOYOTA,PRIUS PRIME (PHEV),Plug-in Hybrid Electric Vehicle (PHEV),Clean Alternative Fuel Vehicle Eligible,39,49.0,271961868,POINT (-122.57722 45.64251),BONNEVILLE POWER ADMINISTRATION||PUD NO 1 OF CLARK COUNTY - (WA),53011041203
5UXTA6C06P,King,Seattle,WA,98105,2023,BMW,X5,Plug-in Hybrid Electric Vehicle (PHEV),Clean Alternative Fuel Vehicle Eligible,30,43.0,233765570,POINT (-122.31307 47.66127),CITY OF SEATTLE - (WA)|CITY OF TACOMA - (WA),53033004402
5UXKT0C58G,King,Kirkland,WA,98034,2016,BMW,X5,Plug-in Hybrid Electric Vehicle (PHEV),Not eligible due to low battery range,14,1.0,129838264,POINT (-122.22901 47.72201),PUGET SOUND ENERGY INC||CITY OF TACOMA - (WA),53033022300
5YJYGDEE6L,Thurston,Olympia,WA,98502,2020,TESLA,MODEL Y,Battery Electric Vehicle (BEV),Clean Alternative Fuel Vehicle Eligible,291,22.0,124741795,POINT (-122.92333 47.03779),PUGET SOUND ENERGY INC,53067010520
WA1E2AFY8S,King,Bellevue,WA,98007,2025,AUDI,Q5 E,Plug-in Hybrid Electric Vehicle (PHEV),Not eligible due to low battery range,28,48.0,284295574,POINT (-122.12056 47.61334),PUGET SOUND ENERGY INC||CITY OF TACOMA - (WA),53033023603
1C4JJXR60N,King,Sammamish,WA,98075,2022,JEEP,WRANGLER,Plug-in Hybrid Electric Vehicle (PHEV),Not eligible due to low battery range,22,41.0,196513747,POINT (-122.03539 47.61344),PUGET SOUND ENERGY INC||CITY OF TACOMA - (WA),53033032213
ZACPDFCW9R,King,Tukwila,WA,98188,2024,DODGE,HORNET,Plug-in Hybrid Electric Vehicle (PHEV),Clean Alternative Fuel Vehicle Eligible,32,11.0,260515475,POINT (-122.27979 47.44952),PUGET SOUND ENERGY INC||CITY OF TACOMA - (WA),53033028200
1C4JJXP68P,Pierce,Gig Harbor,WA,98332,2023,JEEP,WRANGLER,Plug-in Hybrid Electric Vehicle (PHEV),Not eligible due to low battery range,21,26.0,236060660,POINT (-122.58964 47.34235),BONNEVILLE POWER ADMINISTRATION||CITY OF TACOMA - (WA)||PENINSULA LIGHT COMPANY,53053072508
5YJXCBE26K,Clark,Ridgefield,WA,98642,2019,TESLA,MODEL X,Battery Electric Vehicle (BEV),Clean Alternative Fuel Vehicle Eligible,289,18.0,293226503,POINT (-122.74595 45.81539),BONNEVILLE POWER ADMINISTRATION||PUD NO 1 OF CLARK COUNTY - (WA),53011040905
1FMCU0E17R,King,Renton,WA,98058,2024,FORD,ESCAPE,Plug-in Hybrid Electric Vehicle (PHEV),Clean Alternative Fuel Vehicle Eligible,37,11.0,267018643,POINT (-122.08747 47.4466),PUGET SOUND ENERGY INC||CITY OF TACOMA - (WA),53033025804
JTDKARFPXH,King,Federal Way,WA,98023,2017,TOYOTA,PRIUS PRIME (PHEV),Plug-in Hybrid Electric Vehicle (PHEV),Not eligible due to low battery range,25,30.0,273899867,POINT (-122.36217 47.31011),PUGET SOUND ENERGY INC||CITY OF TACOMA - (WA),53033030309
JTMEB3FV7M,King,Normandy Park,WA,98166,2021,TOYOTA,RAV4 PRIME (PHEV),Plug-in Hybrid Electric Vehicle (PHEV),Clean Alternative Fuel Vehicle Eligible,42,33.0,195177601,POINT (-122.33942 47.46864),PUGET SOUND ENERGY INC||CITY OF TACOMA - (WA),53033028600
2C4RC1L74M,Spokane,Spokane,WA,99208,2021,CHRYSLER,PACIFICA,Plug-in Hybrid Electric Vehicle (PHEV),Clean Alternative Fuel Vehicle Eligible,32,6.0,151602517,POINT (-117.45005 47.7333),BONNEVILLE POWER ADMINISTRATION||AVISTA CORP||INLAND POWER & LIGHT COMPANY,53063010702
5YJ3E1EB3J,King,Seattle,WA,98177,2018,TESLA,MODEL 3,Battery Electric Vehicle (BEV),Clean Alternative Fuel Vehicle Eligible,215,32.0,266600470,POINT (-122.37238 47.74068),CITY OF SEATTLE - (WA)|CITY OF TACOMA - (WA),53033000500
1N4BZ0CP2G,King,Seattle,WA,98112,2016,NISSAN,LEAF,Battery Electric Vehicle (BEV),Clean Alternative Fuel Vehicle Eligible,84,43.0,108390229,POINT (-122.30207 47.64085),CITY OF SEATTLE - (WA)|CITY OF TACOMA - (WA),53033006400
KNDCE3LG4K,Snohomish,Lynnwood,WA,98037,2019,KIA,NIRO,Battery Electric Vehicle (BEV),Clean Alternative Fuel Vehicle Eligible,239,32.0,102247071,POINT (-122.27734 47.83785),PUGET SOUND ENERGY INC,53061051602
JTMAB3FV6R,Asotin,Clarkston,WA,99403,2024,TOYOTA,RAV4 PRIME (PHEV),Plug-in Hybrid Electric Vehicle (PHEV),Clean Alternative Fuel Vehicle Eligible,42,9.0,278103892,POINT (-117.04556 46.41402),BONNEVILLE POWER ADMINISTRATION||AVISTA CORP||PUD NO 1 OF ASOTIN COUNTY,53003960200
1FADP5CU8D,King,Bellevue,WA,98007,2013,FORD,C-MAX,Plug-in Hybrid Electric Vehicle (PHEV),Not eligible due to low battery range,19,41.0,205131272,POINT (-122.12056 47.61334),PUGET SOUND ENERGY INC||CITY OF TACOMA - (WA),53033023604
5YJSA1AC2D,King,Kirkland,WA,98034,2013,TESLA,MODEL S,Battery Electric Vehicle (BEV),Clean Alternative Fuel Vehicle Eligible,208,45.0,144945552,POINT (-122.22901 47.72201),PUGET SOUND ENERGY INC||CITY OF TACOMA - (WA),53033022005
JTDKN3DP4E,Kitsap,Bremerton,WA,98312,2014,TOYOTA,PRIUS,Plug-in Hybrid Electric Vehicle (PHEV),Not eligible due to low battery range,6,35.0,475787798,POINT (-122.65223 47.57192),PUGET SOUND ENERGY INC,53035081000
7JRH60FW7P,King,Kirkland,WA,98034,2023,VOLVO,S60,Plug-in Hybrid Electric Vehicle (PHEV),Clean Alternative Fuel Vehicle Eligible,41,45.0,277764770,POINT (-122.22901 47.72201),PUGET SOUND ENERGY INC||CITY OF TACOMA - (WA),53033022006
YV4BR0CK7M,Pierce,Bonney Lake,WA,98391,2021,VOLVO,XC90,Plug-in Hybrid Electric Vehicle (PHEV),Not eligible due to low battery range,18,31.0,276961534,POINT (-122.17144 47.19175),PUGET SOUND ENERGY INC||CITY OF TACOMA - (WA),53053070209
1N4AZ0CP7F,King,Seattle,WA,98112,2015,NISSAN,LEAF,Battery Electric Vehicle (BEV),Clean Alternative Fuel Vehicle Eligible,84,43.0,282455820,POINT (-122.30207 47.64085),CITY OF SEATTLE - (WA)|CITY OF TACOMA - (WA),53033006400
YV4BR0CL7K,King,Auburn,WA,98001,2019,VOLVO,XC90,Plug-in Hybrid Electric Vehicle (PHEV),Not eligible due to low battery range,17,30.0,478546610,POINT (-122.28802 47.30264),PUGET SOUND ENERGY INC||CITY OF TACOMA - (WA),53033029806
WP1AE2A20H,King,Renton,WA,98059,2017,PORSCHE,CAYENNE,Plug-in Hybrid Electric Vehicle (PHEV),Not eligible due to low battery range,14,11.0,6393663,POINT (-122.11589 47.50243),PUGET SOUND ENERGY INC||CITY OF TACOMA - (WA),53033031913
5YJ3E1EA6J,King,Kirkland,WA,98034,2018,TESLA,MODEL 3,Battery Electric Vehicle (BEV),Clean Alternative Fuel Vehicle Eligible,215,45.0,233915860,POINT (-122.22901 47.72201),PUGET SOUND ENERGY INC||CITY OF TACOMA - (WA),53033022005
5YJRE1A14B,King,Kirkland,WA,98033,2011,TESLA,ROADSTER,Battery Electric Vehicle (BEV),Clean Alternative Fuel Vehicle Eligible,245,45.0,192740243,POINT (-122.2066 47.67887),PUGET SOUND ENERGY INC||CITY OF TACOMA - (WA),53033022402
1N4AZ0CP8F,King,Renton,WA,98058,2015,NISSAN,LEAF,Battery Electric Vehicle (BEV),Clean Alternative Fuel Vehicle Eligible,84,11.0,1503414,POINT (-122.08747 47.4466),PUGET SOUND ENERGY INC||CITY OF TACOMA - (WA),53033031909
1G1FX6S05H,King,Seattle,WA,98103,2017,CHEVROLET,BOLT EV,Battery Electric Vehicle (BEV),Clean Alternative Fuel Vehicle Eligible,238,43.0,126278687,POINT (-122.35436 47.67596),CITY OF SEATTLE - (WA)|CITY OF TACOMA - (WA),53033004800
3FA6P0SU6D,King,Seattle,WA,98101,2013,FORD,FUSION,Plug-in Hybrid Electric Vehicle (PHEV),Not eligible due to low battery range,19,43.0,167597398,POINT (-122.34223 47.61085),CITY OF SEATTLE - (WA)|CITY OF TACOMA - (WA),53033008300
3C3CFFGE3G,King,Seattle,WA,98108,2016,FIAT,500,Battery Electric Vehicle (BEV),Clean Alternative Fuel Vehicle Eligible,84,37.0,179281490,POINT (-122.31449 47.53917),CITY OF SEATTLE - (WA)|CITY OF TACOMA - (WA),53033010001
YV4BR0CK2M,King,Seattle,WA,98177,2021,VOLVO,XC90,Plug-in Hybrid Electric Vehicle (PHEV),Not eligible due to low battery range,18,36.0,287040393,POINT (-122.37238 47.74068),CITY OF SEATTLE - (WA)|CITY OF TACOMA - (WA),53033001600
JTDKN3DP9E,Whatcom,Bellingham,WA,98229,2014,TOYOTA,PRIUS,Plug-in Hybrid Electric Vehicle (PHEV),Not eligible due to low battery range,6,40.0,216008320,POINT (-122.45486 48.7449),PUGET SOUND ENERGY INC||PUD NO 1 OF WHATCOM COUNTY,53073000903
KNDCE3LG0L,King,Seattle,WA,98125,2020,KIA,NIRO,Battery Electric Vehicle (BEV),Clean Alternative Fuel Vehicle Eligible,239,46.0,240254374,POINT (-122.30253 47.72656),CITY OF SEATTLE - (WA)|CITY OF TACOMA - (WA),53033001202
5UXTA6C00N,King,Issaquah,WA,98027,2022,BMW,X5,Plug-in Hybrid Electric Vehicle (PHEV),Clean Alternative Fuel Vehicle Eligible,30,5.0,258635996,POINT (-122.03439 47.5301),PUGET SOUND ENERGY INC||CITY OF TACOMA - (WA),53033032103
5YJSA1CN2D,Snohomish,Monroe,WA,98272,2013,TESLA,MODEL S,Battery Electric Vehicle (BEV),Clean Alternative Fuel Vehicle Eligible,208,39.0,198295345,POINT (-121.98087 47.8526),PUGET SOUND ENERGY INC,53061052203
1C4RJYB61R,Lewis,Centralia,WA,98531,2024,JEEP,GRAND CHEROKEE,Plug-in Hybrid Electric Vehicle (PHEV),Not eligible due to low battery range,25,20.0,276400092,POINT (-122.95266 46.72895),BONNEVILLE POWER ADMINISTRATION||CITY OF CENTRALIA - (WA)|CITY OF TACOMA - (WA),53041970700
5YJ3E1EB2J,King,Des Moines,WA,98198,2018,TESLA,MODEL 3,Battery Electric Vehicle (BEV),Clean Alternative Fuel Vehicle Eligible,215,33.0,287299827,POINT (-122.30615 47.38542),PUGET SOUND ENERGY INC||CITY OF TACOMA - (WA),53033028901
KMHC05LH0H,King,Kirkland,WA,98033,2017,HYUNDAI,IONIQ,Battery Electric Vehicle (BEV),Clean Alternative Fuel Vehicle Eligible,124,45.0,1495133,POINT (-122.2066 47.67887),PUGET SOUND ENERGY INC||CITY OF TACOMA - (WA),53033022401
WBY2Z2C5XE,Kitsap,Kingston,WA,98346,2014,BMW,I8,Plug-in Hybrid Electric Vehicle (PHEV),Not eligible due to low battery range,14,23.0,108870877,POINT (-122.4977 47.79802),PUGET SOUND ENERGY INC,53035090102
1N4AZ0CP6G,Snohomish,Bothell,WA,98021,2016,NISSAN,LEAF,Battery Electric Vehicle (BEV),Clean Alternative Fuel Vehicle Eligible,84,1.0,289052627,POINT (-122.18384 47.8031),PUGET SOUND ENERGY INC,53061051926
3FA6P0SU8F,Snohomish,Snohomish,WA,98296,2015,FORD,FUSION,Plug-in Hybrid Electric Vehicle (PHEV),Not eligible due to low battery range,19,1.0,116803452,POINT (-122.1389 47.87115),PUGET SOUND ENERGY INC,53061052112
SAL119F44R,Thurston,Olympia,WA,98502,2024,LAND ROVER,RANGE ROVER SPORT,Plug-in Hybrid Electric Vehicle (PHEV),Clean Alternative Fuel Vehicle Eligible,59,35.0,271593969,POINT (-122.92333 47.03779),PUGET SOUND ENERGY INC,53067011901
5YJ3E1EAXJ,King,Bothell,WA,98011,2018,TESLA,MODEL 3,Battery Electric Vehicle (BEV),Clean Alternative Fuel Vehicle Eligible,215,1.0,260802825,POINT (-122.20563 47.76144),PUGET SOUND ENERGY INC||CITY OF TACOMA - (WA),53033021804
1C4RJXN64R,King,Renton,WA,98055,2024,JEEP,WRANGLER,Plug-in Hybrid Electric Vehicle (PHEV),Not eligible due to low battery range,21,11.0,275973008,POINT (-122.19488 47.44035),PUGET SOUND ENERGY INC||CITY OF TACOMA - (WA),53033025805
WAUUPBFF6J,King,Seattle,WA,98146,2018,AUDI,A3,Plug-in Hybrid Electric Vehicle (PHEV),Not eligible due to low battery range,16,34.0,156611822,POINT (-122.36322 47.49736),CITY OF SEATTLE - (WA)|CITY OF TACOMA - (WA),53033012100
5YJ3E1EAXK,King,Kent,WA,98031,2019,TESLA,MODEL 3,Battery Electric Vehicle (BEV),Clean Alternative Fuel Vehicle Eligible,220,47.0,269596911,POINT (-122.17743 47.41185),PUGET SOUND ENERGY INC||CITY OF TACOMA - (WA),53033029406
1N4BZ0CP2G,Chelan,Leavenworth,WA,98826,2016,NISSAN,LEAF,Battery Electric Vehicle (BEV),Clean Alternative Fuel Vehicle Eligible,84,12.0,191502300,POINT (-120.65754 47.5982),PUD NO 1 OF CHELAN COUNTY,53007960201
5YJXCDE26L,Walla Walla,Walla Walla,WA,99362,2020,TESLA,MODEL X,Battery Electric Vehicle (BEV),Clean Alternative Fuel Vehicle Eligible,289,16.0,104180338,POINT (-118.34261 46.07068),PACIFICORP,53071920200
1G1FX6S06H,King,Bellevue,WA,98005,2017,CHEVROLET,BOLT EV,Battery Electric Vehicle (BEV),Clean Alternative Fuel Vehicle Eligible,238,41.0,336729592,POINT (-122.1621 47.64441),PUGET SOUND ENERGY INC||CITY OF TACOMA - (WA),53033023601
5UXKT0C59H,King,Bellevue,WA,98008,2017,BMW,X5,Plug-in Hybrid Electric Vehicle (PHEV),Not eligible due to low battery range,14,48.0,2151656,POINT (-122.11867 47.63131),PUGET SOUND ENERGY INC||CITY OF TACOMA - (WA),53033023300
JTMAB3FV4P,King,Bothell,WA,98011,2023,TOYOTA,RAV4 PRIME (PHEV),Plug-in Hybrid Electric Vehicle (PHEV),Clean Alternative Fuel Vehicle Eligible,42,1.0,252524926,POINT (-122.20563 47.76144),PUGET SOUND ENERGY INC||CITY OF TACOMA - (WA),53033022001
2C4RC1S70R,Lewis,Centralia,WA,98531,2024,CHRYSLER,PACIFICA,Plug-in Hybrid Electric Vehicle (PHEV),Clean Alternative Fuel Vehicle Eligible,32,20.0,260231387,POINT (-122.95266 46.72895),BONNEVILLE POWER ADMINISTRATION||CITY OF CENTRALIA - (WA)|CITY OF TACOMA - (WA),53041970700
5YJ3E1EB8L,Pierce,Tacoma,WA,98444,2020,TESLA,MODEL 3,Battery Electric Vehicle (BEV),Clean Alternative Fuel Vehicle Eligible,322,29.0,3599627,POINT (-122.43827 47.154),BONNEVILLE POWER ADMINISTRATION||CITY OF TACOMA - (WA)||LAKEVIEW LIGHT & POWER|PENINSULA LIGHT COMPANY,53053071503
1C4JJXN63P,Grant,Moses Lake,WA,98837,2023,JEEP,WRANGLER,Plug-in Hybrid Electric Vehicle (PHEV),Not eligible due to low battery range,21,13.0,244922849,POINT (-119.2771 47.13196),PUD NO 2 OF GRANT COUNTY,53025011102
JHMZC5F31J,Spokane,Spokane,WA,99208,2018,HONDA,CLARITY,Plug-in Hybrid Electric Vehicle (PHEV),Clean Alternative Fuel Vehicle Eligible,47,6.0,474152402,POINT (-117.45005 47.7333),BONNEVILLE POWER ADMINISTRATION||AVISTA CORP||INLAND POWER & LIGHT COMPANY,53063010603
KNDJX3AE1H,Snohomish,Edmonds,WA,98026,2017,KIA,SOUL,Battery Electric Vehicle (BEV),Clean Alternative Fuel Vehicle Eligible,93,21.0,348344363,POINT (-122.31768 47.87166),PUGET SOUND ENERGY INC,53061050200
KNDRMDLHXN,Spokane,Cheney,WA,99004,2022,KIA,SORENTO,Plug-in Hybrid Electric Vehicle (PHEV),Clean Alternative Fuel Vehicle Eligible,32,9.0,260660851,POINT (-117.57445 47.48928),BONNEVILLE POWER ADMINISTRATION||AVISTA CORP||INLAND POWER & LIGHT COMPANY,53063014200
KNDPZDDH9R,King,Kirkland,WA,98034,2024,KIA,SPORTAGE,Plug-in Hybrid Electric Vehicle (PHEV),Clean Alternative Fuel Vehicle Eligible,34,45.0,271893457,POINT (-122.22901 47.72201),PUGET SOUND ENERGY INC||CITY OF TACOMA - (WA),53033021906
JTDKN3DP6E,King,Renton,WA,98055,2014,TOYOTA,PRIUS,Plug-in Hybrid Electric Vehicle (PHEV),Not eligible due to low battery range,6,11.0,348904125,POINT (-122.19488 47.44035),PUGET SOUND ENERGY INC||CITY OF TACOMA - (WA),53033025806
JTDKARFP7H,King,Des Moines,WA,98198,2017,TOYOTA,PRIUS PRIME (PHEV),Plug-in Hybrid Electric Vehicle (PHEV),Not eligible due to low battery range,25,33.0,265115399,POINT (-122.30615 47.38542),PUGET SOUND ENERGY INC||CITY OF TACOMA - (WA),53033029001
KNDCE3LG5K,King,Seattle,WA,98122,2019,KIA,NIRO,Battery Electric Vehicle (BEV),Clean Alternative Fuel Vehicle Eligible,239,37.0,200530627,POINT (-122.31009 47.60803),CITY OF SEATTLE - (WA)|CITY OF TACOMA - (WA),53033007800
5UX43EU05T,King,Seattle,WA,98122,2026,BMW,X5,Plug-in Hybrid Electric Vehicle (PHEV),Clean Alternative Fuel Vehicle Eligible,38,37.0,286104689,POINT (-122.31009 47.60803),CITY OF SEATTLE - (WA)|CITY OF TACOMA - (WA),53033007800
KNDCD3LD7N,King,Seattle,WA,98101,2022,KIA,NIRO,Plug-in Hybrid Electric Vehicle (PHEV),Not eligible due to low battery range,26,43.0,180026136,POINT (-122.34223 47.61085),CITY OF SEATTLE - (WA)|CITY OF TACOMA - (WA),53033008200
1G1RD6E46E,King,Vashon,WA,98070,2014,CHEVROLET,VOLT,Plug-in Hybrid Electric Vehicle (PHEV),Clean Alternative Fuel Vehicle Eligible,38,34.0,218935685,POINT (-122.4573 47.44929),PUGET SOUND ENERGY INC||CITY OF TACOMA - (WA),53033027701
5YJSA1H22F,Clark,Vancouver,WA,98665,2015,TESLA,MODEL S,Battery Electric Vehicle (BEV),Clean Alternative Fuel Vehicle Eligible,208,49.0,182090996,POINT (-122.64443 45.67871),BONNEVILLE POWER ADMINISTRATION||PUD NO 1 OF CLARK COUNTY - (WA),53011040809
5YJ3E1EA0J,King,Kirkland,WA,98033,2018,TESLA,MODEL 3,Battery Electric Vehicle (BEV),Clean Alternative Fuel Vehicle Eligible,215,48.0,125154403,POINT (-122.2066 47.67887),PUGET SOUND ENERGY INC||CITY OF TACOMA - (WA),53033022501
1G1FY6S01K,King,Seattle,WA,98112,2019,CHEVROLET,BOLT EV,Battery Electric Vehicle (BEV),Clean Alternative Fuel Vehicle Eligible,238,43.0,259011980,POINT (-122.30207 47.64085),CITY OF SEATTLE - (WA)|CITY OF TACOMA - (WA),53033006300
1G1FY6S03L,Clark,Vancouver,WA,98685,2020,CHEVROLET,BOLT EV,Battery Electric Vehicle (BEV),Clean Alternative Fuel Vehicle Eligible,259,49.0,265097241,POINT (-122.70303 45.70954),BONNEVILLE POWER ADMINISTRATION||PUD NO 1 OF CLARK COUNTY - (WA),53011040904
1N4AZ0CP6F,King,Kirkland,WA,98033,2015,NISSAN,LEAF,Battery Electric Vehicle (BEV),Clean Alternative Fuel Vehicle Eligible,84,45.0,232083351,POINT (-122.2066 47.67887),PUGET SOUND ENERGY INC||CITY OF TACOMA - (WA),53033022401
1N4AZ1CP2J,King,Seattle,WA,98122,2018,NISSAN,LEAF,Battery Electric Vehicle (BEV),Clean Alternative Fuel Vehicle Eligible,151,37.0,198329463,POINT (-122.31009 47.60803),CITY OF SEATTLE - (WA)|CITY OF TACOMA - (WA),53033008800
5YJSA1E27J,Pierce,Puyallup,WA,98374,2018,TESLA,MODEL S,Battery Electric Vehicle (BEV),Clean Alternative Fuel Vehicle Eligible,249,25.0,128572804,POINT (-122.27504 47.13926),PUGET SOUND ENERGY INC||CITY OF TACOMA - (WA),53053073123
KM8JFDD22R,King,Seattle,WA,98178,2024,HYUNDAI,TUCSON,Plug-in Hybrid Electric Vehicle (PHEV),Clean Alternative Fuel Vehicle Eligible,33,37.0,254706994,POINT (-122.25031 47.49481),PUGET SOUND ENERGY INC||CITY OF TACOMA - (WA),53033026001
5YJYGDEE2L,Clark,Vancouver,WA,98664,2020,TESLA,MODEL Y,Battery Electric Vehicle (BEV),Clean Alternative Fuel Vehicle Eligible,291,49.0,244920609,POINT (-122.59219 45.62158),BONNEVILLE POWER ADMINISTRATION||PUD NO 1 OF CLARK COUNTY - (WA),53011041208
ZACPDFCW7R,King,Tukwila,WA,98188,2024,DODGE,HORNET,Plug-in Hybrid Electric Vehicle (PHEV),Clean Alternative Fuel Vehicle Eligible,32,11.0,262398909,POINT (-122.27979 47.44952),PUGET SOUND ENERGY INC||CITY OF TACOMA - (WA),53033028200
5YJ3E1EA4J,Kitsap,Poulsbo,WA,98370,2018,TESLA,MODEL 3,Battery Electric Vehicle (BEV),Clean Alternative Fuel Vehicle Eligible,215,23.0,474888991,POINT (-122.64681 47.73689),PUGET SOUND ENERGY INC,53035090201
1G1FZ6S06K,Thurston,Olympia,WA,98502,2019,CHEVROLET,BOLT EV,Battery Electric Vehicle (BEV),Clean Alternative Fuel Vehicle Eligible,238,22.0,216966151,POINT (-122.92333 47.03779),PUGET SOUND ENERGY INC,53067012001
WBY1Z4C58E,Pierce,Gig Harbor,WA,98335,2014,BMW,I3,Plug-in Hybrid Electric Vehicle (PHEV),Clean Alternative Fuel Vehicle Eligible,72,26.0,222732254,POINT (-122.58009 47.328),BONNEVILLE POWER ADMINISTRATION||CITY OF TACOMA - (WA)||PENINSULA LIGHT COMPANY,53053072407
1N4AZ1CP8J,King,Lake Forest Park,WA,98155,2018,NISSAN,LEAF,Battery Electric Vehicle (BEV),Clean Alternative Fuel Vehicle Eligible,151,46.0,141030529,POINT (-122.30304 47.75494),CITY OF SEATTLE - (WA)|CITY OF TACOMA - (WA),53033021300
1G1FX6S01K,King,Seattle,WA,98125,2019,CHEVROLET,BOLT EV,Battery Electric Vehicle (BEV),Clean Alternative Fuel Vehicle Eligible,238,46.0,277676955,POINT (-122.30253 47.72656),CITY OF SEATTLE - (WA)|CITY OF TACOMA - (WA),53033001202
5YJ3E1EA9L,Clark,Camas,WA,98607,2020,TESLA,MODEL 3,Battery Electric Vehicle (BEV),Clean Alternative Fuel Vehicle Eligible,266,18.0,141924702,POINT (-122.40199 45.58694),BONNEVILLE POWER ADMINISTRATION||PUD NO 1 OF CLARK COUNTY - (WA),53011041328
5YJ3E1EB8J,King,Sammamish,WA,98075,2018,TESLA,MODEL 3,Battery Electric Vehicle (BEV),Clean Alternative Fuel Vehicle Eligible,215,41.0,476354770,POINT (-122.03539 47.61344),PUGET SOUND ENERGY INC||CITY OF TACOMA - (WA),53033032215
5UXTS1C01M,King,Kirkland,WA,98034,2021,BMW,X3,Plug-in Hybrid Electric Vehicle (PHEV),Not eligible due to low battery range,17,1.0,279907974,POINT (-122.22901 47.72201),PUGET SOUND ENERGY INC||CITY OF TACOMA - (WA),53033022300
5YJSA1H29E,Snohomish,Mukilteo,WA,98275,2014,TESLA,MODEL S,Battery Electric Vehicle (BEV),Clean Alternative Fuel Vehicle Eligible,208,21.0,195110576,POINT (-122.29196 47.89908),PUGET SOUND ENERGY INC,53061042006
1N4AZ0CP0E,King,Kent,WA,98042,2014,NISSAN,LEAF,Battery Electric Vehicle (BEV),Clean Alternative Fuel Vehicle Eligible,84,47.0,158435945,POINT (-122.10798 47.37124),PUGET SOUND ENERGY INC||CITY OF TACOMA - (WA),53033031800
JTMFB3FV4R,Pierce,Gig Harbor,WA,98332,2024,TOYOTA,RAV4 PRIME (PHEV),Plug-in Hybrid Electric Vehicle (PHEV),Clean Alternative Fuel Vehicle Eligible,42,26.0,273827886,POINT (-122.58964 47.34235),BONNEVILLE POWER ADMINISTRATION||CITY OF TACOMA - (WA)||PENINSULA LIGHT COMPANY,53053072504
5YJ3E1EB1K,King,Redmond,WA,98052,2019,TESLA,MODEL 3,Battery Electric Vehicle (BEV),Clean Alternative Fuel Vehicle Eligible,220,48.0,224253928,POINT (-122.13158 47.67858),PUGET SOUND ENERGY INC||CITY OF TACOMA - (WA),53033022606
1N4AZ1CP8K,Whatcom,Bellingham,WA,98229,2019,NISSAN,LEAF,Battery Electric Vehicle (BEV),Clean Alternative Fuel Vehicle Eligible,150,40.0,215099720,POINT (-122.45486 48.7449),PUGET SOUND ENERGY INC||PUD NO 1 OF WHATCOM COUNTY,53073000902
JTMAB3FV6R,King,Auburn,WA,98092,2024,TOYOTA,RAV4 PRIME (PHEV),Plug-in Hybrid Electric Vehicle (PHEV),Clean Alternative Fuel Vehicle Eligible,42,47.0,271976652,POINT (-122.18262 47.31825),PUGET SOUND ENERGY INC||CITY OF TACOMA - (WA),53033031208
WA1G2AFY6M,King,Seattle,WA,98122,2021,AUDI,Q5 E,Plug-in Hybrid Electric Vehicle (PHEV),Not eligible due to low battery range,18,37.0,150943474,POINT (-122.31009 47.60803),CITY OF SEATTLE - (WA)|CITY OF TACOMA - (WA),53033007800
5UX43EU0XR,Spokane,Spokane,WA,99223,2024,BMW,X5,Plug-in Hybrid Electric Vehicle (PHEV),Clean Alternative Fuel Vehicle Eligible,39,6.0,280713163,POINT (-117.36043 47.63396),BONNEVILLE POWER ADMINISTRATION||AVISTA CORP||INLAND POWER & LIGHT COMPANY,53063004800
KMHE54L2XH,King,Auburn,WA,98001,2017,HYUNDAI,SONATA,Plug-in Hybrid Electric Vehicle (PHEV),Not eligible due to low battery range,27,30.0,144093792,POINT (-122.28802 47.30264),PUGET SOUND ENERGY INC||CITY OF TACOMA - (WA),53033029805
2C4RC1N76L,Thurston,Tumwater,WA,98512,2020,CHRYSLER,PACIFICA,Plug-in Hybrid Electric Vehicle (PHEV),Clean Alternative Fuel Vehicle Eligible,32,22.0,101884499,POINT (-123.04078 46.94792),PUGET SOUND ENERGY INC,53067010920
YV4H600L2N,King,Vashon,WA,98070,2022,VOLVO,XC90,Plug-in Hybrid Electric Vehicle (PHEV),Clean Alternative Fuel Vehicle Eligible,35,34.0,205667507,POINT (-122.4573 47.44929),PUGET SOUND ENERGY INC||CITY OF TACOMA - (WA),53033027702
1G1FX6S09J,King,Kirkland,WA,98033,2018,CHEVROLET,BOLT EV,Battery Electric Vehicle (BEV),Clean Alternative Fuel Vehicle Eligible,238,45.0,181082919,POINT (-122.2066 47.67887),PUGET SOUND ENERGY INC||CITY OF TACOMA - (WA),53033022401
YV4H600Z3N,Clark,Vancouver,WA,98660,2022,VOLVO,XC90,Plug-in Hybrid Electric Vehicle (PHEV),Clean Alternative Fuel Vehicle Eligible,35,49.0,277731520,POINT (-122.67156 45.63248),BONNEVILLE POWER ADMINISTRATION||PUD NO 1 OF CLARK COUNTY - (WA),53011041900
3FA6P0PU9F,Pierce,Tacoma,WA,98404,2015,FORD,FUSION,Plug-in Hybrid Electric Vehicle (PHEV),Not eligible due to low battery range,19,25.0,186081990,POINT (-122.41249 47.21584),BONNEVILLE POWER ADMINISTRATION||CITY OF TACOMA - (WA)||PENINSULA LIGHT COMPANY,53053071601
5UX43EU07S,King,Covington,WA,98042,2025,BMW,X5,Plug-in Hybrid Electric Vehicle (PHEV),Clean Alternative Fuel Vehicle Eligible,40,47.0,276669060,POINT (-122.10798 47.37124),PUGET SOUND ENERGY INC||CITY OF TACOMA - (WA),53033031709
5YJXCDE28L,King,Kirkland,WA,98034,2020,TESLA,MODEL X,Battery Electric Vehicle (BEV),Clean Alternative Fuel Vehicle Eligible,289,45.0,2241683,POINT (-122.22901 47.72201),PUGET SOUND ENERGY INC||CITY OF TACOMA - (WA),53033021904
1N4AZ0CP9D,King,Kirkland,WA,98034,2013,NISSAN,LEAF,Battery Electric Vehicle (BEV),Clean Alternative Fuel Vehicle Eligible,75,45.0,219690782,POINT (-122.22901 47.72201),PUGET SOUND ENERGY INC||CITY OF TACOMA - (WA),53033022006
YV4BR0CK3M,King,Seattle,WA,98103,2021,VOLVO,XC90,Plug-in Hybrid Electric Vehicle (PHEV),Not eligible due to low battery range,18,43.0,257713368,POINT (-122.35436 47.67596),CITY OF SEATTLE - (WA)|CITY OF TACOMA - (WA),53033005100
JA4J24A5XJ,King,Seattle,WA,98119,2018,MITSUBISHI,OUTLANDER,Plug-in Hybrid Electric Vehicle (PHEV),Not eligible due to low battery range,22,36.0,252334414,POINT (-122.3684 47.64586),CITY OF SEATTLE - (WA)|CITY OF TACOMA - (WA),53033005902
5UX43EU01T,Clark,Vancouver,WA,98682,2026,BMW,X5,Plug-in Hybrid Electric Vehicle (PHEV),Clean Alternative Fuel Vehicle Eligible,38,17.0,288794425,POINT (-122.55149 45.69345),BONNEVILLE POWER ADMINISTRATION||PUD NO 1 OF CLARK COUNTY - (WA),53011040712
5YJSA1E20G,King,Federal Way,WA,98003,2016,TESLA,MODEL S,Battery Electric Vehicle (BEV),Clean Alternative Fuel Vehicle Eligible,210,30.0,103209032,POINT (-122.3303 47.30151),PUGET SOUND ENERGY INC||CITY OF TACOMA - (WA),53033030203
5UXTA6C00M,King,Redmond,WA,98053,2021,BMW,X5,Plug-in Hybrid Electric Vehicle (PHEV),Clean Alternative Fuel Vehicle Eligible,30,48.0,150978362,POINT (-122.03287 47.68555),PUGET SOUND ENERGY INC||CITY OF TACOMA - (WA),53033032313
5YJSA1E22J,King,Kirkland,WA,98033,2018,TESLA,MODEL S,Battery Electric Vehicle (BEV),Clean Alternative Fuel Vehicle Eligible,249,48.0,171611261,POINT (-122.2066 47.67887),PUGET SOUND ENERGY INC||CITY OF TACOMA - (WA),53033022603
1C4RJXN65R,Grant,Ephrata,WA,98823,2024,JEEP,WRANGLER,Plug-in Hybrid Electric Vehicle (PHEV),Not eligible due to low battery range,21,13.0,274228538,POINT (-119.55096 47.31909),PUD NO 2 OF GRANT COUNTY,53025011200
5UX43EU0XS,King,Seattle,WA,98133,2025,BMW,X5,Plug-in Hybrid Electric Vehicle (PHEV),Clean Alternative Fuel Vehicle Eligible,40,36.0,274269110,POINT (-122.33364 47.73709),CITY OF SEATTLE - (WA)|CITY OF TACOMA - (WA),53033001400
1FADP5CU3E,King,Federal Way,WA,98023,2014,FORD,C-MAX,Plug-in Hybrid Electric Vehicle (PHEV),Not eligible due to low battery range,19,30.0,269733922,POINT (-122.36217 47.31011),PUGET SOUND ENERGY INC||CITY OF TACOMA - (WA),53033030101
1G1FY6S07L,Kitsap,Bainbridge Island,WA,98110,2020,CHEVROLET,BOLT EV,Battery Electric Vehicle (BEV),Clean Alternative Fuel Vehicle Eligible,259,23.0,8184501,POINT (-122.521 47.62732),PUGET SOUND ENERGY INC,53035090700
5YJYGDEEXL,King,Seattle,WA,98199,2020,TESLA,MODEL Y,Battery Electric Vehicle (BEV),Clean Alternative Fuel Vehicle Eligible,291,36.0,131320710,POINT (-122.40092 47.65908),CITY OF SEATTLE - (WA)|CITY OF TACOMA - (WA),53033005700
1C4JJXP61N,Whatcom,Ferndale,WA,98248,2022,JEEP,WRANGLER,Plug-in Hybrid Electric Vehicle (PHEV),Not eligible due to low battery range,21,42.0,200609741,POINT (-122.5945 48.84787),PUGET SOUND ENERGY INC||PUD NO 1 OF WHATCOM COUNTY,53073010505
JHMZC5F12J,Pierce,Gig Harbor,WA,98335,2018,HONDA,CLARITY,Plug-in Hybrid Electric Vehicle (PHEV),Clean Alternative Fuel Vehicle Eligible,47,26.0,281248859,POINT (-122.58009 47.328),BONNEVILLE POWER ADMINISTRATION||CITY OF TACOMA - (WA)||PENINSULA LIGHT COMPANY,53053072405
2C4RC1S70M,King,Burien,WA,98166,2021,CHRYSLER,PACIFICA,Plug-in Hybrid Electric Vehicle (PHEV),Clean Alternative Fuel Vehicle Eligible,32,34.0,148830461,POINT (-122.33942 47.46864),PUGET SOUND ENERGY INC||CITY OF TACOMA - (WA),53033027800
2C4RC1N76H,King,Auburn,WA,98002,2017,CHRYSLER,PACIFICA,Plug-in Hybrid Electric Vehicle (PHEV),Clean Alternative Fuel Vehicle Eligible,33,47.0,208974671,POINT (-122.2229 47.307),PUGET SOUND ENERGY INC||CITY OF TACOMA - (WA),53033030504
5YJSA1E41F,Clallam,Port Angeles,WA,98362,2015,TESLA,MODEL S,Battery Electric Vehicle (BEV),Clean Alternative Fuel Vehicle Eligible,208,24.0,195300647,POINT (-123.43112 48.11892),BONNEVILLE POWER ADMINISTRATION||PUD NO 1 OF CLALLAM COUNTY,53009001400
1G1FY6S03L,King,Federal Way,WA,98023,2020,CHEVROLET,BOLT EV,Battery Electric Vehicle (BEV),Clean Alternative Fuel Vehicle Eligible,259,30.0,145469362,POINT (-122.36217 47.31011),PUGET SOUND ENERGY INC||CITY OF TACOMA - (WA),53033030102
5YJSA1DP4D,Pierce,Vaughn,WA,98394,2013,TESLA,MODEL S,Battery Electric Vehicle (BEV),Clean Alternative Fuel Vehicle Eligible,208,26.0,139624411,POINT (-122.76355 47.34347),BONNEVILLE POWER ADMINISTRATION||CITY OF TACOMA - (WA)||PENINSULA LIGHT COMPANY,53053072602
WP1AE2AY1L,King,Sammamish,WA,98074,2020,PORSCHE,CAYENNE,Plug-in Hybrid Electric Vehicle (PHEV),Not eligible due to low battery range,14,45.0,122397229,POINT (-122.02054 47.60326),PUGET SOUND ENERGY INC||CITY OF TACOMA - (WA),53033032317
1G1RC6S53J,King,Seattle,WA,98103,2018,CHEVROLET,VOLT,Plug-in Hybrid Electric Vehicle (PHEV),Clean Alternative Fuel Vehicle Eligible,53,36.0,186223159,POINT (-122.35436 47.67596),CITY OF SEATTLE - (WA)|CITY OF TACOMA - (WA),53033001701
5YJ3E1EB0K,Island,Camano Island,WA,98282,2019,TESLA,MODEL 3,Battery Electric Vehicle (BEV),Clean Alternative Fuel Vehicle Eligible,220,10.0,175325475,POINT (-122.40049 48.23986),BONNEVILLE POWER ADMINISTRATION||PUD 1 OF SNOHOMISH COUNTY,53029971700
1G1FY6S03L,Grays Harbor,Aberdeen,WA,98520,2020,CHEVROLET,BOLT EV,Battery Electric Vehicle (BEV),Clean Alternative Fuel Vehicle Eligible,259,19.0,157584808,POINT (-123.81619 46.97606),BONNEVILLE POWER ADMINISTRATION||PUD NO 1 OF GRAYS HARBOR COUNTY,53027001000
1FADP5CU2F,San Juan,Eastsound,WA,98245,2015,FORD,C-MAX,Plug-in Hybrid Electric Vehicle (PHEV),Not eligible due to low battery range,19,40.0,291776803,POINT (-122.91109 48.69389),BONNEVILLE POWER ADMINISTRATION||ORCAS POWER & LIGHT COOP,53055960101
WVWPP7AU6F,King,Kirkland,WA,98034,2015,VOLKSWAGEN,E-GOLF,Battery Electric Vehicle (BEV),Clean Alternative Fuel Vehicle Eligible,83,45.0,184189043,POINT (-122.22901 47.72201),PUGET SOUND ENERGY INC||CITY OF TACOMA - (WA),53033021903
1N4AZ1CP1L,Snohomish,Arlington,WA,98223,2020,NISSAN,LEAF,Battery Electric Vehicle (BEV),Clean Alternative Fuel Vehicle Eligible,149,39.0,141374628,POINT (-122.1264 48.19471),BONNEVILLE POWER ADMINISTRATION||PUD 1 OF SNOHOMISH COUNTY,53061053510
JHMZC5F37J,Clark,Vancouver,WA,98660,2018,HONDA,CLARITY,Plug-in Hybrid Electric Vehicle (PHEV),Clean Alternative Fuel Vehicle Eligible,47,49.0,273665703,POINT (-122.67156 45.63248),BONNEVILLE POWER ADMINISTRATION||PUD NO 1 OF CLARK COUNTY - (WA),53011042000
2C4RC1S76R,King,Seattle,WA,98133,2024,CHRYSLER,PACIFICA,Plug-in Hybrid Electric Vehicle (PHEV),Clean Alternative Fuel Vehicle Eligible,32,32.0,267554941,POINT (-122.33364 47.73709),CITY OF SEATTLE - (WA)|CITY OF TACOMA - (WA),53033000402
YV4BC0PL3H,King,Seattle,WA,98112,2017,VOLVO,XC90,Plug-in Hybrid Electric Vehicle (PHEV),Not eligible due to low battery range,14,43.0,121226941,POINT (-122.30207 47.64085),CITY OF SEATTLE - (WA)|CITY OF TACOMA - (WA),53033006400
1G1RD6E43C,Stevens,Evans,WA,99126,2012,CHEVROLET,VOLT,Plug-in Hybrid Electric Vehicle (PHEV),Clean Alternative Fuel Vehicle Eligible,35,7.0,5012213,POINT (-118.02345 48.71331),AVISTA CORP,53065950101
5UXKT0C51J,King,Normandy Park,WA,98166,2018,BMW,X5,Plug-in Hybrid Electric Vehicle (PHEV),Not eligible due to low battery range,13,33.0,344376077,POINT (-122.33942 47.46864),PUGET SOUND ENERGY INC||CITY OF TACOMA - (WA),53033028600
JM3KKBHA6R,King,Seattle,WA,98125,2024,MAZDA,CX-90,Plug-in Hybrid Electric Vehicle (PHEV),Not eligible due to low battery range,26,46.0,268542235,POINT (-122.30253 47.72656),CITY OF SEATTLE - (WA)|CITY OF TACOMA - (WA),53033000800
5YJ3E1EA4L,King,Maple Valley,WA,98038,2020,TESLA,MODEL 3,Battery Electric Vehicle (BEV),Clean Alternative Fuel Vehicle Eligible,266,5.0,6321059,POINT (-122.04526 47.39394),PUGET SOUND ENERGY INC||CITY OF TACOMA - (WA),53033032011
KMHC85LJ4L,King,Redmond,WA,98053,2020,HYUNDAI,IONIQ,Battery Electric Vehicle (BEV),Clean Alternative Fuel Vehicle Eligible,170,45.0,268610219,POINT (-122.03287 47.68555),PUGET SOUND ENERGY INC||CITY OF TACOMA - (WA),53033032332
3FA6P0SU1E,Pierce,Eatonville,WA,98328,2014,FORD,FUSION,Plug-in Hybrid Electric Vehicle (PHEV),Not eligible due to low battery range,19,2.0,195590657,POINT (-122.26832 46.86733),"BONNEVILLE POWER ADMINISTRATION||CITY OF TACOMA - (WA)||OHOP MUTUAL LIGHT COMPANY, INC|PENINSULA LIGHT COMPANY",53053073006
ZACPDFCW9R,King,Tukwila,WA,98188,2024,DODGE,HORNET,Plug-in Hybrid Electric Vehicle (PHEV),Clean Alternative Fuel Vehicle Eligible,32,11.0,262112105,POINT (-122.27979 47.44952),PUGET SOUND ENERGY INC||CITY OF TACOMA - (WA),53033028200
JTJCJMGA4S,King,Seattle,WA,98178,2025,LEXUS,RX,Plug-in Hybrid Electric Vehicle (PHEV),Clean Alternative Fuel Vehicle Eligible,37,37.0,281082231,POINT (-122.25031 47.49481),PUGET SOUND ENERGY INC||CITY OF TACOMA - (WA),53033011902
5YJ3E1EB1K,Snohomish,Arlington,WA,98223,2019,TESLA,MODEL 3,Battery Electric Vehicle (BEV),Clean Alternative Fuel Vehicle Eligible,220,39.0,115270774,POINT (-122.1264 48.19471),BONNEVILLE POWER ADMINISTRATION||PUD 1 OF SNOHOMISH COUNTY,53061053510
1C4RJXR61R,Pierce,Graham,WA,98338,2024,JEEP,WRANGLER,Plug-in Hybrid Electric Vehicle (PHEV),Not eligible due to low battery range,21,2.0,252720247,POINT (-122.29477 47.05703),"BONNEVILLE POWER ADMINISTRATION||CITY OF TACOMA - (WA)||OHOP MUTUAL LIGHT COMPANY, INC|PENINSULA LIGHT COMPANY",53053073117
KNDCE3LG6K,King,Auburn,WA,98001,2019,KIA,NIRO,Battery Electric Vehicle (BEV),Clean Alternative Fuel Vehicle Eligible,239,47.0,477855283,POINT (-122.28802 47.30264),PUGET SOUND ENERGY INC||CITY OF TACOMA - (WA),53033029902
KNDPZDAH3P,Snohomish,Edmonds,WA,98020,2023,KIA,SPORTAGE,Plug-in Hybrid Electric Vehicle (PHEV),Clean Alternative Fuel Vehicle Eligible,34,32.0,241535724,POINT (-122.37689 47.81116),PUGET SOUND ENERGY INC,53061050700
1G1FY6S07K,King,Kirkland,WA,98034,2019,CHEVROLET,BOLT EV,Battery Electric Vehicle (BEV),Clean Alternative Fuel Vehicle Eligible,238,45.0,333454243,POINT (-122.22901 47.72201),PUGET SOUND ENERGY INC||CITY OF TACOMA - (WA),53033022003
SAL1L9E43S,King,Bellevue,WA,98004,2025,LAND ROVER,RANGE ROVER SPORT,Plug-in Hybrid Electric Vehicle (PHEV),Clean Alternative Fuel Vehicle Eligible,60,41.0,281542362,POINT (-122.1872 47.61001),PUGET SOUND ENERGY INC||CITY OF TACOMA - (WA),53033023801
JA4J24A51L,Thurston,Olympia,WA,98501,2020,MITSUBISHI,OUTLANDER,Plug-in Hybrid Electric Vehicle (PHEV),Not eligible due to low battery range,22,22.0,108954653,POINT (-122.89165 47.03954),PUGET SOUND ENERGY INC,53067011200
5YJXCBE22J,King,Seattle,WA,98112,2018,TESLA,MODEL X,Battery Electric Vehicle (BEV),Clean Alternative Fuel Vehicle Eligible,238,43.0,476241356,POINT (-122.30207 47.64085),CITY OF SEATTLE - (WA)|CITY OF TACOMA - (WA),53033006400
5YJ3E1EB1K,King,Bothell,WA,98011,2019,TESLA,MODEL 3,Battery Electric Vehicle (BEV),Clean Alternative Fuel Vehicle Eligible,220,1.0,316628539,POINT (-122.20563 47.76144),PUGET SOUND ENERGY INC||CITY OF TACOMA - (WA),53033021701
5YJ3E1EA2L,Clark,Vancouver,WA,98685,2020,TESLA,MODEL 3,Battery Electric Vehicle (BEV),Clean Alternative Fuel Vehicle Eligible,266,18.0,235801156,POINT (-122.70303 45.70954),BONNEVILLE POWER ADMINISTRATION||PUD NO 1 OF CLARK COUNTY - (WA),53011040907
1G1FX6S02H,Kitsap,Port Orchard,WA,98366,2017,CHEVROLET,BOLT EV,Battery Electric Vehicle (BEV),Clean Alternative Fuel Vehicle Eligible,238,26.0,178659813,POINT (-122.63847 47.54103),PUGET SOUND ENERGY INC,53035092200
5YJSA1E23J,Snohomish,Woodinville,WA,98072,2018,TESLA,MODEL S,Battery Electric Vehicle (BEV),Clean Alternative Fuel Vehicle Eligible,249,1.0,337500383,POINT (-122.15545 47.75448),PUGET SOUND ENERGY INC,53061051912
YV4BR0DMXM,King,Woodinville,WA,98072,2021,VOLVO,XC60,Plug-in Hybrid Electric Vehicle (PHEV),Not eligible due to low battery range,18,45.0,141839358,POINT (-122.15545 47.75448),PUGET SOUND ENERGY INC||CITY OF TACOMA - (WA),53033032307
JA4J24A59J,Skagit,Mount Vernon,WA,98273,2018,MITSUBISHI,OUTLANDER,Plug-in Hybrid Electric Vehicle (PHEV),Not eligible due to low battery range,22,10.0,475215667,POINT (-122.33891 48.41644),PUGET SOUND ENERGY INC,53057951900
2C4RC1S7XS,Snohomish,Marysville,WA,98271,2025,CHRYSLER,PACIFICA,Plug-in Hybrid Electric Vehicle (PHEV),Clean Alternative Fuel Vehicle Eligible,32,38.0,275906032,POINT (-122.17138 48.10433),PUGET SOUND ENERGY INC,53061940002
ZACPDFCW0R,King,Tukwila,WA,98188,2024,DODGE,HORNET,Plug-in Hybrid Electric Vehicle (PHEV),Clean Alternative Fuel Vehicle Eligible,32,11.0,262649089,POINT (-122.27979 47.44952),PUGET SOUND ENERGY INC||CITY OF TACOMA - (WA),53033028200
1G1RD6E40C,King,Seattle,WA,98116,2012,CHEVROLET,VOLT,Plug-in Hybrid Electric Vehicle (PHEV),Clean Alternative Fuel Vehicle Eligible,35,34.0,179397270,POINT (-122.41067 47.57894),CITY OF SEATTLE - (WA)|CITY OF TACOMA - (WA),53033009600
WA1VAAGE6K,King,Woodinville,WA,98072,2019,AUDI,E-TRON,Battery Electric Vehicle (BEV),Clean Alternative Fuel Vehicle Eligible,204,45.0,272648848,POINT (-122.15545 47.75448),PUGET SOUND ENERGY INC||CITY OF TACOMA - (WA),53033032326
WVWPR7AU4K,King,Seattle,WA,98107,2019,VOLKSWAGEN,E-GOLF,Battery Electric Vehicle (BEV),Clean Alternative Fuel Vehicle Eligible,125,36.0,107040790,POINT (-122.38591 47.67597),CITY OF SEATTLE - (WA)|CITY OF TACOMA - (WA),53033003302
1C4RJYB67P,King,North Bend,WA,98045,2023,JEEP,GRAND CHEROKEE,Plug-in Hybrid Electric Vehicle (PHEV),Not eligible due to low battery range,25,5.0,240594322,POINT (-121.7831 47.49348),PUGET SOUND ENERGY INC||CITY OF TACOMA - (WA),53033032704
1N4AZ0CPXD,King,Des Moines,WA,98198,2013,NISSAN,LEAF,Battery Electric Vehicle (BEV),Clean Alternative Fuel Vehicle Eligible,75,33.0,198523104,POINT (-122.30615 47.38542),PUGET SOUND ENERGY INC||CITY OF TACOMA - (WA),53033030003
1G1FX6S0XH,King,Sammamish,WA,98075,2017,CHEVROLET,BOLT EV,Battery Electric Vehicle (BEV),Clean Alternative Fuel Vehicle Eligible,238,41.0,186598135,POINT (-122.03539 47.61344),PUGET SOUND ENERGY INC||CITY OF TACOMA - (WA),53033032211
1C4RJXN62R,King,Auburn,WA,98092,2024,JEEP,WRANGLER,Plug-in Hybrid Electric Vehicle (PHEV),Not eligible due to low battery range,21,47.0,282892620,POINT (-122.18262 47.31825),PUGET SOUND ENERGY INC||CITY OF TACOMA - (WA),53033031206
WP1AE2AY6M,Yakima,Yakima,WA,98908,2021,PORSCHE,CAYENNE,Plug-in Hybrid Electric Vehicle (PHEV),Not eligible due to low battery range,16,14.0,271976883,POINT (-120.60199 46.59817),PACIFICORP,53077000800
5YJ3E1EB0K,King,Kirkland,WA,98034,2019,TESLA,MODEL 3,Battery Electric Vehicle (BEV),Clean Alternative Fuel Vehicle Eligible,220,1.0,289500389,POINT (-122.22901 47.72201),PUGET SOUND ENERGY INC||CITY OF TACOMA - (WA),53033022203
ZACPDFCW2R,King,Tukwila,WA,98188,2024,DODGE,HORNET,Plug-in Hybrid Electric Vehicle (PHEV),Clean Alternative Fuel Vehicle Eligible,32,11.0,262479955,POINT (-122.27979 47.44952),PUGET SOUND ENERGY INC||CITY OF TACOMA - (WA),53033028200
JTDKARFP1H,King,Bellevue,WA,98005,2017,TOYOTA,PRIUS PRIME (PHEV),Plug-in Hybrid Electric Vehicle (PHEV),Not eligible due to low battery range,25,48.0,126119332,POINT (-122.1621 47.64441),PUGET SOUND ENERGY INC||CITY OF TACOMA - (WA),53033023701
ZACPDFCW6R,King,Tukwila,WA,98188,2024,DODGE,HORNET,Plug-in Hybrid Electric Vehicle (PHEV),Clean Alternative Fuel Vehicle Eligible,32,11.0,260201714,POINT (-122.27979 47.44952),PUGET SOUND ENERGY INC||CITY OF TACOMA - (WA),53033028200
1G1FZ6S05K,Thurston,Olympia,WA,98506,2019,CHEVROLET,BOLT EV,Battery Electric Vehicle (BEV),Clean Alternative Fuel Vehicle Eligible,238,22.0,274019091,POINT (-122.87741 47.05997),PUGET SOUND ENERGY INC,53067010300
JTDKARFP2J,King,Bellevue,WA,98004,2018,TOYOTA,PRIUS PRIME (PHEV),Plug-in Hybrid Electric Vehicle (PHEV),Not eligible due to low battery range,25,48.0,349022005,POINT (-122.1872 47.61001),PUGET SOUND ENERGY INC||CITY OF TACOMA - (WA),53033023806
JTDKN3DP3C,King,Newcastle,WA,98056,2012,TOYOTA,PRIUS,Plug-in Hybrid Electric Vehicle (PHEV),Not eligible due to low battery range,6,41.0,201408147,POINT (-122.18839 47.51197),PUGET SOUND ENERGY INC||CITY OF TACOMA - (WA),53033024703
1N4AZ0CP8E,King,Auburn,WA,98092,2014,NISSAN,LEAF,Battery Electric Vehicle (BEV),Clean Alternative Fuel Vehicle Eligible,84,47.0,266406178,POINT (-122.18262 47.31825),PUGET SOUND ENERGY INC||CITY OF TACOMA - (WA),53033029602
KM8JFDD2XR,King,Seattle,WA,98125,2024,HYUNDAI,TUCSON,Plug-in Hybrid Electric Vehicle (PHEV),Clean Alternative Fuel Vehicle Eligible,33,46.0,271471329,POINT (-122.30253 47.72656),CITY OF SEATTLE - (WA)|CITY OF TACOMA - (WA),53033000900
5YJXCDE26J,Pierce,Edgewood,WA,98371,2018,TESLA,MODEL X,Battery Electric Vehicle (BEV),Clean Alternative Fuel Vehicle Eligible,238,31.0,236735019,POINT (-122.29521 47.19045),PUGET SOUND ENERGY INC||CITY OF TACOMA - (WA),53053940009
JTDKAMFP7M,Clark,Vancouver,WA,98685,2021,TOYOTA,PRIUS PRIME (PHEV),Plug-in Hybrid Electric Vehicle (PHEV),Not eligible due to low battery range,25,18.0,281975466,POINT (-122.70303 45.70954),BONNEVILLE POWER ADMINISTRATION||PUD NO 1 OF CLARK COUNTY - (WA),53011040910
W1N0G5DB4L,Pierce,Tacoma,WA,98405,2020,MERCEDES-BENZ,GLC-CLASS,Plug-in Hybrid Electric Vehicle (PHEV),Not eligible due to low battery range,22,27.0,282187111,POINT (-122.48271 47.24737),BONNEVILLE POWER ADMINISTRATION||CITY OF TACOMA - (WA)||PENINSULA LIGHT COMPANY,53053061700
5YJYGDEE7L,King,Burien,WA,98148,2020,TESLA,MODEL Y,Battery Electric Vehicle (BEV),Clean Alternative Fuel Vehicle Eligible,291,33.0,118330859,POINT (-122.32472 47.44519),PUGET SOUND ENERGY INC||CITY OF TACOMA - (WA),53033028500
WVWKP7AU4G,Benton,Benton City,WA,99320,2016,VOLKSWAGEN,E-GOLF,Battery Electric Vehicle (BEV),Clean Alternative Fuel Vehicle Eligible,83,16.0,194768640,POINT (-119.48756 46.26543),BONNEVILLE POWER ADMINISTRATION||PUD NO 1 OF BENTON COUNTY,53005011900
1G1FZ6S03K,King,Bellevue,WA,98006,2019,CHEVROLET,BOLT EV,Battery Electric Vehicle (BEV),Clean Alternative Fuel Vehicle Eligible,238,41.0,477889408,POINT (-122.12096 47.55584),PUGET SOUND ENERGY INC||CITY OF TACOMA - (WA),53033024701
1G1RB6S56H,King,Kirkland,WA,98033,2017,CHEVROLET,VOLT,Plug-in Hybrid Electric Vehicle (PHEV),Clean Alternative Fuel Vehicle Eligible,53,48.0,303081257,POINT (-122.2066 47.67887),PUGET SOUND ENERGY INC||CITY OF TACOMA - (WA),53033022501
WA1E2AFY3S,Pierce,Gig Harbor,WA,98329,2025,AUDI,Q5 E,Plug-in Hybrid Electric Vehicle (PHEV),Not eligible due to low battery range,28,26.0,288170550,POINT (-122.6658 47.38336),BONNEVILLE POWER ADMINISTRATION||CITY OF TACOMA - (WA)||PENINSULA LIGHT COMPANY,53053072503
1G1RC6S52J,Snohomish,Lake Stevens,WA,98258,2018,CHEVROLET,VOLT,Plug-in Hybrid Electric Vehicle (PHEV),Clean Alternative Fuel Vehicle Eligible,53,39.0,3417354,POINT (-122.06402 48.01497),PUGET SOUND ENERGY INC,53061053604
5YJSA1E18G,Clark,Vancouver,WA,98664,2016,TESLA,MODEL S,Battery Electric Vehicle (BEV),Clean Alternative Fuel Vehicle Eligible,210,49.0,131597560,POINT (-122.59219 45.62158),BONNEVILLE POWER ADMINISTRATION||PUD NO 1 OF CLARK COUNTY - (WA),53011041208
5YJ3E1EA7J,King,Beaux Arts,WA,98004,2018,TESLA,MODEL 3,Battery Electric Vehicle (BEV),Clean Alternative Fuel Vehicle Eligible,215,41.0,476403490,POINT (-122.1872 47.61001),PUGET SOUND ENERGY INC||CITY OF TACOMA - (WA),53033023901
1C4JJXP65N,Thurston,Yelm,WA,98597,2022,JEEP,WRANGLER,Plug-in Hybrid Electric Vehicle (PHEV),Not eligible due to low battery range,21,2.0,207670669,POINT (-122.60735 46.94239),PUGET SOUND ENERGY INC,53067012421
5YJSA1H23F,King,Renton,WA,98059,2015,TESLA,MODEL S,Battery Electric Vehicle (BEV),Clean Alternative Fuel Vehicle Eligible,208,5.0,134527165,POINT (-122.11589 47.50243),PUGET SOUND ENERGY INC||CITY OF TACOMA - (WA),53033025104
3C3CFFGEXF,King,Woodinville,WA,98072,2015,FIAT,500,Battery Electric Vehicle (BEV),Clean Alternative Fuel Vehicle Eligible,87,45.0,179697556,POINT (-122.15545 47.75448),PUGET SOUND ENERGY INC||CITY OF TACOMA - (WA),53033032311
1N4BZ1CP8L,Snohomish,Everett,WA,98203,2020,NISSAN,LEAF,Battery Electric Vehicle (BEV),Clean Alternative Fuel Vehicle Eligible,215,38.0,135048518,POINT (-122.23019 47.94949),PUGET SOUND ENERGY INC,53061041304
SAL1L9E44S,Snohomish,Everett,WA,98203,2025,LAND ROVER,RANGE ROVER SPORT,Plug-in Hybrid Electric Vehicle (PHEV),Clean Alternative Fuel Vehicle Eligible,60,38.0,278331189,POINT (-122.23019 47.94949),PUGET SOUND ENERGY INC,53061041303
1FMCU0EZ9N,Snohomish,Bothell,WA,98012,2022,FORD,ESCAPE,Plug-in Hybrid Electric Vehicle (PHEV),Clean Alternative Fuel Vehicle Eligible,38,44.0,284559775,POINT (-122.20105 47.84423),PUGET SOUND ENERGY INC,53061052006
5YJXCBE23J,Pierce,Bonney Lake,WA,98391,2018,TESLA,MODEL X,Battery Electric Vehicle (BEV),Clean Alternative Fuel Vehicle Eligible,238,31.0,281204227,POINT (-122.17144 47.19175),PUGET SOUND ENERGY INC||CITY OF TACOMA - (WA),53053070312
WBY1Z4C59F,Chelan,Cashmere,WA,98815,2015,BMW,I3,Plug-in Hybrid Electric Vehicle (PHEV),Clean Alternative Fuel Vehicle Eligible,72,12.0,204108250,POINT (-120.47005 47.5224),PUD NO 1 OF CHELAN COUNTY,53007960501
YV4BR0DL7J,Pierce,Gig Harbor,WA,98335,2018,VOLVO,XC60,Plug-in Hybrid Electric Vehicle (PHEV),Not eligible due to low battery range,17,26.0,132361540,POINT (-122.58009 47.328),BONNEVILLE POWER ADMINISTRATION||CITY OF TACOMA - (WA)||PENINSULA LIGHT COMPANY,53053072405
5YJ3E1EB7K,King,Redmond,WA,98053,2019,TESLA,MODEL 3,Battery Electric Vehicle (BEV),Clean Alternative Fuel Vehicle Eligible,220,5.0,326194557,POINT (-122.03287 47.68555),PUGET SOUND ENERGY INC||CITY OF TACOMA - (WA),53033032315
5YJ3E1EAXJ,Snohomish,Edmonds,WA,98026,2018,TESLA,MODEL 3,Battery Electric Vehicle (BEV),Clean Alternative Fuel Vehicle Eligible,215,21.0,202896508,POINT (-122.31768 47.87166),PUGET SOUND ENERGY INC,53061042005
1C4JJXR69N,Grays Harbor,Ocean Shores,WA,98569,2022,JEEP,WRANGLER,Plug-in Hybrid Electric Vehicle (PHEV),Not eligible due to low battery range,22,24.0,213441994,POINT (-124.16408 47.01156),BONNEVILLE POWER ADMINISTRATION||PUD NO 1 OF GRAYS HARBOR COUNTY,53027000201
1N4BZ0CP3G,King,Bothell,WA,98011,2016,NISSAN,LEAF,Battery Electric Vehicle (BEV),Clean Alternative Fuel Vehicle Eligible,84,1.0,135750604,POINT (-122.20563 47.76144),PUGET SOUND ENERGY INC||CITY OF TACOMA - (WA),53033021905
JTDACACU6S,King,Kirkland,WA,98033,2025,TOYOTA,PRIUS PRIME (PHEV),Plug-in Hybrid Electric Vehicle (PHEV),Clean Alternative Fuel Vehicle Eligible,39,48.0,280656799,POINT (-122.2066 47.67887),PUGET SOUND ENERGY INC||CITY OF TACOMA - (WA),53033022501
5UX43EU08S,King,Seattle,WA,98112,2025,BMW,X5,Plug-in Hybrid Electric Vehicle (PHEV),Clean Alternative Fuel Vehicle Eligible,40,43.0,276734258,POINT (-122.30207 47.64085),CITY OF SEATTLE - (WA)|CITY OF TACOMA - (WA),53033006300
5YJSA1E20F,Yakima,Yakima,WA,98903,2015,TESLA,MODEL S,Battery Electric Vehicle (BEV),Clean Alternative Fuel Vehicle Eligible,208,14.0,233774187,POINT (-120.71847 46.55029),PACIFICORP,53077002803
JTJHKCFZ9S,Clark,Vancouver,WA,98685,2025,LEXUS,NX,Plug-in Hybrid Electric Vehicle (PHEV),Clean Alternative Fuel Vehicle Eligible,37,49.0,269361074,POINT (-122.70303 45.70954),BONNEVILLE POWER ADMINISTRATION||PUD NO 1 OF CLARK COUNTY - (WA),53011040904
5UXKT0C52H,King,Seattle,WA,98133,2017,BMW,X5,Plug-in Hybrid Electric Vehicle (PHEV),Not eligible due to low battery range,14,46.0,113196891,POINT (-122.33364 47.73709),CITY OF SEATTLE - (WA)|CITY OF TACOMA - (WA),53033000601
1C4RJXP69R,King,Redmond,WA,98052,2024,JEEP,WRANGLER,Plug-in Hybrid Electric Vehicle (PHEV),Not eligible due to low battery range,21,45.0,255513401,POINT (-122.13158 47.67858),PUGET SOUND ENERGY INC||CITY OF TACOMA - (WA),53033032321
1FADP5EU7H,Clark,Vancouver,WA,98686,2017,FORD,C-MAX,Plug-in Hybrid Electric Vehicle (PHEV),Not eligible due to low battery range,20,17.0,151010282,POINT (-122.62731 45.71668),BONNEVILLE POWER ADMINISTRATION||PUD NO 1 OF CLARK COUNTY - (WA),53011040812
1G1RD6E40D,Kitsap,Olalla,WA,98359,2013,CHEVROLET,VOLT,Plug-in Hybrid Electric Vehicle (PHEV),Clean Alternative Fuel Vehicle Eligible,38,26.0,192336091,POINT (-122.54729 47.42602),PUGET SOUND ENERGY INC,53035092802
JTDKARFP7J,Cowlitz,Longview,WA,98632,2018,TOYOTA,PRIUS PRIME (PHEV),Plug-in Hybrid Electric Vehicle (PHEV),Not eligible due to low battery range,25,19.0,3579684,POINT (-122.95058 46.14681),BONNEVILLE POWER ADMINISTRATION||PUD NO 1 OF COWLITZ COUNTY,53015000702
5YJ3E1EB4L,King,Renton,WA,98056,2020,TESLA,MODEL 3,Battery Electric Vehicle (BEV),Clean Alternative Fuel Vehicle Eligible,322,41.0,103157456,POINT (-122.18839 47.51197),PUGET SOUND ENERGY INC||CITY OF TACOMA - (WA),53033024704
1N4AZ0CP7F,Snohomish,Everett,WA,98208,2015,NISSAN,LEAF,Battery Electric Vehicle (BEV),Clean Alternative Fuel Vehicle Eligible,84,44.0,474789269,POINT (-122.18637 47.89251),PUGET SOUND ENERGY INC,53061041609
JTMAB3FV1P,Clark,Vancouver,WA,98682,2023,TOYOTA,RAV4 PRIME (PHEV),Plug-in Hybrid Electric Vehicle (PHEV),Clean Alternative Fuel Vehicle Eligible,42,18.0,257989623,POINT (-122.55149 45.69345),BONNEVILLE POWER ADMINISTRATION||PUD NO 1 OF CLARK COUNTY - (WA),53011040604
1N4BZ0CP4H,King,Seattle,WA,98178,2017,NISSAN,LEAF,Battery Electric Vehicle (BEV),Clean Alternative Fuel Vehicle Eligible,107,37.0,310203148,POINT (-122.25031 47.49481),PUGET SOUND ENERGY INC||CITY OF TACOMA - (WA),53033026102
5YJ3E1EC8L,Benton,Kennewick,WA,99338,2020,TESLA,MODEL 3,Battery Electric Vehicle (BEV),Clean Alternative Fuel Vehicle Eligible,308,8.0,281418343,POINT (-119.3118 46.20665),BONNEVILLE POWER ADMINISTRATION||PUD NO 1 OF BENTON COUNTY,53005010815
5YJ3E1EA3J,King,Kirkland,WA,98033,2018,TESLA,MODEL 3,Battery Electric Vehicle (BEV),Clean Alternative Fuel Vehicle Eligible,215,45.0,278563617,POINT (-122.2066 47.67887),PUGET SOUND ENERGY INC||CITY OF TACOMA - (WA),53033022401
KNDCC3LD8K,Kitsap,Bainbridge Island,WA,98110,2019,KIA,NIRO,Plug-in Hybrid Electric Vehicle (PHEV),Not eligible due to low battery range,26,23.0,298431304,POINT (-122.521 47.62732),PUGET SOUND ENERGY INC,53035090800
5YJYGDEE6L,King,Seattle,WA,98119,2020,TESLA,MODEL Y,Battery Electric Vehicle (BEV),Clean Alternative Fuel Vehicle Eligible,291,36.0,108200396,POINT (-122.3684 47.64586),CITY OF SEATTLE - (WA)|CITY OF TACOMA - (WA),53033007001
1FMCU0LZ6M,King,Maple Valley,WA,98038,2021,FORD,ESCAPE,Plug-in Hybrid Electric Vehicle (PHEV),Clean Alternative Fuel Vehicle Eligible,38,5.0,176226403,POINT (-122.04526 47.39394),PUGET SOUND ENERGY INC||CITY OF TACOMA - (WA),53033032006
1FADP5CU5F,Douglas,Bridgeport Bar,WA,98812,2015,FORD,C-MAX,Plug-in Hybrid Electric Vehicle (PHEV),Not eligible due to low battery range,19,12.0,179930656,POINT (-119.78093 48.09967),PUD NO 1 OF DOUGLAS COUNTY,53017950101
5YJSA1E4XG,Pierce,Tacoma,WA,98408,2016,TESLA,MODEL S,Battery Electric Vehicle (BEV),Clean Alternative Fuel Vehicle Eligible,210,29.0,192218239,POINT (-122.44718 47.20144),BONNEVILLE POWER ADMINISTRATION||CITY OF TACOMA - (WA)||PENINSULA LIGHT COMPANY,53053063501
5YJSA1E23J,King,Mercer Island,WA,98040,2018,TESLA,MODEL S,Battery Electric Vehicle (BEV),Clean Alternative Fuel Vehicle Eligible,249,41.0,333291934,POINT (-122.21238 47.57816),PUGET SOUND ENERGY INC||CITY OF TACOMA - (WA),53033024500
4JGDA6DB1J,King,Kirkland,WA,98034,2018,MERCEDES-BENZ,GLE-CLASS,Plug-in Hybrid Electric Vehicle (PHEV),Not eligible due to low battery range,8,1.0,223904964,POINT (-122.22901 47.72201),PUGET SOUND ENERGY INC||CITY OF TACOMA - (WA),53033022300
1N4AZ1CPXK,King,Seattle,WA,98125,2019,NISSAN,LEAF,Battery Electric Vehicle (BEV),Clean Alternative Fuel Vehicle Eligible,150,46.0,202000242,POINT (-122.30253 47.72656),CITY OF SEATTLE - (WA)|CITY OF TACOMA - (WA),53033000201
1N4BZ0CP4G,Clark,Vancouver,WA,98684,2016,NISSAN,LEAF,Battery Electric Vehicle (BEV),Clean Alternative Fuel Vehicle Eligible,84,17.0,348965130,POINT (-122.48723 45.63701),BONNEVILLE POWER ADMINISTRATION||PUD NO 1 OF CLARK COUNTY - (WA),53011041336
YV4BR0DK0M,King,Seattle,WA,98177,2021,VOLVO,XC60,Plug-in Hybrid Electric Vehicle (PHEV),Not eligible due to low battery range,18,36.0,269429422,POINT (-122.37238 47.74068),CITY OF SEATTLE - (WA)|CITY OF TACOMA - (WA),53033001400
KNDPZDAH1P,Whatcom,Bellingham,WA,98229,2023,KIA,SPORTAGE,Plug-in Hybrid Electric Vehicle (PHEV),Clean Alternative Fuel Vehicle Eligible,34,40.0,240926521,POINT (-122.45486 48.7449),PUGET SOUND ENERGY INC||PUD NO 1 OF WHATCOM COUNTY,53073001202
1C4RJYB60R,King,Kirkland,WA,98033,2024,JEEP,GRAND CHEROKEE,Plug-in Hybrid Electric Vehicle (PHEV),Not eligible due to low battery range,25,48.0,286583958,POINT (-122.2066 47.67887),PUGET SOUND ENERGY INC||CITY OF TACOMA - (WA),53033022501
1C4JJXP66M,Kitsap,Bremerton,WA,98314,2021,JEEP,WRANGLER,Plug-in Hybrid Electric Vehicle (PHEV),Not eligible due to low battery range,25,26.0,154061344,POINT (-122.65058 47.55915),PUGET SOUND ENERGY INC,53035081400
1G1FZ6S01K,King,Kirkland,WA,98034,2019,CHEVROLET,BOLT EV,Battery Electric Vehicle (BEV),Clean Alternative Fuel Vehicle Eligible,238,45.0,310345241,POINT (-122.22901 47.72201),PUGET SOUND ENERGY INC||CITY OF TACOMA - (WA),53033021904
5YJ3E1EB6K,Pierce,Puyallup,WA,98373,2019,TESLA,MODEL 3,Battery Electric Vehicle (BEV),Clean Alternative Fuel Vehicle Eligible,220,25.0,477660676,POINT (-122.2988 47.13795),BONNEVILLE POWER ADMINISTRATION||CITY OF TACOMA - (WA)||PENINSULA LIGHT COMPANY,53053071206
KNDCS3LF3R,Whatcom,Bellingham,WA,98226,2024,KIA,NIRO,Plug-in Hybrid Electric Vehicle (PHEV),Clean Alternative Fuel Vehicle Eligible,33,42.0,268530685,POINT (-122.49756 48.7999),PUGET SOUND ENERGY INC||PUD NO 1 OF WHATCOM COUNTY,53073000101
1C4JJXP65M,Clark,Vancouver,WA,98662,2021,JEEP,WRANGLER,Plug-in Hybrid Electric Vehicle (PHEV),Not eligible due to low battery range,25,17.0,196796435,POINT (-122.57722 45.64251),BONNEVILLE POWER ADMINISTRATION||PUD NO 1 OF CLARK COUNTY - (WA),53011040709
5YJ3E1EB1L,King,Seattle,WA,98109,2020,TESLA,MODEL 3,Battery Electric Vehicle (BEV),Clean Alternative Fuel Vehicle Eligible,322,36.0,6418107,POINT (-122.35022 47.63824),CITY OF SEATTLE - (WA)|CITY OF TACOMA - (WA),53033006000
JN1AZ0CP2C,Spokane,Cheney,WA,99004,2012,NISSAN,LEAF,Battery Electric Vehicle (BEV),Clean Alternative Fuel Vehicle Eligible,73,6.0,7749549,POINT (-117.57445 47.48928),BONNEVILLE POWER ADMINISTRATION||AVISTA CORP||INLAND POWER & LIGHT COMPANY,53063014100
WP1AE2AYXL,King,Seattle,WA,98122,2020,PORSCHE,CAYENNE,Plug-in Hybrid Electric Vehicle (PHEV),Not eligible due to low battery range,14,37.0,152059596,POINT (-122.31009 47.60803),CITY OF SEATTLE - (WA)|CITY OF TACOMA - (WA),53033007800
7JRH60FJ5R,King,Seattle,WA,98121,2024,VOLVO,S60,Plug-in Hybrid Electric Vehicle (PHEV),Clean Alternative Fuel Vehicle Eligible,41,36.0,265143126,POINT (-122.34468 47.61578),CITY OF SEATTLE - (WA)|CITY OF TACOMA - (WA),53033007201
JTDKAMFP9M,King,Federal Way,WA,98003,2021,TOYOTA,PRIUS PRIME (PHEV),Plug-in Hybrid Electric Vehicle (PHEV),Not eligible due to low battery range,25,30.0,224608926,POINT (-122.3303 47.30151),PUGET SOUND ENERGY INC||CITY OF TACOMA - (WA),53033030203
5YJ3E1EA8J,Snohomish,Mountlake Terrace,WA,98043,2018,TESLA,MODEL 3,Battery Electric Vehicle (BEV),Clean Alternative Fuel Vehicle Eligible,215,1.0,194987852,POINT (-122.31111 47.78803),PUGET SOUND ENERGY INC,53061051301
KNDPYDDH5R,Pierce,Spanaway,WA,98387,2024,KIA,SPORTAGE,Plug-in Hybrid Electric Vehicle (PHEV),Clean Alternative Fuel Vehicle Eligible,34,28.0,290025830,POINT (-122.41046 47.06512),BONNEVILLE POWER ADMINISTRATION||CITY OF TACOMA - (WA)||PENINSULA LIGHT COMPANY,53053073114
5UXTS1C00M,King,Bellevue,WA,98004,2021,BMW,X3,Plug-in Hybrid Electric Vehicle (PHEV),Not eligible due to low battery range,17,41.0,167355982,POINT (-122.1872 47.61001),PUGET SOUND ENERGY INC||CITY OF TACOMA - (WA),53033023902
1N4AZ1CP8L,King,Seattle,WA,98133,2020,NISSAN,LEAF,Battery Electric Vehicle (BEV),Clean Alternative Fuel Vehicle Eligible,149,32.0,144224482,POINT (-122.33364 47.73709),CITY OF SEATTLE - (WA)|CITY OF TACOMA - (WA),53033000404
2C4RC1L72M,Mason,Shelton,WA,98584,2021,CHRYSLER,PACIFICA,Plug-in Hybrid Electric Vehicle (PHEV),Clean Alternative Fuel Vehicle Eligible,32,35.0,288009032,POINT (-123.10616 47.21253),BONNEVILLE POWER ADMINISTRATION||CITY OF TACOMA - (WA)||PUD NO 3 OF MASON COUNTY,53045961000
5YJSA1E26G,Lewis,Winlock,WA,98596,2016,TESLA,MODEL S,Battery Electric Vehicle (BEV),Clean Alternative Fuel Vehicle Eligible,210,20.0,122133749,POINT (-122.93881 46.49114),PUGET SOUND ENERGY INC||CITY OF TACOMA - (WA),53041971300
5UXTA6C07N,Snohomish,Edmonds,WA,98020,2022,BMW,X5,Plug-in Hybrid Electric Vehicle (PHEV),Clean Alternative Fuel Vehicle Eligible,30,32.0,283413511,POINT (-122.37689 47.81116),PUGET SOUND ENERGY INC,53061050502
KNDPZDDH6S,Pierce,Dupont,WA,98327,2025,KIA,SPORTAGE,Plug-in Hybrid Electric Vehicle (PHEV),Clean Alternative Fuel Vehicle Eligible,34,28.0,273913545,POINT (-122.62954 47.09583),PUGET SOUND ENERGY INC||CITY OF TACOMA - (WA),53053072802
KNDJP3AEXH,Clark,Battle Ground,WA,98604,2017,KIA,SOUL,Battery Electric Vehicle (BEV),Clean Alternative Fuel Vehicle Eligible,93,18.0,148679191,POINT (-122.5331 45.78092),BONNEVILLE POWER ADMINISTRATION||PUD NO 1 OF CLARK COUNTY - (WA),53011040414
5UXTS1C07L,King,Kirkland,WA,98033,2020,BMW,X3,Plug-in Hybrid Electric Vehicle (PHEV),Not eligible due to low battery range,17,48.0,109901123,POINT (-122.2066 47.67887),PUGET SOUND ENERGY INC||CITY OF TACOMA - (WA),53033022701
YV4BC0PL0G,Island,Camano Island,WA,98282,2016,VOLVO,XC90,Plug-in Hybrid Electric Vehicle (PHEV),Not eligible due to low battery range,13,10.0,2098246,POINT (-122.40049 48.23986),BONNEVILLE POWER ADMINISTRATION||PUD 1 OF SNOHOMISH COUNTY,53029971700
5YJSA1CN3D,Island,Oak Harbor,WA,98277,2013,TESLA,MODEL S,Battery Electric Vehicle (BEV),Clean Alternative Fuel Vehicle Eligible,208,10.0,219722086,POINT (-122.64682 48.29077),PUGET SOUND ENERGY INC,53029971000
1G1RA6S59J,King,Sammamish,WA,98074,2018,CHEVROLET,VOLT,Plug-in Hybrid Electric Vehicle (PHEV),Clean Alternative Fuel Vehicle Eligible,53,45.0,101333193,POINT (-122.02054 47.60326),PUGET SOUND ENERGY INC||CITY OF TACOMA - (WA),53033032318
5YJSA1E26G,King,Seattle,WA,98115,2016,TESLA,MODEL S,Battery Electric Vehicle (BEV),Clean Alternative Fuel Vehicle Eligible,210,46.0,177718908,POINT (-122.31676 47.68156),CITY OF SEATTLE - (WA)|CITY OF TACOMA - (WA),53033004301
5UXKT0C56H,King,Bellevue,WA,98008,2017,BMW,X5,Plug-in Hybrid Electric Vehicle (PHEV),Not eligible due to low battery range,14,48.0,349959424,POINT (-122.11867 47.63131),PUGET SOUND ENERGY INC||CITY OF TACOMA - (WA),53033023000
1C4RJYC67R,Kitsap,Bremerton,WA,98311,2024,JEEP,GRAND CHEROKEE,Plug-in Hybrid Electric Vehicle (PHEV),Not eligible due to low battery range,25,23.0,277874670,POINT (-122.60915 47.62631),PUGET SOUND ENERGY INC,53035091600
5YJSA1E24G,King,Kent,WA,98042,2016,TESLA,MODEL S,Battery Electric Vehicle (BEV),Clean Alternative Fuel Vehicle Eligible,210,47.0,208728334,POINT (-122.10798 47.37124),PUGET SOUND ENERGY INC||CITY OF TACOMA - (WA),53033031204
JHMZC5F12J,King,Renton,WA,98058,2018,HONDA,CLARITY,Plug-in Hybrid Electric Vehicle (PHEV),Clean Alternative Fuel Vehicle Eligible,47,47.0,348216501,POINT (-122.08747 47.4466),PUGET SOUND ENERGY INC||CITY OF TACOMA - (WA),53033031909
1G1RA6E44D,Snohomish,Everett,WA,98208,2013,CHEVROLET,VOLT,Plug-in Hybrid Electric Vehicle (PHEV),Clean Alternative Fuel Vehicle Eligible,38,44.0,220849380,POINT (-122.18637 47.89251),PUGET SOUND ENERGY INC,53061041701
1C4JJXN60P,Clark,Vancouver,WA,98686,2023,JEEP,WRANGLER,Plug-in Hybrid Electric Vehicle (PHEV),Not eligible due to low battery range,21,49.0,236676639,POINT (-122.62731 45.71668),BONNEVILLE POWER ADMINISTRATION||PUD NO 1 OF CLARK COUNTY - (WA),53011040803
5UXTA6C08N,San Juan,Friday Harbor,WA,98250,2022,BMW,X5,Plug-in Hybrid Electric Vehicle (PHEV),Clean Alternative Fuel Vehicle Eligible,30,40.0,200658615,POINT (-123.01648 48.53448),BONNEVILLE POWER ADMINISTRATION||ORCAS POWER & LIGHT COOP,53055960302
5YJ3E1EA2J,Clark,Camas,WA,98607,2018,TESLA,MODEL 3,Battery Electric Vehicle (BEV),Clean Alternative Fuel Vehicle Eligible,215,18.0,211566477,POINT (-122.40199 45.58694),BONNEVILLE POWER ADMINISTRATION||PUD NO 1 OF CLARK COUNTY - (WA),53011040603
JTDKN3DP1D,King,Seattle,WA,98133,2013,TOYOTA,PRIUS,Plug-in Hybrid Electric Vehicle (PHEV),Not eligible due to low battery range,6,46.0,271738274,POINT (-122.33364 47.73709),CITY OF SEATTLE - (WA)|CITY OF TACOMA - (WA),53033001201
JTMFB3FV2R,Clallam,Port Angeles,WA,98362,2024,TOYOTA,RAV4 PRIME (PHEV),Plug-in Hybrid Electric Vehicle (PHEV),Clean Alternative Fuel Vehicle Eligible,42,24.0,263318422,POINT (-123.43112 48.11892),BONNEVILLE POWER ADMINISTRATION||CITY OF PORT ANGELES - (WA),53009001100
JHMZC5F30J,King,Duvall,WA,98019,2018,HONDA,CLARITY,Plug-in Hybrid Electric Vehicle (PHEV),Clean Alternative Fuel Vehicle Eligible,47,45.0,335110709,POINT (-121.98609 47.74068),PUGET SOUND ENERGY INC||CITY OF TACOMA - (WA),53033032402
ZACPDFCW5R,King,Tukwila,WA,98188,2024,DODGE,HORNET,Plug-in Hybrid Electric Vehicle (PHEV),Clean Alternative Fuel Vehicle Eligible,32,11.0,261487992,POINT (-122.27979 47.44952),PUGET SOUND ENERGY INC||CITY OF TACOMA - (WA),53033028200
KNDRJDJHXS,King,Seattle,WA,98146,2025,KIA,SORENTO,Plug-in Hybrid Electric Vehicle (PHEV),Clean Alternative Fuel Vehicle Eligible,30,34.0,282943370,POINT (-122.36322 47.49736),CITY OF SEATTLE - (WA)|CITY OF TACOMA - (WA),53033026700
ZACPDFCW7R,King,Tukwila,WA,98188,2024,DODGE,HORNET,Plug-in Hybrid Electric Vehicle (PHEV),Clean Alternative Fuel Vehicle Eligible,32,11.0,264682967,POINT (-122.27979 47.44952),PUGET SOUND ENERGY INC||CITY OF TACOMA - (WA),53033028200
3FA6P0SUXK,Thurston,Olympia,WA,98501,2019,FORD,FUSION,Plug-in Hybrid Electric Vehicle (PHEV),Not eligible due to low battery range,26,22.0,295793900,POINT (-122.89165 47.03954),PUGET SOUND ENERGY INC,53067011200
1C4JJXR61P,Chelan,Leavenworth,WA,98826,2023,JEEP,WRANGLER,Plug-in Hybrid Electric Vehicle (PHEV),Not eligible due to low battery range,21,12.0,236098852,POINT (-120.65754 47.5982),PUD NO 1 OF CHELAN COUNTY,53007960201
1C4RJXN67S,King,Auburn,WA,98092,2025,JEEP,WRANGLER,Plug-in Hybrid Electric Vehicle (PHEV),Not eligible due to low battery range,21,47.0,285961105,POINT (-122.18262 47.31825),PUGET SOUND ENERGY INC||CITY OF TACOMA - (WA),53033031206
JTMEB3FV1R,Snohomish,Bothell,WA,98021,2024,TOYOTA,RAV4 PRIME (PHEV),Plug-in Hybrid Electric Vehicle (PHEV),Clean Alternative Fuel Vehicle Eligible,42,1.0,273867611,POINT (-122.18384 47.8031),PUGET SOUND ENERGY INC,53061051918
1FADP5CU7D,King,Seattle,WA,98144,2013,FORD,C-MAX,Plug-in Hybrid Electric Vehicle (PHEV),Not eligible due to low battery range,19,37.0,289256929,POINT (-122.30866 47.57874),CITY OF SEATTLE - (WA)|CITY OF TACOMA - (WA),53033008900
1N4AZ0CP0D,Snohomish,Everett,WA,98203,2013,NISSAN,LEAF,Battery Electric Vehicle (BEV),Clean Alternative Fuel Vehicle Eligible,75,38.0,241246778,POINT (-122.23019 47.94949),PUGET SOUND ENERGY INC,53061041304
KNDPYDDH4R,King,Seattle,WA,98116,2024,KIA,SPORTAGE,Plug-in Hybrid Electric Vehicle (PHEV),Clean Alternative Fuel Vehicle Eligible,34,34.0,272365481,POINT (-122.41067 47.57894),CITY OF SEATTLE - (WA)|CITY OF TACOMA - (WA),53033009600
5YJXCAE40J,King,Auburn,WA,98002,2018,TESLA,MODEL X,Battery Electric Vehicle (BEV),Clean Alternative Fuel Vehicle Eligible,238,31.0,282790770,POINT (-122.2229 47.307),PUGET SOUND ENERGY INC||CITY OF TACOMA - (WA),53033030802
5YJ3E1EB6K,Snohomish,Lynnwood,WA,98037,2019,TESLA,MODEL 3,Battery Electric Vehicle (BEV),Clean Alternative Fuel Vehicle Eligible,220,32.0,255962661,POINT (-122.27734 47.83785),PUGET SOUND ENERGY INC,53061051702
5YJXCAE25G,Pierce,Puyallup,WA,98374,2016,TESLA,MODEL X,Battery Electric Vehicle (BEV),Clean Alternative Fuel Vehicle Eligible,200,25.0,283381381,POINT (-122.27504 47.13926),PUGET SOUND ENERGY INC||CITY OF TACOMA - (WA),53053071212
WBY2Z6C57K,Snohomish,Mukilteo,WA,98275,2019,BMW,I8,Plug-in Hybrid Electric Vehicle (PHEV),Not eligible due to low battery range,17,21.0,168525983,POINT (-122.29196 47.89908),PUGET SOUND ENERGY INC,53061041301
JTDACACU3R,Island,Langley,WA,98260,2024,TOYOTA,PRIUS PRIME (PHEV),Plug-in Hybrid Electric Vehicle (PHEV),Clean Alternative Fuel Vehicle Eligible,39,10.0,273556384,POINT (-122.40618 48.0399),PUGET SOUND ENERGY INC,53029972000
5YJ3E1EB6J,Kittitas,Ellensburg,WA,98926,2018,TESLA,MODEL 3,Battery Electric Vehicle (BEV),Clean Alternative Fuel Vehicle Eligible,215,13.0,277616349,POINT (-120.54872 46.99703),PUGET SOUND ENERGY INC,53037975203
YV4H60CE3R,King,Kirkland,WA,98033,2024,VOLVO,XC90,Plug-in Hybrid Electric Vehicle (PHEV),Clean Alternative Fuel Vehicle Eligible,32,48.0,254681584,POINT (-122.2066 47.67887),PUGET SOUND ENERGY INC||CITY OF TACOMA - (WA),53033022501
5UXTA6C03N,King,Kent,WA,98030,2022,BMW,X5,Plug-in Hybrid Electric Vehicle (PHEV),Clean Alternative Fuel Vehicle Eligible,30,47.0,260111372,POINT (-122.19975 47.37483),PUGET SOUND ENERGY INC||CITY OF TACOMA - (WA),53033029603
1G1FX6S07H,King,Shoreline,WA,98155,2017,CHEVROLET,BOLT EV,Battery Electric Vehicle (BEV),Clean Alternative Fuel Vehicle Eligible,238,32.0,278524011,POINT (-122.30304 47.75494),CITY OF SEATTLE - (WA)|CITY OF TACOMA - (WA),53033021000
WP1AE2AY2S,Island,Langley,WA,98260,2025,PORSCHE,CAYENNE,Plug-in Hybrid Electric Vehicle (PHEV),Not eligible due to low battery range,29,10.0,285444162,POINT (-122.40618 48.0399),PUGET SOUND ENERGY INC,53029972000
1N4AZ0CP8F,Snohomish,Lynnwood,WA,98037,2015,NISSAN,LEAF,Battery Electric Vehicle (BEV),Clean Alternative Fuel Vehicle Eligible,84,32.0,208803808,POINT (-122.27734 47.83785),PUGET SOUND ENERGY INC,53061051602
1N4BZ0CP3G,Clark,Brush Prairie,WA,98606,2016,NISSAN,LEAF,Battery Electric Vehicle (BEV),Clean Alternative Fuel Vehicle Eligible,84,18.0,198601553,POINT (-122.54578 45.73473),BONNEVILLE POWER ADMINISTRATION||PUD NO 1 OF CLARK COUNTY - (WA),53011040505
1C4RJYB67P,Benton,Kennewick,WA,99338,2023,JEEP,GRAND CHEROKEE,Plug-in Hybrid Electric Vehicle (PHEV),Not eligible due to low battery range,25,8.0,279152646,POINT (-119.3118 46.20665),BONNEVILLE POWER ADMINISTRATION||PUD NO 1 OF BENTON COUNTY,53005010815
5LMTJ5DZ5R,Spokane,Spokane Valley,WA,99216,2024,LINCOLN,CORSAIR,Plug-in Hybrid Electric Vehicle (PHEV),Not eligible due to low battery range,28,4.0,274853995,POINT (-117.18917 47.67176),BONNEVILLE POWER ADMINISTRATION||AVISTA CORP||INLAND POWER & LIGHT COMPANY,53063011702
JTDKARFP5J,Kitsap,Bremerton,WA,98310,2018,TOYOTA,PRIUS PRIME (PHEV),Plug-in Hybrid Electric Vehicle (PHEV),Not eligible due to low battery range,25,23.0,250438415,POINT (-122.61136 47.5752),PUGET SOUND ENERGY INC,53035080101
5YJSA1E29G,Snohomish,Lake Stevens,WA,98258,2016,TESLA,MODEL S,Battery Electric Vehicle (BEV),Clean Alternative Fuel Vehicle Eligible,210,44.0,139822287,POINT (-122.06402 48.01497),PUGET SOUND ENERGY INC,53061052605
1G1RC6S5XH,Thurston,Lacey,WA,98503,2017,CHEVROLET,VOLT,Plug-in Hybrid Electric Vehicle (PHEV),Clean Alternative Fuel Vehicle Eligible,53,22.0,247322806,POINT (-122.82324 47.04437),PUGET SOUND ENERGY INC,53067011300
5YJXCBE45H,King,Bellevue,WA,98004,2017,TESLA,MODEL X,Battery Electric Vehicle (BEV),Clean Alternative Fuel Vehicle Eligible,200,48.0,199399686,POINT (-122.1872 47.61001),PUGET SOUND ENERGY INC||CITY OF TACOMA - (WA),53033024002
5YJYGDEE8L,King,Sammamish,WA,98075,2020,TESLA,MODEL Y,Battery Electric Vehicle (BEV),Clean Alternative Fuel Vehicle Eligible,291,41.0,121896666,POINT (-122.03539 47.61344),PUGET SOUND ENERGY INC||CITY OF TACOMA - (WA),53033032215
5YJ3E1EA1L,King,Seattle,WA,98125,2020,TESLA,MODEL 3,Battery Electric Vehicle (BEV),Clean Alternative Fuel Vehicle Eligible,266,46.0,104304980,POINT (-122.30253 47.72656),CITY OF SEATTLE - (WA)|CITY OF TACOMA - (WA),53033000800
1G1RA6E49D,King,Bellevue,WA,98007,2013,CHEVROLET,VOLT,Plug-in Hybrid Electric Vehicle (PHEV),Clean Alternative Fuel Vehicle Eligible,38,48.0,301845351,POINT (-122.12056 47.61334),PUGET SOUND ENERGY INC||CITY OF TACOMA - (WA),53033022804
5YJYGDEE1L,Pierce,Buckley,WA,98321,2020,TESLA,MODEL Y,Battery Electric Vehicle (BEV),Clean Alternative Fuel Vehicle Eligible,291,31.0,267592825,POINT (-122.02523 47.16299),PUGET SOUND ENERGY INC||CITY OF TACOMA - (WA),53053070311
1FADP5CU0G,Spokane,Spokane Valley,WA,99216,2016,FORD,C-MAX,Plug-in Hybrid Electric Vehicle (PHEV),Not eligible due to low battery range,19,4.0,170101501,POINT (-117.18917 47.67176),BONNEVILLE POWER ADMINISTRATION||AVISTA CORP||INLAND POWER & LIGHT COMPANY,53063012701
1FADP5CUXF,King,Seattle,WA,98177,2015,FORD,C-MAX,Plug-in Hybrid Electric Vehicle (PHEV),Not eligible due to low battery range,19,36.0,132052924,POINT (-122.37238 47.74068),CITY OF SEATTLE - (WA)|CITY OF TACOMA - (WA),53033001400
5YJSA1CN8D,King,Woodinville,WA,98072,2013,TESLA,MODEL S,Battery Electric Vehicle (BEV),Clean Alternative Fuel Vehicle Eligible,208,45.0,214482425,POINT (-122.15545 47.75448),PUGET SOUND ENERGY INC||CITY OF TACOMA - (WA),53033032327
WP0AB2Y16L,Mason,Hoodsport,WA,98548,2020,PORSCHE,TAYCAN,Battery Electric Vehicle (BEV),Clean Alternative Fuel Vehicle Eligible,203,35.0,144872822,POINT (-123.14135 47.40639),BONNEVILLE POWER ADMINISTRATION||CITY OF TACOMA - (WA)||PUD NO 3 OF MASON COUNTY,53045960100
JTMAB3FV6S,King,Seattle,WA,98112,2025,TOYOTA,RAV4 PRIME (PHEV),Plug-in Hybrid Electric Vehicle (PHEV),Clean Alternative Fuel Vehicle Eligible,42,43.0,282371183,POINT (-122.30207 47.64085),CITY OF SEATTLE - (WA)|CITY OF TACOMA - (WA),53033006300
JM3KKDHA7R,Snohomish,Edmonds,WA,98020,2024,MAZDA,CX-90,Plug-in Hybrid Electric Vehicle (PHEV),Not eligible due to low battery range,26,21.0,267645003,POINT (-122.37689 47.81116),PUGET SOUND ENERGY INC,53061050403
YV4BC0PM8H,Jefferson,Port Townsend,WA,98368,2017,VOLVO,XC90,Plug-in Hybrid Electric Vehicle (PHEV),Not eligible due to low battery range,14,24.0,216923318,POINT (-122.77263 48.1212),BONNEVILLE POWER ADMINISTRATION||PUGET SOUND ENERGY INC||PUD NO 1 OF JEFFERSON COUNTY,53031950604
JTMAB3FV5R,Whatcom,Bellingham,WA,98229,2024,TOYOTA,RAV4 PRIME (PHEV),Plug-in Hybrid Electric Vehicle (PHEV),Clean Alternative Fuel Vehicle Eligible,42,40.0,267163872,POINT (-122.45486 48.7449),PUGET SOUND ENERGY INC||PUD NO 1 OF WHATCOM COUNTY,53073000904
JTDKARFP6J,King,Seattle,WA,98125,2018,TOYOTA,PRIUS PRIME (PHEV),Plug-in Hybrid Electric Vehicle (PHEV),Not eligible due to low battery range,25,46.0,122110054,POINT (-122.30253 47.72656),CITY OF SEATTLE - (WA)|CITY OF TACOMA - (WA),53033002200
KM8K33AG7K,Kitsap,Poulsbo,WA,98370,2019,HYUNDAI,KONA,Battery Electric Vehicle (BEV),Clean Alternative Fuel Vehicle Eligible,258,23.0,237837414,POINT (-122.64681 47.73689),PUGET SOUND ENERGY INC,53035091100
5YJ3E1EB5J,King,Bothell,WA,98011,2018,TESLA,MODEL 3,Battery Electric Vehicle (BEV),Clean Alternative Fuel Vehicle Eligible,215,1.0,474917978,POINT (-122.20563 47.76144),PUGET SOUND ENERGY INC||CITY OF TACOMA - (WA),53033021804
5YJ3E1EB6J,King,Seattle,WA,98125,2018,TESLA,MODEL 3,Battery Electric Vehicle (BEV),Clean Alternative Fuel Vehicle Eligible,215,46.0,475503871,POINT (-122.30253 47.72656),CITY OF SEATTLE - (WA)|CITY OF TACOMA - (WA),53033000900
5YJXCBE22J,King,Burien,WA,98168,2018,TESLA,MODEL X,Battery Electric Vehicle (BEV),Clean Alternative Fuel Vehicle Eligible,238,34.0,127075728,POINT (-122.29411 47.48924),CITY OF SEATTLE - (WA)|CITY OF TACOMA - (WA),53033027000
KNDCS3LF3R,King,Seattle,WA,98115,2024,KIA,NIRO,Plug-in Hybrid Electric Vehicle (PHEV),Clean Alternative Fuel Vehicle Eligible,33,46.0,260580897,POINT (-122.31676 47.68156),CITY OF SEATTLE - (WA)|CITY OF TACOMA - (WA),53033002000
JTDKARFP9L,King,Seattle,WA,98119,2020,TOYOTA,PRIUS PRIME (PHEV),Plug-in Hybrid Electric Vehicle (PHEV),Not eligible due to low battery range,25,36.0,199364819,POINT (-122.3684 47.64586),CITY OF SEATTLE - (WA)|CITY OF TACOMA - (WA),53033007101
YV4BR0CL1L,King,Bellevue,WA,98004,2020,VOLVO,XC90,Plug-in Hybrid Electric Vehicle (PHEV),Not eligible due to low battery range,18,48.0,109098153,POINT (-122.1872 47.61001),PUGET SOUND ENERGY INC||CITY OF TACOMA - (WA),53033024001
WVWPP7AU4F,Clark,Vancouver,WA,98684,2015,VOLKSWAGEN,E-GOLF,Battery Electric Vehicle (BEV),Clean Alternative Fuel Vehicle Eligible,83,17.0,133562215,POINT (-122.48723 45.63701),BONNEVILLE POWER ADMINISTRATION||PUD NO 1 OF CLARK COUNTY - (WA),53011041337
KNDRMDLH4P,King,Bellevue,WA,98006,2023,KIA,SORENTO,Plug-in Hybrid Electric Vehicle (PHEV),Clean Alternative Fuel Vehicle Eligible,32,41.0,231166624,POINT (-122.12096 47.55584),PUGET SOUND ENERGY INC||CITY OF TACOMA - (WA),53033024902
5YJ3E1EA2J,Pierce,Lake Tapps,WA,98391,2018,TESLA,MODEL 3,Battery Electric Vehicle (BEV),Clean Alternative Fuel Vehicle Eligible,215,31.0,187226042,POINT (-122.17144 47.19175),PUGET SOUND ENERGY INC||CITY OF TACOMA - (WA),53053070314
YV4H60PGXS,Snohomish,Bothell,WA,98012,2025,VOLVO,XC90,Plug-in Hybrid Electric Vehicle (PHEV),Clean Alternative Fuel Vehicle Eligible,32,1.0,279113586,POINT (-122.20105 47.84423),PUGET SOUND ENERGY INC,53061052107
WBY1Z4C52E,Kitsap,Port Orchard,WA,98367,2014,BMW,I3,Plug-in Hybrid Electric Vehicle (PHEV),Clean Alternative Fuel Vehicle Eligible,72,26.0,248412517,POINT (-122.68471 47.50524),PUGET SOUND ENERGY INC,53035092902
LPSED3KA3M,King,Seattle,WA,98133,2021,POLESTAR,PS2,Battery Electric Vehicle (BEV),Clean Alternative Fuel Vehicle Eligible,233,46.0,279104913,POINT (-122.33364 47.73709),CITY OF SEATTLE - (WA)|CITY OF TACOMA - (WA),53033000602
5YJSA1E20L,King,Seattle,WA,98112,2020,TESLA,MODEL S,Battery Electric Vehicle (BEV),Clean Alternative Fuel Vehicle Eligible,330,43.0,6312883,POINT (-122.30207 47.64085),CITY OF SEATTLE - (WA)|CITY OF TACOMA - (WA),53033006300
JA4T5UA90P,Snohomish,Everett,WA,98208,2023,MITSUBISHI,OUTLANDER,Plug-in Hybrid Electric Vehicle (PHEV),Clean Alternative Fuel Vehicle Eligible,38,44.0,236452681,POINT (-122.18637 47.89251),PUGET SOUND ENERGY INC,53061041609
JTJCJMGA3S,Klickitat,White Salmon,WA,98672,2025,LEXUS,RX,Plug-in Hybrid Electric Vehicle (PHEV),Clean Alternative Fuel Vehicle Eligible,37,14.0,278880423,POINT (-121.48704 45.72776),BONNEVILLE POWER ADMINISTRATION||PUD NO 1 OF KLICKITAT COUNTY,53039950301
WA1E2AFY1P,Pierce,University Place,WA,98466,2023,AUDI,Q5 E,Plug-in Hybrid Electric Vehicle (PHEV),Not eligible due to low battery range,23,28.0,236688875,POINT (-122.53781 47.23075),BONNEVILLE POWER ADMINISTRATION||CITY OF TACOMA - (WA)||PENINSULA LIGHT COMPANY,53053072309
YV4H60CF9R,Pierce,Tacoma,WA,98422,2024,VOLVO,XC90,Plug-in Hybrid Electric Vehicle (PHEV),Clean Alternative Fuel Vehicle Eligible,32,27.0,267148346,POINT (-122.37683 47.28642),BONNEVILLE POWER ADMINISTRATION||CITY OF TACOMA - (WA)||PENINSULA LIGHT COMPANY,53053940011
JTDKARFP9K,King,Seattle,WA,98102,2019,TOYOTA,PRIUS PRIME (PHEV),Plug-in Hybrid Electric Vehicle (PHEV),Not eligible due to low battery range,25,43.0,277706544,POINT (-122.32427 47.63433),CITY OF SEATTLE - (WA)|CITY OF TACOMA - (WA),53033007501
5YJXCAE47J,Clark,Ridgefield,WA,98642,2018,TESLA,MODEL X,Battery Electric Vehicle (BEV),Clean Alternative Fuel Vehicle Eligible,238,17.0,259161080,POINT (-122.74595 45.81539),BONNEVILLE POWER ADMINISTRATION||PUD NO 1 OF CLARK COUNTY - (WA),53011040412
WBA8E1C3XH,Island,Camano Island,WA,98282,2017,BMW,330E,Plug-in Hybrid Electric Vehicle (PHEV),Not eligible due to low battery range,14,10.0,189943561,POINT (-122.40049 48.23986),BONNEVILLE POWER ADMINISTRATION||PUD 1 OF SNOHOMISH COUNTY,53029971400
3C3CFFGE9H,Pierce,Puyallup,WA,98371,2017,FIAT,500,Battery Electric Vehicle (BEV),Clean Alternative Fuel Vehicle Eligible,84,25.0,2291894,POINT (-122.29521 47.19045),PUGET SOUND ENERGY INC||CITY OF TACOMA - (WA),53053073404
1N4AZ0CPXE,Pierce,Tacoma,WA,98445,2014,NISSAN,LEAF,Battery Electric Vehicle (BEV),Clean Alternative Fuel Vehicle Eligible,84,29.0,235929739,POINT (-122.40872 47.16568),BONNEVILLE POWER ADMINISTRATION||CITY OF TACOMA - (WA)||PENINSULA LIGHT COMPANY,53053071412
5YJYGDEF0L,King,Issaquah,WA,98027,2020,TESLA,MODEL Y,Battery Electric Vehicle (BEV),Clean Alternative Fuel Vehicle Eligible,291,41.0,112391660,POINT (-122.03439 47.5301),PUGET SOUND ENERGY INC||CITY OF TACOMA - (WA),53033032103
5YJ3E1ECXL,King,Seattle,WA,98178,2020,TESLA,MODEL 3,Battery Electric Vehicle (BEV),Clean Alternative Fuel Vehicle Eligible,308,37.0,2017606,POINT (-122.25031 47.49481),PUGET SOUND ENERGY INC||CITY OF TACOMA - (WA),53033011902
5YJXCBE45G,Chelan,Wenatchee,WA,98801,2016,TESLA,MODEL X,Battery Electric Vehicle (BEV),Clean Alternative Fuel Vehicle Eligible,200,12.0,109933932,POINT (-120.30521 47.41493),PUD NO 1 OF CHELAN COUNTY,53007960700
JTDKARFP2H,King,Redmond,WA,98052,2017,TOYOTA,PRIUS PRIME (PHEV),Plug-in Hybrid Electric Vehicle (PHEV),Not eligible due to low battery range,25,48.0,219719027,POINT (-122.13158 47.67858),PUGET SOUND ENERGY INC||CITY OF TACOMA - (WA),53033032325
5YJ3E1EB6J,King,Kent,WA,98042,2018,TESLA,MODEL 3,Battery Electric Vehicle (BEV),Clean Alternative Fuel Vehicle Eligible,215,47.0,280018245,POINT (-122.10798 47.37124),PUGET SOUND ENERGY INC||CITY OF TACOMA - (WA),53033031800
1C4JJXP60N,Pierce,Milton,WA,98354,2022,JEEP,WRANGLER,Plug-in Hybrid Electric Vehicle (PHEV),Not eligible due to low battery range,21,30.0,280932697,POINT (-122.32172 47.24898),BONNEVILLE POWER ADMINISTRATION||CITY OF MILTON - (WA)|CITY OF TACOMA - (WA),53053070703
KNDCC3LG8K,King,Renton,WA,98055,2019,KIA,NIRO,Battery Electric Vehicle (BEV),Clean Alternative Fuel Vehicle Eligible,239,11.0,101913857,POINT (-122.19488 47.44035),PUGET SOUND ENERGY INC||CITY OF TACOMA - (WA),53033029308
3C3CFFGE2F,King,Seattle,WA,98178,2015,FIAT,500,Battery Electric Vehicle (BEV),Clean Alternative Fuel Vehicle Eligible,87,37.0,259669259,POINT (-122.25031 47.49481),CITY OF SEATTLE - (WA)|CITY OF TACOMA - (WA),53033011901
JTMFB3FV7S,Benton,Kennewick,WA,99336,2025,TOYOTA,RAV4 PRIME (PHEV),Plug-in Hybrid Electric Vehicle (PHEV),Clean Alternative Fuel Vehicle Eligible,42,8.0,285740066,POINT (-119.11698 46.20837),BONNEVILLE POWER ADMINISTRATION||PUD NO 1 OF BENTON COUNTY,53005010809
1G1FZ6S03L,King,Seattle,WA,98125,2020,CHEVROLET,BOLT EV,Battery Electric Vehicle (BEV),Clean Alternative Fuel Vehicle Eligible,259,46.0,275142542,POINT (-122.30253 47.72656),CITY OF SEATTLE - (WA)|CITY OF TACOMA - (WA),53033001202
5YJXCBE28L,Lewis,Chehalis,WA,98532,2020,TESLA,MODEL X,Battery Electric Vehicle (BEV),Clean Alternative Fuel Vehicle Eligible,293,20.0,304294784,POINT (-122.96462 46.6621),PUGET SOUND ENERGY INC||CITY OF TACOMA - (WA),53041970800
1G1FZ6S07K,Pierce,Lakebay,WA,98349,2019,CHEVROLET,BOLT EV,Battery Electric Vehicle (BEV),Clean Alternative Fuel Vehicle Eligible,238,26.0,4779358,POINT (-122.75746 47.25124),BONNEVILLE POWER ADMINISTRATION||CITY OF TACOMA - (WA)||PENINSULA LIGHT COMPANY,53053072602
5UXTA6C04N,King,Bellevue,WA,98006,2022,BMW,X5,Plug-in Hybrid Electric Vehicle (PHEV),Clean Alternative Fuel Vehicle Eligible,30,41.0,202280109,POINT (-122.12096 47.55584),PUGET SOUND ENERGY INC||CITY OF TACOMA - (WA),53033024704
1G1RA6S58J,Whatcom,Bellingham,WA,98226,2018,CHEVROLET,VOLT,Plug-in Hybrid Electric Vehicle (PHEV),Clean Alternative Fuel Vehicle Eligible,53,42.0,1533997,POINT (-122.49756 48.7999),PUGET SOUND ENERGY INC||PUD NO 1 OF WHATCOM COUNTY,53073010702
1G1RC6S52H,Kitsap,Kingston,WA,98346,2017,CHEVROLET,VOLT,Plug-in Hybrid Electric Vehicle (PHEV),Clean Alternative Fuel Vehicle Eligible,53,23.0,127431398,POINT (-122.4977 47.79802),PUGET SOUND ENERGY INC,53035090102
2C4RC1S79R,Lewis,Centralia,WA,98531,2024,CHRYSLER,PACIFICA,Plug-in Hybrid Electric Vehicle (PHEV),Clean Alternative Fuel Vehicle Eligible,32,20.0,254775902,POINT (-122.95266 46.72895),BONNEVILLE POWER ADMINISTRATION||CITY OF CENTRALIA - (WA)|CITY OF TACOMA - (WA),53041970700
5YJ3E1EA7L,Clark,Vancouver,WA,98682,2020,TESLA,MODEL 3,Battery Electric Vehicle (BEV),Clean Alternative Fuel Vehicle Eligible,266,17.0,273165021,POINT (-122.55149 45.69345),BONNEVILLE POWER ADMINISTRATION||PUD NO 1 OF CLARK COUNTY - (WA),53011040713
YV4H60RM3S,Spokane,Spokane,WA,99201,2025,VOLVO,XC60,Plug-in Hybrid Electric Vehicle (PHEV),Clean Alternative Fuel Vehicle Eligible,35,3.0,278728705,POINT (-117.41162 47.65726),MODERN ELECTRIC WATER COMPANY,53063002300
1N4AZ0CP8D,King,Seattle,WA,98125,2013,NISSAN,LEAF,Battery Electric Vehicle (BEV),Clean Alternative Fuel Vehicle Eligible,75,46.0,214985389,POINT (-122.30253 47.72656),CITY OF SEATTLE - (WA)|CITY OF TACOMA - (WA),53033001100
KM8JBDD26R,King,Redmond,WA,98053,2024,HYUNDAI,TUCSON,Plug-in Hybrid Electric Vehicle (PHEV),Clean Alternative Fuel Vehicle Eligible,33,45.0,274423628,POINT (-122.03287 47.68555),PUGET SOUND ENERGY INC||CITY OF TACOMA - (WA),53033032332
1C4RJYB63P,King,Seattle,WA,98117,2023,JEEP,GRAND CHEROKEE,Plug-in Hybrid Electric Vehicle (PHEV),Not eligible due to low battery range,25,36.0,252505837,POINT (-122.38418 47.70044),CITY OF SEATTLE - (WA)|CITY OF TACOMA - (WA),53033003202
ZACPDFCW7R,King,Tukwila,WA,98188,2024,DODGE,HORNET,Plug-in Hybrid Electric Vehicle (PHEV),Clean Alternative Fuel Vehicle Eligible,32,11.0,260131679,POINT (-122.27979 47.44952),PUGET SOUND ENERGY INC||CITY OF TACOMA - (WA),53033028200
SADHD2S17K,Clark,Vancouver,WA,98662,2019,JAGUAR,I-PACE,Battery Electric Vehicle (BEV),Clean Alternative Fuel Vehicle Eligible,234,17.0,202948756,POINT (-122.57722 45.64251),BONNEVILLE POWER ADMINISTRATION||PUD NO 1 OF CLARK COUNTY - (WA),53011040703
W1NKM5GB7S,King,Shoreline,WA,98177,2025,MERCEDES-BENZ,GLC-CLASS,Plug-in Hybrid Electric Vehicle (PHEV),Clean Alternative Fuel Vehicle Eligible,54,32.0,277033830,POINT (-122.37238 47.74068),CITY OF SEATTLE - (WA)|CITY OF TACOMA - (WA),53033020800
WVWPP7AU9G,King,Seattle,WA,98122,2016,VOLKSWAGEN,E-GOLF,Battery Electric Vehicle (BEV),Clean Alternative Fuel Vehicle Eligible,83,37.0,477856284,POINT (-122.31009 47.60803),CITY OF SEATTLE - (WA)|CITY OF TACOMA - (WA),53033008800
WVWPR7AU0K,King,Seattle,WA,98125,2019,VOLKSWAGEN,E-GOLF,Battery Electric Vehicle (BEV),Clean Alternative Fuel Vehicle Eligible,125,46.0,128517966,POINT (-122.30253 47.72656),CITY OF SEATTLE - (WA)|CITY OF TACOMA - (WA),53033000700
W1KLF6DB0T,King,Seattle,WA,98116,2026,MERCEDES-BENZ,E-CLASS,Plug-in Hybrid Electric Vehicle (PHEV),Clean Alternative Fuel Vehicle Eligible,43,34.0,288875233,POINT (-122.41067 47.57894),CITY OF SEATTLE - (WA)|CITY OF TACOMA - (WA),53033009600
1C4RJYB64P,King,Seattle,WA,98144,2023,JEEP,GRAND CHEROKEE,Plug-in Hybrid Electric Vehicle (PHEV),Not eligible due to low battery range,25,37.0,244657591,POINT (-122.30866 47.57874),CITY OF SEATTLE - (WA)|CITY OF TACOMA - (WA),53033010002
5YJ3E1EB1L,Whatcom,Ferndale,WA,98248,2020,TESLA,MODEL 3,Battery Electric Vehicle (BEV),Clean Alternative Fuel Vehicle Eligible,322,42.0,218035401,POINT (-122.5945 48.84787),PUGET SOUND ENERGY INC||PUD NO 1 OF WHATCOM COUNTY,53073010504
WBY1Z8C37H,King,Kent,WA,98030,2017,BMW,I3,Plug-in Hybrid Electric Vehicle (PHEV),Clean Alternative Fuel Vehicle Eligible,97,33.0,185933254,POINT (-122.19975 47.37483),PUGET SOUND ENERGY INC||CITY OF TACOMA - (WA),53033029702
JTDKN3DP8C,Kitsap,Port Orchard,WA,98367,2012,TOYOTA,PRIUS,Plug-in Hybrid Electric Vehicle (PHEV),Not eligible due to low battery range,6,26.0,202295257,POINT (-122.68471 47.50524),PUGET SOUND ENERGY INC,53035092802
KNDCC3LG3K,King,Seattle,WA,98125,2019,KIA,NIRO,Battery Electric Vehicle (BEV),Clean Alternative Fuel Vehicle Eligible,239,46.0,476697945,POINT (-122.30253 47.72656),CITY OF SEATTLE - (WA)|CITY OF TACOMA - (WA),53033000800
YV4H60JE1S,Whatcom,Bellingham,WA,98226,2025,VOLVO,XC90,Plug-in Hybrid Electric Vehicle (PHEV),Clean Alternative Fuel Vehicle Eligible,32,42.0,280568046,POINT (-122.49756 48.7999),PUGET SOUND ENERGY INC||PUD NO 1 OF WHATCOM COUNTY,53073000102
3C3CFFGE6G,Clark,Ridgefield,WA,98642,2016,FIAT,500,Battery Electric Vehicle (BEV),Clean Alternative Fuel Vehicle Eligible,84,17.0,218289641,POINT (-122.74595 45.81539),BONNEVILLE POWER ADMINISTRATION||PUD NO 1 OF CLARK COUNTY - (WA),53011040409
ZACPDFCW3R,King,Tukwila,WA,98188,2024,DODGE,HORNET,Plug-in Hybrid Electric Vehicle (PHEV),Clean Alternative Fuel Vehicle Eligible,32,11.0,262083349,POINT (-122.27979 47.44952),PUGET SOUND ENERGY INC||CITY OF TACOMA - (WA),53033028200
ZACPDFCW6R,King,Tukwila,WA,98188,2024,DODGE,HORNET,Plug-in Hybrid Electric Vehicle (PHEV),Clean Alternative Fuel Vehicle Eligible,32,11.0,260202274,POINT (-122.27979 47.44952),PUGET SOUND ENERGY INC||CITY OF TACOMA - (WA),53033028200
5UXTA6C0XP,Snohomish,Lynnwood,WA,98036,2023,BMW,X5,Plug-in Hybrid Electric Vehicle (PHEV),Clean Alternative Fuel Vehicle Eligible,30,1.0,273599679,POINT (-122.29245 47.82557),PUGET SOUND ENERGY INC,53061051931
1G1FW6S07H,King,Bellevue,WA,98008,2017,CHEVROLET,BOLT EV,Battery Electric Vehicle (BEV),Clean Alternative Fuel Vehicle Eligible,238,48.0,282506486,POINT (-122.11867 47.63131),PUGET SOUND ENERGY INC||CITY OF TACOMA - (WA),53033023000
1G1FX6S01H,Snohomish,Snohomish,WA,98296,2017,CHEVROLET,BOLT EV,Battery Electric Vehicle (BEV),Clean Alternative Fuel Vehicle Eligible,238,1.0,312970248,POINT (-122.1389 47.87115),PUGET SOUND ENERGY INC,53061052112
1FADP3R41E,Clark,Battle Ground,WA,98604,2014,FORD,FOCUS,Battery Electric Vehicle (BEV),Clean Alternative Fuel Vehicle Eligible,76,18.0,139902045,POINT (-122.5331 45.78092),BONNEVILLE POWER ADMINISTRATION||PUD NO 1 OF CLARK COUNTY - (WA),53011040407
1FADP5CU3E,Kitsap,Bainbridge Island,WA,98110,2014,FORD,C-MAX,Plug-in Hybrid Electric Vehicle (PHEV),Not eligible due to low battery range,19,23.0,187472813,POINT (-122.521 47.62732),PUGET SOUND ENERGY INC,53035090800
WA1F2AFY8R,King,Bellevue,WA,98004,2024,AUDI,Q5 E,Plug-in Hybrid Electric Vehicle (PHEV),Not eligible due to low battery range,23,48.0,277667939,POINT (-122.1872 47.61001),PUGET SOUND ENERGY INC||CITY OF TACOMA - (WA),53033024001
WBA33AG04P,Clark,Camas,WA,98607,2023,BMW,530E,Plug-in Hybrid Electric Vehicle (PHEV),Not eligible due to low battery range,18,14.0,236584435,POINT (-122.40199 45.58694),BONNEVILLE POWER ADMINISTRATION||PUD NO 1 OF CLARK COUNTY - (WA),53011040603
1C4JJXR63P,Clark,Ridgefield,WA,98642,2023,JEEP,WRANGLER,Plug-in Hybrid Electric Vehicle (PHEV),Not eligible due to low battery range,21,18.0,244148936,POINT (-122.74595 45.81539),BONNEVILLE POWER ADMINISTRATION||PUD NO 1 OF CLARK COUNTY - (WA),53011040303
JTMAB3FV9M,Clark,Ridgefield,WA,98642,2021,TOYOTA,RAV4 PRIME (PHEV),Plug-in Hybrid Electric Vehicle (PHEV),Clean Alternative Fuel Vehicle Eligible,42,18.0,182528881,POINT (-122.74595 45.81539),BONNEVILLE POWER ADMINISTRATION||PUD NO 1 OF CLARK COUNTY - (WA),53011040304
JTJHKCFZ4S,King,Seattle,WA,98133,2025,LEXUS,NX,Plug-in Hybrid Electric Vehicle (PHEV),Clean Alternative Fuel Vehicle Eligible,37,32.0,268153238,POINT (-122.33364 47.73709),CITY OF SEATTLE - (WA)|CITY OF TACOMA - (WA),53033001400
KNDRMDLH6R,Snohomish,Edmonds,WA,98020,2024,KIA,SORENTO,Plug-in Hybrid Electric Vehicle (PHEV),Clean Alternative Fuel Vehicle Eligible,32,32.0,259961649,POINT (-122.37689 47.81116),PUGET SOUND ENERGY INC,53061050700
5YJYGDEE0L,Snohomish,Mukilteo,WA,98275,2020,TESLA,MODEL Y,Battery Electric Vehicle (BEV),Clean Alternative Fuel Vehicle Eligible,291,21.0,124769067,POINT (-122.29196 47.89908),PUGET SOUND ENERGY INC,53061042001
5YJ3E1EB8J,Pierce,Gig Harbor,WA,98332,2018,TESLA,MODEL 3,Battery Electric Vehicle (BEV),Clean Alternative Fuel Vehicle Eligible,215,26.0,220575071,POINT (-122.58964 47.34235),BONNEVILLE POWER ADMINISTRATION||CITY OF TACOMA - (WA)||PENINSULA LIGHT COMPANY,53053072506
2C4RC1L79P,Lewis,Centralia,WA,98531,2023,CHRYSLER,PACIFICA,Plug-in Hybrid Electric Vehicle (PHEV),Clean Alternative Fuel Vehicle Eligible,32,20.0,252672647,POINT (-122.95266 46.72895),BONNEVILLE POWER ADMINISTRATION||CITY OF CENTRALIA - (WA)|CITY OF TACOMA - (WA),53041970700
SADHD2S14K,Chelan,Wenatchee,WA,98801,2019,JAGUAR,I-PACE,Battery Electric Vehicle (BEV),Clean Alternative Fuel Vehicle Eligible,234,12.0,291096725,POINT (-120.30521 47.41493),PUD NO 1 OF CHELAN COUNTY,53007960804
WP0AB2Y16M,Kitsap,Bainbridge Island,WA,98110,2021,PORSCHE,TAYCAN,Battery Electric Vehicle (BEV),Clean Alternative Fuel Vehicle Eligible,203,23.0,287755730,POINT (-122.521 47.62732),PUGET SOUND ENERGY INC,53035090902
1N4AZ0CP8F,San Juan,Lopez Island,WA,98261,2015,NISSAN,LEAF,Battery Electric Vehicle (BEV),Clean Alternative Fuel Vehicle Eligible,84,40.0,8211402,POINT (-122.9143 48.52357),BONNEVILLE POWER ADMINISTRATION||ORCAS POWER & LIGHT COOP,53055960502
JN1AZ0CP8B,King,Bothell,WA,98011,2011,NISSAN,LEAF,Battery Electric Vehicle (BEV),Clean Alternative Fuel Vehicle Eligible,73,1.0,232370001,POINT (-122.20563 47.76144),PUGET SOUND ENERGY INC||CITY OF TACOMA - (WA),53033021804
WA1VAAGE5K,King,Shoreline,WA,98177,2019,AUDI,E-TRON,Battery Electric Vehicle (BEV),Clean Alternative Fuel Vehicle Eligible,204,32.0,476491949,POINT (-122.37238 47.74068),CITY OF SEATTLE - (WA)|CITY OF TACOMA - (WA),53033020900
KNDPYDAH5P,King,Seattle,WA,98125,2023,KIA,SPORTAGE,Plug-in Hybrid Electric Vehicle (PHEV),Clean Alternative Fuel Vehicle Eligible,34,46.0,244662449,POINT (-122.30253 47.72656),CITY OF SEATTLE - (WA)|CITY OF TACOMA - (WA),53033000202
2C4RC1L77N,Thurston,Olympia,WA,98502,2022,CHRYSLER,PACIFICA,Plug-in Hybrid Electric Vehicle (PHEV),Clean Alternative Fuel Vehicle Eligible,32,22.0,225907545,POINT (-122.92333 47.03779),PUGET SOUND ENERGY INC,53067010600
5YJXCAE27J,King,Seattle,WA,98104,2018,TESLA,MODEL X,Battery Electric Vehicle (BEV),Clean Alternative Fuel Vehicle Eligible,238,43.0,252671065,POINT (-122.32945 47.60357),CITY OF SEATTLE - (WA)|CITY OF TACOMA - (WA),53033008401
YV4H60JF3T,King,Kent,WA,98042,2026,VOLVO,XC90,Plug-in Hybrid Electric Vehicle (PHEV),Clean Alternative Fuel Vehicle Eligible,32,47.0,287576705,POINT (-122.10798 47.37124),PUGET SOUND ENERGY INC||CITY OF TACOMA - (WA),53033031707
1N4AZ1CP6J,Kitsap,Bremerton,WA,98310,2018,NISSAN,LEAF,Battery Electric Vehicle (BEV),Clean Alternative Fuel Vehicle Eligible,151,23.0,342441578,POINT (-122.61136 47.5752),PUGET SOUND ENERGY INC,53035080102
JTMEB3FV6S,King,Covington,WA,98042,2025,TOYOTA,RAV4 PRIME (PHEV),Plug-in Hybrid Electric Vehicle (PHEV),Clean Alternative Fuel Vehicle Eligible,42,47.0,276222803,POINT (-122.10798 47.37124),PUGET SOUND ENERGY INC||CITY OF TACOMA - (WA),53033032005
5YJSA1E2XJ,Pierce,Enumclaw,WA,98022,2018,TESLA,MODEL S,Battery Electric Vehicle (BEV),Clean Alternative Fuel Vehicle Eligible,249,31.0,252435018,POINT (-121.99136 47.20433),PUGET SOUND ENERGY INC||CITY OF TACOMA - (WA),53053070100
2C4RC1L74M,King,Seattle,WA,98126,2021,CHRYSLER,PACIFICA,Plug-in Hybrid Electric Vehicle (PHEV),Clean Alternative Fuel Vehicle Eligible,32,34.0,259160982,POINT (-122.36893 47.54701),CITY OF SEATTLE - (WA)|CITY OF TACOMA - (WA),53033009801
1FMCU0LZ1N,Lewis,Rochester,WA,98579,2022,FORD,ESCAPE,Plug-in Hybrid Electric Vehicle (PHEV),Clean Alternative Fuel Vehicle Eligible,38,20.0,202901107,POINT (-123.08743 46.82175),BONNEVILLE POWER ADMINISTRATION||CITY OF TACOMA - (WA)||PUD NO 1 OF LEWIS COUNTY,53041970100
KNDPZDDH4R,King,Newcastle,WA,98056,2024,KIA,SPORTAGE,Plug-in Hybrid Electric Vehicle (PHEV),Clean Alternative Fuel Vehicle Eligible,34,41.0,268405133,POINT (-122.18839 47.51197),PUGET SOUND ENERGY INC||CITY OF TACOMA - (WA),53033024703
WP1AE2AY8K,Spokane,Spokane,WA,99223,2019,PORSCHE,CAYENNE,Plug-in Hybrid Electric Vehicle (PHEV),Not eligible due to low battery range,13,6.0,223941812,POINT (-117.36043 47.63396),BONNEVILLE POWER ADMINISTRATION||AVISTA CORP||INLAND POWER & LIGHT COMPANY,53063005000
WBY1Z4C55E,King,Seattle,WA,98115,2014,BMW,I3,Plug-in Hybrid Electric Vehicle (PHEV),Clean Alternative Fuel Vehicle Eligible,72,43.0,198334923,POINT (-122.31676 47.68156),CITY OF SEATTLE - (WA)|CITY OF TACOMA - (WA),53033004401
5YJXCAE46J,King,Sammamish,WA,98075,2018,TESLA,MODEL X,Battery Electric Vehicle (BEV),Clean Alternative Fuel Vehicle Eligible,238,41.0,251319505,POINT (-122.03539 47.61344),PUGET SOUND ENERGY INC||CITY OF TACOMA - (WA),53033032216
KNDRJDJH9S,King,Kent,WA,98031,2025,KIA,SORENTO,Plug-in Hybrid Electric Vehicle (PHEV),Clean Alternative Fuel Vehicle Eligible,30,33.0,280365809,POINT (-122.17743 47.41185),PUGET SOUND ENERGY INC||CITY OF TACOMA - (WA),53033029305
1FADP5FU1H,Clark,Vancouver,WA,98664,2017,FORD,C-MAX,Plug-in Hybrid Electric Vehicle (PHEV),Not eligible due to low battery range,20,49.0,289402872,POINT (-122.59219 45.62158),BONNEVILLE POWER ADMINISTRATION||PUD NO 1 OF CLARK COUNTY - (WA),53011041208
1FADP5FU8H,King,Enumclaw,WA,98022,2017,FORD,C-MAX,Plug-in Hybrid Electric Vehicle (PHEV),Not eligible due to low battery range,20,31.0,348348598,POINT (-121.99136 47.20433),PUGET SOUND ENERGY INC||CITY OF TACOMA - (WA),53033031400
JHMZC5F36J,Snohomish,Lynnwood,WA,98036,2018,HONDA,CLARITY,Plug-in Hybrid Electric Vehicle (PHEV),Clean Alternative Fuel Vehicle Eligible,47,32.0,476619139,POINT (-122.29245 47.82557),PUGET SOUND ENERGY INC,53061051402
WBY7Z8C55J,King,Seattle,WA,98144,2018,BMW,I3,Plug-in Hybrid Electric Vehicle (PHEV),Clean Alternative Fuel Vehicle Eligible,97,37.0,226126561,POINT (-122.30866 47.57874),CITY OF SEATTLE - (WA)|CITY OF TACOMA - (WA),53033009500
5YJ3E1EB2J,Spokane,Chattaroy,WA,99003,2018,TESLA,MODEL 3,Battery Electric Vehicle (BEV),Clean Alternative Fuel Vehicle Eligible,215,7.0,280913741,POINT (-117.35237 47.89594),BONNEVILLE POWER ADMINISTRATION||INLAND POWER & LIGHT COMPANY,53063010305
W1NKM5GB2S,Whatcom,Bellingham,WA,98225,2025,MERCEDES-BENZ,GLC-CLASS,Plug-in Hybrid Electric Vehicle (PHEV),Clean Alternative Fuel Vehicle Eligible,54,40.0,281704307,POINT (-122.47091 48.75256),PUGET SOUND ENERGY INC||PUD NO 1 OF WHATCOM COUNTY,53073001102
1G1FW6S04H,Thurston,Olympia,WA,98502,2017,CHEVROLET,BOLT EV,Battery Electric Vehicle (BEV),Clean Alternative Fuel Vehicle Eligible,238,35.0,133876004,POINT (-122.92333 47.03779),PUGET SOUND ENERGY INC,53067011902
YV4H60PEXS,King,Redmond,WA,98052,2025,VOLVO,XC90,Plug-in Hybrid Electric Vehicle (PHEV),Clean Alternative Fuel Vehicle Eligible,32,48.0,284685817,POINT (-122.13158 47.67858),PUGET SOUND ENERGY INC||CITY OF TACOMA - (WA),53033022802
5YJ3E1EA6L,Pierce,Bonney Lake,WA,98391,2020,TESLA,MODEL 3,Battery Electric Vehicle (BEV),Clean Alternative Fuel Vehicle Eligible,266,31.0,112729746,POINT (-122.17144 47.19175),PUGET SOUND ENERGY INC||CITY OF TACOMA - (WA),53053070312
1C4RJYB63R,Kitsap,Port Orchard,WA,98366,2024,JEEP,GRAND CHEROKEE,Plug-in Hybrid Electric Vehicle (PHEV),Not eligible due to low battery range,25,26.0,263225665,POINT (-122.63847 47.54103),PUGET SOUND ENERGY INC,53035092300
1C4RJYB61R,Clark,Battle Ground,WA,98604,2024,JEEP,GRAND CHEROKEE,Plug-in Hybrid Electric Vehicle (PHEV),Not eligible due to low battery range,25,17.0,279303083,POINT (-122.5331 45.78092),BONNEVILLE POWER ADMINISTRATION||PUD NO 1 OF CLARK COUNTY - (WA),53011040408
KNDPZDAH7P,Snohomish,Everett,WA,98204,2023,KIA,SPORTAGE,Plug-in Hybrid Electric Vehicle (PHEV),Clean Alternative Fuel Vehicle Eligible,34,21.0,252717979,POINT (-122.27557 47.88936),PUGET SOUND ENERGY INC,53061041808
1FADP5CU8E,King,Kirkland,WA,98034,2014,FORD,C-MAX,Plug-in Hybrid Electric Vehicle (PHEV),Not eligible due to low battery range,19,45.0,177785387,POINT (-122.22901 47.72201),PUGET SOUND ENERGY INC||CITY OF TACOMA - (WA),53033021903
5YJ3E1EA2L,Pierce,Tacoma,WA,98406,2020,TESLA,MODEL 3,Battery Electric Vehicle (BEV),Clean Alternative Fuel Vehicle Eligible,266,27.0,3226947,POINT (-122.52082 47.26887),BONNEVILLE POWER ADMINISTRATION||CITY OF TACOMA - (WA)||PENINSULA LIGHT COMPANY,53053060800
5UXKT0C5XJ,King,Seattle,WA,98178,2018,BMW,X5,Plug-in Hybrid Electric Vehicle (PHEV),Not eligible due to low battery range,13,37.0,475699717,POINT (-122.25031 47.49481),CITY OF SEATTLE - (WA)|CITY OF TACOMA - (WA),53033011902
1G1FY6S06L,Whatcom,Bellingham,WA,98225,2020,CHEVROLET,BOLT EV,Battery Electric Vehicle (BEV),Clean Alternative Fuel Vehicle Eligible,259,42.0,125881115,POINT (-122.47091 48.75256),PUGET SOUND ENERGY INC||PUD NO 1 OF WHATCOM COUNTY,53073000402
WP0AB2Y18L,Whitman,Pullman,WA,99163,2020,PORSCHE,TAYCAN,Battery Electric Vehicle (BEV),Clean Alternative Fuel Vehicle Eligible,203,9.0,124229976,POINT (-117.18147 46.73015),AVISTA CORP,53075000300
KL8CL6S04F,King,Bellevue,WA,98004,2015,CHEVROLET,SPARK,Battery Electric Vehicle (BEV),Clean Alternative Fuel Vehicle Eligible,82,41.0,207391999,POINT (-122.1872 47.61001),PUGET SOUND ENERGY INC||CITY OF TACOMA - (WA),53033023807
YV4H60DL2R,King,Seattle,WA,98112,2024,VOLVO,XC60,Plug-in Hybrid Electric Vehicle (PHEV),Clean Alternative Fuel Vehicle Eligible,35,43.0,261624016,POINT (-122.30207 47.64085),CITY OF SEATTLE - (WA)|CITY OF TACOMA - (WA),53033006400
1N4AZ1CP5K,King,Seattle,WA,98178,2019,NISSAN,LEAF,Battery Electric Vehicle (BEV),Clean Alternative Fuel Vehicle Eligible,150,37.0,202117618,POINT (-122.25031 47.49481),CITY OF SEATTLE - (WA)|CITY OF TACOMA - (WA),53033011902
5YJXCBE2XJ,Thurston,Yelm,WA,98597,2018,TESLA,MODEL X,Battery Electric Vehicle (BEV),Clean Alternative Fuel Vehicle Eligible,238,2.0,177938778,POINT (-122.60735 46.94239),PUGET SOUND ENERGY INC,53067012412
KNDCC3LD2N,Grays Harbor,Aberdeen,WA,98520,2022,KIA,NIRO,Plug-in Hybrid Electric Vehicle (PHEV),Not eligible due to low battery range,26,19.0,179401869,POINT (-123.81619 46.97606),BONNEVILLE POWER ADMINISTRATION||PUD NO 1 OF GRAYS HARBOR COUNTY,53027001100
JTMEB3FV4S,San Juan,Eastsound,WA,98245,2025,TOYOTA,RAV4 PRIME (PHEV),Plug-in Hybrid Electric Vehicle (PHEV),Clean Alternative Fuel Vehicle Eligible,42,40.0,287043312,POINT (-122.91109 48.69389),BONNEVILLE POWER ADMINISTRATION||ORCAS POWER & LIGHT COOP,53055960102
YV4BR0DK6M,Kitsap,Seabeck,WA,98380,2021,VOLVO,XC60,Plug-in Hybrid Electric Vehicle (PHEV),Not eligible due to low battery range,18,35.0,265152415,POINT (-122.81585 47.64509),PUGET SOUND ENERGY INC,53035091301
5YJ3E1EB0J,Benton,Kennewick,WA,99337,2018,TESLA,MODEL 3,Battery Electric Vehicle (BEV),Clean Alternative Fuel Vehicle Eligible,215,8.0,282801144,POINT (-119.14432 46.18741),BONNEVILLE POWER ADMINISTRATION||PUD NO 1 OF BENTON COUNTY,53005011506
WA1F2AFY0N,Clark,Camas,WA,98607,2022,AUDI,Q5,Plug-in Hybrid Electric Vehicle (PHEV),Not eligible due to low battery range,23,18.0,211900825,POINT (-122.40199 45.58694),BONNEVILLE POWER ADMINISTRATION||PUD NO 1 OF CLARK COUNTY - (WA),53011040605
1G1RB6S53H,King,Kirkland,WA,98033,2017,CHEVROLET,VOLT,Plug-in Hybrid Electric Vehicle (PHEV),Clean Alternative Fuel Vehicle Eligible,53,48.0,280864440,POINT (-122.2066 47.67887),PUGET SOUND ENERGY INC||CITY OF TACOMA - (WA),53033022702
1N4BZ0CP2G,King,Seattle,WA,98112,2016,NISSAN,LEAF,Battery Electric Vehicle (BEV),Clean Alternative Fuel Vehicle Eligible,84,43.0,146519950,POINT (-122.30207 47.64085),CITY OF SEATTLE - (WA)|CITY OF TACOMA - (WA),53033006400
KNDPYDDH6S,King,Seattle,WA,98101,2025,KIA,SPORTAGE,Plug-in Hybrid Electric Vehicle (PHEV),Clean Alternative Fuel Vehicle Eligible,34,43.0,282019776,POINT (-122.34223 47.61085),CITY OF SEATTLE - (WA)|CITY OF TACOMA - (WA),53033008300
3FA6P0SU3G,King,Kent,WA,98030,2016,FORD,FUSION,Plug-in Hybrid Electric Vehicle (PHEV),Not eligible due to low battery range,19,47.0,104508008,POINT (-122.19975 47.37483),PUGET SOUND ENERGY INC||CITY OF TACOMA - (WA),53033029603
5UXKT0C52G,King,Seattle,WA,98117,2016,BMW,X5,Plug-in Hybrid Electric Vehicle (PHEV),Not eligible due to low battery range,14,36.0,1550391,POINT (-122.38418 47.70044),CITY OF SEATTLE - (WA)|CITY OF TACOMA - (WA),53033003100
YV4H60DL2N,Pierce,Tacoma,WA,98407,2022,VOLVO,XC60,Plug-in Hybrid Electric Vehicle (PHEV),Clean Alternative Fuel Vehicle Eligible,35,27.0,202790339,POINT (-122.54304 47.31803),BONNEVILLE POWER ADMINISTRATION||CITY OF TACOMA - (WA)||PENINSULA LIGHT COMPANY,53053060500
5YJ3E1EB9J,Benton,Richland,WA,99352,2018,TESLA,MODEL 3,Battery Electric Vehicle (BEV),Clean Alternative Fuel Vehicle Eligible,215,8.0,304974652,POINT (-119.27372 46.27391),BONNEVILLE POWER ADMINISTRATION||CITY OF RICHLAND - (WA),53005010811
5YJ3E1EB4J,Snohomish,Lynnwood,WA,98087,2018,TESLA,MODEL 3,Battery Electric Vehicle (BEV),Clean Alternative Fuel Vehicle Eligible,215,21.0,341100714,POINT (-122.27981 47.85727),PUGET SOUND ENERGY INC,53061041816
JHMZC5F31J,Snohomish,Lake Stevens,WA,98258,2018,HONDA,CLARITY,Plug-in Hybrid Electric Vehicle (PHEV),Clean Alternative Fuel Vehicle Eligible,47,39.0,475170153,POINT (-122.06402 48.01497),PUGET SOUND ENERGY INC,53061053603
JTDKN3DP3C,Snohomish,Everett,WA,98208,2012,TOYOTA,PRIUS,Plug-in Hybrid Electric Vehicle (PHEV),Not eligible due to low battery range,6,44.0,138393419,POINT (-122.18637 47.89251),PUGET SOUND ENERGY INC,53061052121
5YJSA1E26G,King,Seattle,WA,98199,2016,TESLA,MODEL S,Battery Electric Vehicle (BEV),Clean Alternative Fuel Vehicle Eligible,210,36.0,348029797,POINT (-122.40092 47.65908),CITY OF SEATTLE - (WA)|CITY OF TACOMA - (WA),53033005600
JTDKARFP9J,King,Maple Valley,WA,98038,2018,TOYOTA,PRIUS PRIME (PHEV),Plug-in Hybrid Electric Vehicle (PHEV),Not eligible due to low battery range,25,5.0,237909087,POINT (-122.04526 47.39394),PUGET SOUND ENERGY INC||CITY OF TACOMA - (WA),53033032008
5YJ3E1EA1J,King,Kirkland,WA,98034,2018,TESLA,MODEL 3,Battery Electric Vehicle (BEV),Clean Alternative Fuel Vehicle Eligible,215,1.0,117023581,POINT (-122.22901 47.72201),PUGET SOUND ENERGY INC||CITY OF TACOMA - (WA),53033022300
WBY1Z4C54F,King,Seattle,WA,98125,2015,BMW,I3,Plug-in Hybrid Electric Vehicle (PHEV),Clean Alternative Fuel Vehicle Eligible,72,46.0,119905845,POINT (-122.30253 47.72656),CITY OF SEATTLE - (WA)|CITY OF TACOMA - (WA),53033000601
ZACPDFCW1R,King,Tukwila,WA,98188,2024,DODGE,HORNET,Plug-in Hybrid Electric Vehicle (PHEV),Clean Alternative Fuel Vehicle Eligible,32,11.0,262711039,POINT (-122.27979 47.44952),PUGET SOUND ENERGY INC||CITY OF TACOMA - (WA),53033028200
5YJ3E1EA0J,Pierce,Puyallup,WA,98374,2018,TESLA,MODEL 3,Battery Electric Vehicle (BEV),Clean Alternative Fuel Vehicle Eligible,215,25.0,268083784,POINT (-122.27504 47.13926),PUGET SOUND ENERGY INC||CITY OF TACOMA - (WA),53053071207
1FMCU0E18S,Grays Harbor,Ocean Shores,WA,98569,2025,FORD,ESCAPE,Plug-in Hybrid Electric Vehicle (PHEV),Clean Alternative Fuel Vehicle Eligible,37,24.0,285508254,POINT (-124.16408 47.01156),BONNEVILLE POWER ADMINISTRATION||PUD NO 1 OF GRAYS HARBOR COUNTY,53027000201
YV4BC0PLXG,King,Redmond,WA,98052,2016,VOLVO,XC90,Plug-in Hybrid Electric Vehicle (PHEV),Not eligible due to low battery range,13,45.0,137571346,POINT (-122.13158 47.67858),PUGET SOUND ENERGY INC||CITY OF TACOMA - (WA),53033032324
JA4T5WA90S,King,Bellevue,WA,98007,2025,MITSUBISHI,OUTLANDER,Plug-in Hybrid Electric Vehicle (PHEV),Clean Alternative Fuel Vehicle Eligible,38,48.0,288573365,POINT (-122.12056 47.61334),PUGET SOUND ENERGY INC||CITY OF TACOMA - (WA),53033023201
5YJSA1E21J,King,Kirkland,WA,98034,2018,TESLA,MODEL S,Battery Electric Vehicle (BEV),Clean Alternative Fuel Vehicle Eligible,249,1.0,342260698,POINT (-122.22901 47.72201),PUGET SOUND ENERGY INC||CITY OF TACOMA - (WA),53033022205
5YJ3E1EB1K,Benton,Richland,WA,99352,2019,TESLA,MODEL 3,Battery Electric Vehicle (BEV),Clean Alternative Fuel Vehicle Eligible,220,8.0,287633818,POINT (-119.27372 46.27391),BONNEVILLE POWER ADMINISTRATION||CITY OF RICHLAND - (WA),53005010600
5YJXCAE25J,King,Shoreline,WA,98177,2018,TESLA,MODEL X,Battery Electric Vehicle (BEV),Clean Alternative Fuel Vehicle Eligible,238,32.0,473997142,POINT (-122.37238 47.74068),CITY OF SEATTLE - (WA)|CITY OF TACOMA - (WA),53033020100
ZACPDFCW9R,King,Tukwila,WA,98188,2024,DODGE,HORNET,Plug-in Hybrid Electric Vehicle (PHEV),Clean Alternative Fuel Vehicle Eligible,32,11.0,260782749,POINT (-122.27979 47.44952),PUGET SOUND ENERGY INC||CITY OF TACOMA - (WA),53033028200
5UXTS1C08M,King,Seattle,WA,98177,2021,BMW,X3,Plug-in Hybrid Electric Vehicle (PHEV),Not eligible due to low battery range,17,36.0,157702786,POINT (-122.37238 47.74068),CITY OF SEATTLE - (WA)|CITY OF TACOMA - (WA),53033001600
JTDKN3DP6C,Whatcom,Bellingham,WA,98226,2012,TOYOTA,PRIUS,Plug-in Hybrid Electric Vehicle (PHEV),Not eligible due to low battery range,6,42.0,8890612,POINT (-122.49756 48.7999),PUGET SOUND ENERGY INC||PUD NO 1 OF WHATCOM COUNTY,53073000102
5UX43EU01S,Walla Walla,Walla Walla,WA,99362,2025,BMW,X5,Plug-in Hybrid Electric Vehicle (PHEV),Clean Alternative Fuel Vehicle Eligible,40,16.0,280224591,POINT (-118.34261 46.07068),PACIFICORP,53071920902
JTMAB3FV8N,Snohomish,Mountlake Terrace,WA,98043,2022,TOYOTA,RAV4 PRIME (PHEV),Plug-in Hybrid Electric Vehicle (PHEV),Clean Alternative Fuel Vehicle Eligible,42,1.0,258462228,POINT (-122.31111 47.78803),PUGET SOUND ENERGY INC,53061051200
5YJSA1E28H,King,Seattle,WA,98126,2017,TESLA,MODEL S,Battery Electric Vehicle (BEV),Clean Alternative Fuel Vehicle Eligible,210,34.0,287329290,POINT (-122.36893 47.54701),CITY OF SEATTLE - (WA)|CITY OF TACOMA - (WA),53033012000
JHMZC5F18J,Clark,Vancouver,WA,98685,2018,HONDA,CLARITY,Plug-in Hybrid Electric Vehicle (PHEV),Clean Alternative Fuel Vehicle Eligible,47,18.0,476999176,POINT (-122.70303 45.70954),BONNEVILLE POWER ADMINISTRATION||PUD NO 1 OF CLARK COUNTY - (WA),53011040910
1C4JJXR68M,Kitsap,Poulsbo,WA,98370,2021,JEEP,WRANGLER,Plug-in Hybrid Electric Vehicle (PHEV),Not eligible due to low battery range,21,23.0,175314821,POINT (-122.64681 47.73689),PUGET SOUND ENERGY INC,53035090501
1G1FX6S03H,Kitsap,Bainbridge Island,WA,98110,2017,CHEVROLET,BOLT EV,Battery Electric Vehicle (BEV),Clean Alternative Fuel Vehicle Eligible,238,23.0,109937124,POINT (-122.521 47.62732),PUGET SOUND ENERGY INC,53035090800
1G1RD6E46F,Grant,Moses Lake,WA,98837,2015,CHEVROLET,VOLT,Plug-in Hybrid Electric Vehicle (PHEV),Clean Alternative Fuel Vehicle Eligible,38,13.0,273669441,POINT (-119.2771 47.13196),PUD NO 2 OF GRANT COUNTY,53025010904
5YJ3E1EB8J,King,Bellevue,WA,98004,2018,TESLA,MODEL 3,Battery Electric Vehicle (BEV),Clean Alternative Fuel Vehicle Eligible,215,48.0,474734501,POINT (-122.1872 47.61001),PUGET SOUND ENERGY INC||CITY OF TACOMA - (WA),53033024001
5YJ3E1EB6K,Clark,Vancouver,WA,98686,2019,TESLA,MODEL 3,Battery Electric Vehicle (BEV),Clean Alternative Fuel Vehicle Eligible,220,49.0,286781582,POINT (-122.62731 45.71668),BONNEVILLE POWER ADMINISTRATION||PUD NO 1 OF CLARK COUNTY - (WA),53011040803
5YJ3E1EB2K,King,Bellevue,WA,98004,2019,TESLA,MODEL 3,Battery Electric Vehicle (BEV),Clean Alternative Fuel Vehicle Eligible,220,41.0,175400515,POINT (-122.1872 47.61001),PUGET SOUND ENERGY INC||CITY OF TACOMA - (WA),53033023902
JTJKKCFZ5S,Spokane,Spokane Valley,WA,99206,2025,LEXUS,NX,Plug-in Hybrid Electric Vehicle (PHEV),Clean Alternative Fuel Vehicle Eligible,37,4.0,267050423,POINT (-117.24781 47.63516),BONNEVILLE POWER ADMINISTRATION||VERA IRRIGATION DISTRICT #15,53063011900
JTMAB3FV5P,Pierce,Bonney Lake,WA,98391,2023,TOYOTA,RAV4 PRIME (PHEV),Plug-in Hybrid Electric Vehicle (PHEV),Clean Alternative Fuel Vehicle Eligible,42,31.0,251568089,POINT (-122.17144 47.19175),PUGET SOUND ENERGY INC||CITY OF TACOMA - (WA),53053070208
5UXTS1C02M,King,Mercer Island,WA,98040,2021,BMW,X3,Plug-in Hybrid Electric Vehicle (PHEV),Not eligible due to low battery range,17,41.0,277006110,POINT (-122.21238 47.57816),PUGET SOUND ENERGY INC||CITY OF TACOMA - (WA),53033024301
1N4BZ0CP8G,King,Issaquah,WA,98029,2016,NISSAN,LEAF,Battery Electric Vehicle (BEV),Clean Alternative Fuel Vehicle Eligible,84,5.0,2800395,POINT (-122.01656 47.57118),PUGET SOUND ENERGY INC||CITY OF TACOMA - (WA),53033032220
1C4RJYE67R,Snohomish,Bothell,WA,98021,2024,JEEP,GRAND CHEROKEE,Plug-in Hybrid Electric Vehicle (PHEV),Not eligible due to low battery range,25,1.0,260389454,POINT (-122.18384 47.8031),PUGET SOUND ENERGY INC,53061051938
1N4AZ0CP7F,Thurston,Tumwater,WA,98512,2015,NISSAN,LEAF,Battery Electric Vehicle (BEV),Clean Alternative Fuel Vehicle Eligible,84,22.0,210504304,POINT (-123.04078 46.94792),PUGET SOUND ENERGY INC,53067010910
WBY1Z4C58E,King,Seattle,WA,98112,2014,BMW,I3,Plug-in Hybrid Electric Vehicle (PHEV),Clean Alternative Fuel Vehicle Eligible,72,43.0,167240517,POINT (-122.30207 47.64085),CITY OF SEATTLE - (WA)|CITY OF TACOMA - (WA),53033006400
KNDRMDLH7R,King,Sammamish,WA,98074,2024,KIA,SORENTO,Plug-in Hybrid Electric Vehicle (PHEV),Clean Alternative Fuel Vehicle Eligible,32,45.0,261569710,POINT (-122.02054 47.60326),PUGET SOUND ENERGY INC||CITY OF TACOMA - (WA),53033032216
WBAJA9C52J,King,Renton,WA,98055,2018,BMW,530E,Plug-in Hybrid Electric Vehicle (PHEV),Not eligible due to low battery range,16,11.0,281399772,POINT (-122.19488 47.44035),PUGET SOUND ENERGY INC||CITY OF TACOMA - (WA),53033025805
5YJ3E1EA4J,Snohomish,Lynnwood,WA,98087,2018,TESLA,MODEL 3,Battery Electric Vehicle (BEV),Clean Alternative Fuel Vehicle Eligible,215,21.0,282176023,POINT (-122.27981 47.85727),PUGET SOUND ENERGY INC,53061041901
5YJ3E1EA4J,King,Bellevue,WA,98005,2018,TESLA,MODEL 3,Battery Electric Vehicle (BEV),Clean Alternative Fuel Vehicle Eligible,215,48.0,201950850,POINT (-122.1621 47.64441),PUGET SOUND ENERGY INC||CITY OF TACOMA - (WA),53033022805
5YJSA1E22G,Snohomish,Bothell,WA,98012,2016,TESLA,MODEL S,Battery Electric Vehicle (BEV),Clean Alternative Fuel Vehicle Eligible,210,1.0,3765555,POINT (-122.20105 47.84423),PUGET SOUND ENERGY INC,53061051935
YV4H60RM8T,King,Seattle,WA,98102,2026,VOLVO,XC60,Plug-in Hybrid Electric Vehicle (PHEV),Clean Alternative Fuel Vehicle Eligible,35,43.0,287081273,POINT (-122.32427 47.63433),CITY OF SEATTLE - (WA)|CITY OF TACOMA - (WA),53033006500
5YJYGDEE9L,King,Kent,WA,98030,2020,TESLA,MODEL Y,Battery Electric Vehicle (BEV),Clean Alternative Fuel Vehicle Eligible,291,47.0,111773245,POINT (-122.19975 47.37483),PUGET SOUND ENERGY INC||CITY OF TACOMA - (WA),53033029506
WP1AE2A28H,King,Seattle,WA,98117,2017,PORSCHE,CAYENNE,Plug-in Hybrid Electric Vehicle (PHEV),Not eligible due to low battery range,14,36.0,121506549,POINT (-122.38418 47.70044),CITY OF SEATTLE - (WA)|CITY OF TACOMA - (WA),53033001500
ZACPDFCW4R,King,Tukwila,WA,98188,2024,DODGE,HORNET,Plug-in Hybrid Electric Vehicle (PHEV),Clean Alternative Fuel Vehicle Eligible,32,11.0,262282933,POINT (-122.27979 47.44952),PUGET SOUND ENERGY INC||CITY OF TACOMA - (WA),53033028200
1N4AZ1CP4J,Thurston,Olympia,WA,98501,2018,NISSAN,LEAF,Battery Electric Vehicle (BEV),Clean Alternative Fuel Vehicle Eligible,151,22.0,475054821,POINT (-122.89165 47.03954),PUGET SOUND ENERGY INC,53067011200
1G1RB6S5XH,King,Bellevue,WA,98008,2017,CHEVROLET,VOLT,Plug-in Hybrid Electric Vehicle (PHEV),Clean Alternative Fuel Vehicle Eligible,53,48.0,201348850,POINT (-122.11867 47.63131),PUGET SOUND ENERGY INC||CITY OF TACOMA - (WA),53033022901
JTMAB3FV4M,Kitsap,Poulsbo,WA,98370,2021,TOYOTA,RAV4 PRIME (PHEV),Plug-in Hybrid Electric Vehicle (PHEV),Clean Alternative Fuel Vehicle Eligible,42,23.0,171325759,POINT (-122.64681 47.73689),PUGET SOUND ENERGY INC,53035940100
ZACPDFCW8R,King,Tukwila,WA,98188,2024,DODGE,HORNET,Plug-in Hybrid Electric Vehicle (PHEV),Clean Alternative Fuel Vehicle Eligible,32,11.0,260516819,POINT (-122.27979 47.44952),PUGET SOUND ENERGY INC||CITY OF TACOMA - (WA),53033028200
5YJXCBE20G,Pierce,Gig Harbor,WA,98332,2016,TESLA,MODEL X,Battery Electric Vehicle (BEV),Clean Alternative Fuel Vehicle Eligible,200,26.0,110437827,POINT (-122.58964 47.34235),BONNEVILLE POWER ADMINISTRATION||CITY OF TACOMA - (WA)||PENINSULA LIGHT COMPANY,53053072509
1C4RJYE67N,King,Bellevue,WA,98004,2022,JEEP,GRAND CHEROKEE,Plug-in Hybrid Electric Vehicle (PHEV),Not eligible due to low battery range,25,41.0,273891789,POINT (-122.1872 47.61001),PUGET SOUND ENERGY INC||CITY OF TACOMA - (WA),53033023801
5YJYGDEE5L,King,Bellevue,WA,98004,2020,TESLA,MODEL Y,Battery Electric Vehicle (BEV),Clean Alternative Fuel Vehicle Eligible,291,48.0,114986196,POINT (-122.1872 47.61001),PUGET SOUND ENERGY INC||CITY OF TACOMA - (WA),53033024001
5YJ3E1EB2K,King,Normandy Park,WA,98166,2019,TESLA,MODEL 3,Battery Electric Vehicle (BEV),Clean Alternative Fuel Vehicle Eligible,220,33.0,124525348,POINT (-122.33942 47.46864),PUGET SOUND ENERGY INC||CITY OF TACOMA - (WA),53033028600
1N4BZ1CP2K,King,Seattle,WA,98146,2019,NISSAN,LEAF,Battery Electric Vehicle (BEV),Clean Alternative Fuel Vehicle Eligible,150,34.0,2014176,POINT (-122.36322 47.49736),CITY OF SEATTLE - (WA)|CITY OF TACOMA - (WA),53033012000
WDDVP9AB5G,Kitsap,Bainbridge Island,WA,98110,2016,MERCEDES-BENZ,B-CLASS,Battery Electric Vehicle (BEV),Clean Alternative Fuel Vehicle Eligible,87,23.0,2079920,POINT (-122.521 47.62732),PUGET SOUND ENERGY INC,53035090700
5YJXCAE24K,Snohomish,Bothell,WA,98021,2019,TESLA,MODEL X,Battery Electric Vehicle (BEV),Clean Alternative Fuel Vehicle Eligible,289,1.0,476492201,POINT (-122.18384 47.8031),PUGET SOUND ENERGY INC,53061051917
KNDPYDDH3R,Pierce,Eatonville,WA,98328,2024,KIA,SPORTAGE,Plug-in Hybrid Electric Vehicle (PHEV),Clean Alternative Fuel Vehicle Eligible,34,2.0,272232817,POINT (-122.26832 46.86733),BONNEVILLE POWER ADMINISTRATION||TOWN OF EATONVILLE - (WA)|CITY OF TACOMA - (WA),53053073200
JTDKAMFP8M,Cowlitz,Longview,WA,98632,2021,TOYOTA,PRIUS PRIME (PHEV),Plug-in Hybrid Electric Vehicle (PHEV),Not eligible due to low battery range,25,19.0,144102290,POINT (-122.95058 46.14681),BONNEVILLE POWER ADMINISTRATION||PUD NO 1 OF COWLITZ COUNTY,53015000602
1N4BZ0CP0G,Pierce,Tacoma,WA,98403,2016,NISSAN,LEAF,Battery Electric Vehicle (BEV),Clean Alternative Fuel Vehicle Eligible,84,27.0,348441628,POINT (-122.45782 47.26541),BONNEVILLE POWER ADMINISTRATION||CITY OF TACOMA - (WA)||PENINSULA LIGHT COMPANY,53053060600
5YJSA1S15E,Clark,Vancouver,WA,98684,2014,TESLA,MODEL S,Battery Electric Vehicle (BEV),Clean Alternative Fuel Vehicle Eligible,208,17.0,476675475,POINT (-122.48723 45.63701),BONNEVILLE POWER ADMINISTRATION||PUD NO 1 OF CLARK COUNTY - (WA),53011041317
5YJ3E1EB8J,Snohomish,Lake Stevens,WA,98258,2018,TESLA,MODEL 3,Battery Electric Vehicle (BEV),Clean Alternative Fuel Vehicle Eligible,215,39.0,301387985,POINT (-122.06402 48.01497),PUGET SOUND ENERGY INC,53061053505
5YJYGDEE8L,King,Seattle,WA,98109,2020,TESLA,MODEL Y,Battery Electric Vehicle (BEV),Clean Alternative Fuel Vehicle Eligible,291,36.0,128782846,POINT (-122.35022 47.63824),CITY OF SEATTLE - (WA)|CITY OF TACOMA - (WA),53033007002
5YJ3E1EB4K,King,Bellevue,WA,98004,2019,TESLA,MODEL 3,Battery Electric Vehicle (BEV),Clean Alternative Fuel Vehicle Eligible,220,48.0,477246108,POINT (-122.1872 47.61001),PUGET SOUND ENERGY INC||CITY OF TACOMA - (WA),53033023805
5YJXCAE20K,King,North Bend,WA,98045,2019,TESLA,MODEL X,Battery Electric Vehicle (BEV),Clean Alternative Fuel Vehicle Eligible,289,5.0,269381969,POINT (-121.7831 47.49348),PUGET SOUND ENERGY INC||CITY OF TACOMA - (WA),53033032705
5YJ3E1EA9L,King,Kirkland,WA,98034,2020,TESLA,MODEL 3,Battery Electric Vehicle (BEV),Clean Alternative Fuel Vehicle Eligible,266,1.0,2499157,POINT (-122.22901 47.72201),PUGET SOUND ENERGY INC||CITY OF TACOMA - (WA),53033022204
5YJ3E1EB2J,Clark,Camas,WA,98607,2018,TESLA,MODEL 3,Battery Electric Vehicle (BEV),Clean Alternative Fuel Vehicle Eligible,215,18.0,178921172,POINT (-122.40199 45.58694),BONNEVILLE POWER ADMINISTRATION||PUD NO 1 OF CLARK COUNTY - (WA),53011040605
5YJ3E1EB6J,King,Bellevue,WA,98008,2018,TESLA,MODEL 3,Battery Electric Vehicle (BEV),Clean Alternative Fuel Vehicle Eligible,215,48.0,284557822,POINT (-122.11867 47.63131),PUGET SOUND ENERGY INC||CITY OF TACOMA - (WA),53033023000
LYVBR0DM0K,King,Burien,WA,98166,2019,VOLVO,XC60,Plug-in Hybrid Electric Vehicle (PHEV),Not eligible due to low battery range,17,34.0,136977725,POINT (-122.33942 47.46864),PUGET SOUND ENERGY INC||CITY OF TACOMA - (WA),53033027800
1FADP5CU3D,King,Kent,WA,98032,2013,FORD,C-MAX,Plug-in Hybrid Electric Vehicle (PHEV),Not eligible due to low battery range,19,33.0,190526024,POINT (-122.23741 47.3807),PUGET SOUND ENERGY INC||CITY OF TACOMA - (WA),53033029102
1C4JJXP6XN,King,Renton,WA,98055,2022,JEEP,WRANGLER,Plug-in Hybrid Electric Vehicle (PHEV),Not eligible due to low battery range,21,33.0,216799341,POINT (-122.19488 47.44035),PUGET SOUND ENERGY INC||CITY OF TACOMA - (WA),53033029309
JTMAB3FV4M,Pierce,Edgewood,WA,98372,2021,TOYOTA,RAV4 PRIME (PHEV),Plug-in Hybrid Electric Vehicle (PHEV),Clean Alternative Fuel Vehicle Eligible,42,31.0,172567825,POINT (-122.25646 47.21259),PUGET SOUND ENERGY INC||CITY OF TACOMA - (WA),53053073502
1FMCU0E14S,Snohomish,Bothell,WA,98021,2025,FORD,ESCAPE,Plug-in Hybrid Electric Vehicle (PHEV),Clean Alternative Fuel Vehicle Eligible,37,1.0,287351200,POINT (-122.18384 47.8031),PUGET SOUND ENERGY INC,53061051922
JM3KJEHA1S,Clark,Vancouver,WA,98686,2025,MAZDA,CX-70,Plug-in Hybrid Electric Vehicle (PHEV),Not eligible due to low battery range,26,49.0,286165435,POINT (-122.62731 45.71668),BONNEVILLE POWER ADMINISTRATION||PUD NO 1 OF CLARK COUNTY - (WA),53011040803
YV4H60DA0P,King,Kirkland,WA,98034,2023,VOLVO,XC60,Plug-in Hybrid Electric Vehicle (PHEV),Clean Alternative Fuel Vehicle Eligible,35,1.0,223944346,POINT (-122.22901 47.72201),PUGET SOUND ENERGY INC||CITY OF TACOMA - (WA),53033022204
JTMAB3FV7M,King,Des Moines,WA,98198,2021,TOYOTA,RAV4 PRIME (PHEV),Plug-in Hybrid Electric Vehicle (PHEV),Clean Alternative Fuel Vehicle Eligible,42,33.0,167418198,POINT (-122.30615 47.38542),PUGET SOUND ENERGY INC||CITY OF TACOMA - (WA),53033028901
5YJYGDEE1L,King,Redmond,WA,98052,2020,TESLA,MODEL Y,Battery Electric Vehicle (BEV),Clean Alternative Fuel Vehicle Eligible,291,48.0,257885393,POINT (-122.13158 47.67858),PUGET SOUND ENERGY INC||CITY OF TACOMA - (WA),53033022606
2C4RC1L77M,Okanogan,Omak,WA,98841,2021,CHRYSLER,PACIFICA,Plug-in Hybrid Electric Vehicle (PHEV),Clean Alternative Fuel Vehicle Eligible,32,12.0,269872522,POINT (-119.52724 48.41078),PUD NO 1 OF OKANOGAN COUNTY,53047970601
1N4AZ0CP1D,Clark,Vancouver,WA,98665,2013,NISSAN,LEAF,Battery Electric Vehicle (BEV),Clean Alternative Fuel Vehicle Eligible,75,49.0,223970505,POINT (-122.64443 45.67871),BONNEVILLE POWER ADMINISTRATION||PUD NO 1 OF CLARK COUNTY - (WA),53011041007
5YJ3E1EA5J,King,Sammamish,WA,98075,2018,TESLA,MODEL 3,Battery Electric Vehicle (BEV),Clean Alternative Fuel Vehicle Eligible,215,41.0,192847567,POINT (-122.03539 47.61344),PUGET SOUND ENERGY INC||CITY OF TACOMA - (WA),53033032224
1G1RC6S58H,King,Seattle,WA,98134,2017,CHEVROLET,VOLT,Plug-in Hybrid Electric Vehicle (PHEV),Clean Alternative Fuel Vehicle Eligible,53,37.0,198419833,POINT (-122.32741 47.58616),CITY OF SEATTLE - (WA)|CITY OF TACOMA - (WA),53033009300
1G1RD6S51H,Thurston,Olympia,WA,98503,2017,CHEVROLET,VOLT,Plug-in Hybrid Electric Vehicle (PHEV),Clean Alternative Fuel Vehicle Eligible,53,2.0,282520353,POINT (-122.82324 47.04437),PUGET SOUND ENERGY INC,53067011628
1G1RD6S56G,Kitsap,Bainbridge Island,WA,98110,2016,CHEVROLET,VOLT,Plug-in Hybrid Electric Vehicle (PHEV),Clean Alternative Fuel Vehicle Eligible,53,23.0,168367083,POINT (-122.521 47.62732),PUGET SOUND ENERGY INC,53035090902
1N4AZ0CP3D,King,Tukwila,WA,98168,2013,NISSAN,LEAF,Battery Electric Vehicle (BEV),Clean Alternative Fuel Vehicle Eligible,75,11.0,226324353,POINT (-122.29411 47.48924),CITY OF SEATTLE - (WA)|CITY OF TACOMA - (WA),53033027200
JN1AZ0CP4C,Kitsap,Bainbridge Island,WA,98110,2012,NISSAN,LEAF,Battery Electric Vehicle (BEV),Clean Alternative Fuel Vehicle Eligible,73,23.0,189881135,POINT (-122.521 47.62732),PUGET SOUND ENERGY INC,53035090902
KNDPYDAH8P,King,Seattle,WA,98125,2023,KIA,SPORTAGE,Plug-in Hybrid Electric Vehicle (PHEV),Clean Alternative Fuel Vehicle Eligible,34,46.0,209873457,POINT (-122.30253 47.72656),CITY OF SEATTLE - (WA)|CITY OF TACOMA - (WA),53033000202
5YJ3E1EA8J,King,Seattle,WA,98177,2018,TESLA,MODEL 3,Battery Electric Vehicle (BEV),Clean Alternative Fuel Vehicle Eligible,215,32.0,348868572,POINT (-122.37238 47.74068),CITY OF SEATTLE - (WA)|CITY OF TACOMA - (WA),53033000500
ZACPDFCW0R,King,Tukwila,WA,98188,2024,DODGE,HORNET,Plug-in Hybrid Electric Vehicle (PHEV),Clean Alternative Fuel Vehicle Eligible,32,11.0,264351818,POINT (-122.27979 47.44952),PUGET SOUND ENERGY INC||CITY OF TACOMA - (WA),53033028200
YV4H60DM6R,Kitsap,Kingston,WA,98346,2024,VOLVO,XC60,Plug-in Hybrid Electric Vehicle (PHEV),Clean Alternative Fuel Vehicle Eligible,35,23.0,273771907,POINT (-122.4977 47.79802),PUGET SOUND ENERGY INC,53035090102
5YJXCBE45L,King,Bellevue,WA,98004,2020,TESLA,MODEL X,Battery Electric Vehicle (BEV),Clean Alternative Fuel Vehicle Eligible,293,48.0,198716024,POINT (-122.1872 47.61001),PUGET SOUND ENERGY INC||CITY OF TACOMA - (WA),53033024001
JTJCJMGA7T,Pierce,Fircrest,WA,98466,2026,LEXUS,RX,Plug-in Hybrid Electric Vehicle (PHEV),Clean Alternative Fuel Vehicle Eligible,38,28.0,287965555,POINT (-122.53781 47.23075),BONNEVILLE POWER ADMINISTRATION||CITY OF TACOMA - (WA)||PENINSULA LIGHT COMPANY,53053072305
KNDJP3AE8G,King,Kent,WA,98031,2016,KIA,SOUL,Battery Electric Vehicle (BEV),Clean Alternative Fuel Vehicle Eligible,93,11.0,149215440,POINT (-122.17743 47.41185),PUGET SOUND ENERGY INC||CITY OF TACOMA - (WA),53033029403
1G1RH6E47E,Pierce,Bonney Lake,WA,98391,2014,CHEVROLET,VOLT,Plug-in Hybrid Electric Vehicle (PHEV),Clean Alternative Fuel Vehicle Eligible,38,31.0,282957167,POINT (-122.17144 47.19175),PUGET SOUND ENERGY INC||CITY OF TACOMA - (WA),53053070208
5UXTA6C05P,Pierce,Gig Harbor,WA,98332,2023,BMW,X5,Plug-in Hybrid Electric Vehicle (PHEV),Clean Alternative Fuel Vehicle Eligible,30,26.0,267430530,POINT (-122.58964 47.34235),BONNEVILLE POWER ADMINISTRATION||CITY OF TACOMA - (WA)||PENINSULA LIGHT COMPANY,53053072509
4JGFB4GB4S,Snohomish,Arlington,WA,98223,2025,MERCEDES-BENZ,GLE-CLASS,Plug-in Hybrid Electric Vehicle (PHEV),Clean Alternative Fuel Vehicle Eligible,49,10.0,278343726,POINT (-122.1264 48.19471),BONNEVILLE POWER ADMINISTRATION||PUD 1 OF SNOHOMISH COUNTY,53061053400
1N4AZ0CP6F,King,Kirkland,WA,98033,2015,NISSAN,LEAF,Battery Electric Vehicle (BEV),Clean Alternative Fuel Vehicle Eligible,84,48.0,128319159,POINT (-122.2066 47.67887),PUGET SOUND ENERGY INC||CITY OF TACOMA - (WA),53033022501
5YJYGDEE0L,King,Seattle,WA,98178,2020,TESLA,MODEL Y,Battery Electric Vehicle (BEV),Clean Alternative Fuel Vehicle Eligible,291,37.0,125899315,POINT (-122.25031 47.49481),PUGET SOUND ENERGY INC||CITY OF TACOMA - (WA),53033026001
5YJ3E1EB9L,Yakima,Yakima,WA,98902,2020,TESLA,MODEL 3,Battery Electric Vehicle (BEV),Clean Alternative Fuel Vehicle Eligible,322,14.0,102945146,POINT (-120.51904 46.59783),PACIFICORP,53077001000
5YJ3E1EB7J,King,Kirkland,WA,98033,2018,TESLA,MODEL 3,Battery Electric Vehicle (BEV),Clean Alternative Fuel Vehicle Eligible,215,45.0,186622957,POINT (-122.2066 47.67887),PUGET SOUND ENERGY INC||CITY OF TACOMA - (WA),53033022401
JTDKARFP4H,Benton,Richland,WA,99354,2017,TOYOTA,PRIUS PRIME (PHEV),Plug-in Hybrid Electric Vehicle (PHEV),Not eligible due to low battery range,25,8.0,267671638,POINT (-119.26844 46.31484),BONNEVILLE POWER ADMINISTRATION||CITY OF RICHLAND - (WA),53005010201
5YJXCBE20G,Clark,Vancouver,WA,98682,2016,TESLA,MODEL X,Battery Electric Vehicle (BEV),Clean Alternative Fuel Vehicle Eligible,200,17.0,280991077,POINT (-122.55149 45.69345),BONNEVILLE POWER ADMINISTRATION||PUD NO 1 OF CLARK COUNTY - (WA),53011040714
WA1G2AFY9N,King,Kirkland,WA,98033,2022,AUDI,Q5,Plug-in Hybrid Electric Vehicle (PHEV),Not eligible due to low battery range,23,48.0,204658121,POINT (-122.2066 47.67887),PUGET SOUND ENERGY INC||CITY OF TACOMA - (WA),53033022603
JM3KKEHA8S,Snohomish,Lake Stevens,WA,98258,2025,MAZDA,CX-90,Plug-in Hybrid Electric Vehicle (PHEV),Not eligible due to low battery range,26,44.0,281585874,POINT (-122.06402 48.01497),PUGET SOUND ENERGY INC,53061052604
5YJ3E1EAXL,King,Bellevue,WA,98007,2020,TESLA,MODEL 3,Battery Electric Vehicle (BEV),Clean Alternative Fuel Vehicle Eligible,266,48.0,4686790,POINT (-122.12056 47.61334),PUGET SOUND ENERGY INC||CITY OF TACOMA - (WA),53033023201
1C4JJXR68N,Snohomish,Bothell,WA,98012,2022,JEEP,WRANGLER,Plug-in Hybrid Electric Vehicle (PHEV),Not eligible due to low battery range,22,1.0,219357631,POINT (-122.20105 47.84423),PUGET SOUND ENERGY INC,53061051921
1G1RD6E47E,King,Redmond,WA,98053,2014,CHEVROLET,VOLT,Plug-in Hybrid Electric Vehicle (PHEV),Clean Alternative Fuel Vehicle Eligible,38,45.0,2287309,POINT (-122.03287 47.68555),PUGET SOUND ENERGY INC||CITY OF TACOMA - (WA),53033032315
5UX43EU08R,King,Seattle,WA,98199,2024,BMW,X5,Plug-in Hybrid Electric Vehicle (PHEV),Clean Alternative Fuel Vehicle Eligible,39,36.0,256384432,POINT (-122.40092 47.65908),CITY OF SEATTLE - (WA)|CITY OF TACOMA - (WA),53033005600
WBAJB1C54J,Kitsap,Port Orchard,WA,98367,2018,BMW,530E,Plug-in Hybrid Electric Vehicle (PHEV),Not eligible due to low battery range,14,26.0,473983275,POINT (-122.68471 47.50524),PUGET SOUND ENERGY INC,53035092902
1G1FZ6S01K,King,Bellevue,WA,98005,2019,CHEVROLET,BOLT EV,Battery Electric Vehicle (BEV),Clean Alternative Fuel Vehicle Eligible,238,48.0,9737696,POINT (-122.1621 47.64441),PUGET SOUND ENERGY INC||CITY OF TACOMA - (WA),53033022805
WP0AB2Y16L,King,Bellevue,WA,98004,2020,PORSCHE,TAYCAN,Battery Electric Vehicle (BEV),Clean Alternative Fuel Vehicle Eligible,203,41.0,240862597,POINT (-122.1872 47.61001),PUGET SOUND ENERGY INC||CITY OF TACOMA - (WA),53033023901
5YJSA1E24K,King,Redmond,WA,98052,2019,TESLA,MODEL S,Battery Electric Vehicle (BEV),Clean Alternative Fuel Vehicle Eligible,270,48.0,203089428,POINT (-122.13158 47.67858),PUGET SOUND ENERGY INC||CITY OF TACOMA - (WA),53033022902
5YJ3E1EA0L,King,Federal Way,WA,98003,2020,TESLA,MODEL 3,Battery Electric Vehicle (BEV),Clean Alternative Fuel Vehicle Eligible,266,30.0,281925045,POINT (-122.3303 47.30151),PUGET SOUND ENERGY INC||CITY OF TACOMA - (WA),53033030005
ZACPDFCWXR,King,Tukwila,WA,98188,2024,DODGE,HORNET,Plug-in Hybrid Electric Vehicle (PHEV),Clean Alternative Fuel Vehicle Eligible,32,11.0,260724313,POINT (-122.27979 47.44952),PUGET SOUND ENERGY INC||CITY OF TACOMA - (WA),53033028200
2C4RC1L76J,King,Bellevue,WA,98006,2018,CHRYSLER,PACIFICA,Plug-in Hybrid Electric Vehicle (PHEV),Clean Alternative Fuel Vehicle Eligible,33,41.0,135754867,POINT (-122.12096 47.55584),PUGET SOUND ENERGY INC||CITY OF TACOMA - (WA),53033024902
5YJSA1E21H,Thurston,Olympia,WA,98501,2017,TESLA,MODEL S,Battery Electric Vehicle (BEV),Clean Alternative Fuel Vehicle Eligible,210,22.0,148524484,POINT (-122.89165 47.03954),PUGET SOUND ENERGY INC,53067010100
WBY1Z2C59F,Pierce,Tacoma,WA,98407,2015,BMW,I3,Battery Electric Vehicle (BEV),Clean Alternative Fuel Vehicle Eligible,81,27.0,238380313,POINT (-122.54304 47.31803),BONNEVILLE POWER ADMINISTRATION||CITY OF TACOMA - (WA)||PENINSULA LIGHT COMPANY,53053060500
5YJSA1H24F,King,Seattle,WA,98102,2015,TESLA,MODEL S,Battery Electric Vehicle (BEV),Clean Alternative Fuel Vehicle Eligible,208,43.0,173352231,POINT (-122.32427 47.63433),CITY OF SEATTLE - (WA)|CITY OF TACOMA - (WA),53033006500
1C4RJXP60R,Yakima,Moxee,WA,98936,2024,JEEP,WRANGLER,Plug-in Hybrid Electric Vehicle (PHEV),Not eligible due to low battery range,21,15.0,257894381,POINT (-120.39197 46.55621),PACIFICORP,53077001702
1C4RJXN60R,Spokane,Spokane Valley,WA,99212,2024,JEEP,WRANGLER,Plug-in Hybrid Electric Vehicle (PHEV),Not eligible due to low battery range,21,4.0,272452603,POINT (-117.31205 47.66648),BONNEVILLE POWER ADMINISTRATION||AVISTA CORP||INLAND POWER & LIGHT COMPANY,53063013401
1N4AZ0CP7F,Thurston,Yelm,WA,98597,2015,NISSAN,LEAF,Battery Electric Vehicle (BEV),Clean Alternative Fuel Vehicle Eligible,84,2.0,106088188,POINT (-122.60735 46.94239),PUGET SOUND ENERGY INC,53067012422
5YJXCBE20K,King,Redmond,WA,98052,2019,TESLA,MODEL X,Battery Electric Vehicle (BEV),Clean Alternative Fuel Vehicle Eligible,289,45.0,309486383,POINT (-122.13158 47.67858),PUGET SOUND ENERGY INC||CITY OF TACOMA - (WA),53033032321
JA4T5WA90S,Spokane,Mead,WA,99021,2025,MITSUBISHI,OUTLANDER,Plug-in Hybrid Electric Vehicle (PHEV),Clean Alternative Fuel Vehicle Eligible,38,4.0,287856901,POINT (-117.35586 47.7628),BONNEVILLE POWER ADMINISTRATION||INLAND POWER & LIGHT COMPANY,53063010204
1G1RA6E46D,King,Bellevue,WA,98004,2013,CHEVROLET,VOLT,Plug-in Hybrid Electric Vehicle (PHEV),Clean Alternative Fuel Vehicle Eligible,38,41.0,164943516,POINT (-122.1872 47.61001),PUGET SOUND ENERGY INC||CITY OF TACOMA - (WA),53033023901
1N4AZ0CP6D,Whatcom,Bellingham,WA,98225,2013,NISSAN,LEAF,Battery Electric Vehicle (BEV),Clean Alternative Fuel Vehicle Eligible,75,42.0,197104722,POINT (-122.47091 48.75256),PUGET SOUND ENERGY INC||PUD NO 1 OF WHATCOM COUNTY,53073000501
JA4J24A51J,King,Shoreline,WA,98133,2018,MITSUBISHI,OUTLANDER,Plug-in Hybrid Electric Vehicle (PHEV),Not eligible due to low battery range,22,32.0,180830919,POINT (-122.33364 47.73709),CITY OF SEATTLE - (WA)|CITY OF TACOMA - (WA),53033020301
ZACPDFCW3R,King,Tukwila,WA,98188,2024,DODGE,HORNET,Plug-in Hybrid Electric Vehicle (PHEV),Clean Alternative Fuel Vehicle Eligible,32,11.0,268353872,POINT (-122.27979 47.44952),PUGET SOUND ENERGY INC||CITY OF TACOMA - (WA),53033028200
1N4BZ0CP8H,Snohomish,Everett,WA,98208,2017,NISSAN,LEAF,Battery Electric Vehicle (BEV),Clean Alternative Fuel Vehicle Eligible,107,44.0,126012260,POINT (-122.18637 47.89251),PUGET SOUND ENERGY INC,53061041609
KNDCC3LD5L,Clark,Vancouver,WA,98682,2020,KIA,NIRO,Plug-in Hybrid Electric Vehicle (PHEV),Not eligible due to low battery range,26,17.0,139685493,POINT (-122.55149 45.69345),BONNEVILLE POWER ADMINISTRATION||PUD NO 1 OF CLARK COUNTY - (WA),53011041313
3FA6P0SUXK,Pierce,Parkland,WA,98446,2019,FORD,FUSION,Plug-in Hybrid Electric Vehicle (PHEV),Not eligible due to low battery range,26,25.0,276183057,POINT (-122.37747 47.09665),BONNEVILLE POWER ADMINISTRATION||CITY OF TACOMA - (WA)||PENINSULA LIGHT COMPANY,53053071305
ZACPDFCW1R,King,Tukwila,WA,98188,2024,DODGE,HORNET,Plug-in Hybrid Electric Vehicle (PHEV),Clean Alternative Fuel Vehicle Eligible,32,11.0,262818097,POINT (-122.27979 47.44952),PUGET SOUND ENERGY INC||CITY OF TACOMA - (WA),53033028200
5YJXCBE28J,King,Bellevue,WA,98004,2018,TESLA,MODEL X,Battery Electric Vehicle (BEV),Clean Alternative Fuel Vehicle Eligible,238,48.0,117103213,POINT (-122.1872 47.61001),PUGET SOUND ENERGY INC||CITY OF TACOMA - (WA),53033023806
5YJSA1E24G,Pierce,Puyallup,WA,98371,2016,TESLA,MODEL S,Battery Electric Vehicle (BEV),Clean Alternative Fuel Vehicle Eligible,210,25.0,107065136,POINT (-122.29521 47.19045),PUGET SOUND ENERGY INC||CITY OF TACOMA - (WA),53053071205
5YJ3E1EA9J,Clark,Vancouver,WA,98682,2018,TESLA,MODEL 3,Battery Electric Vehicle (BEV),Clean Alternative Fuel Vehicle Eligible,215,17.0,290032508,POINT (-122.55149 45.69345),BONNEVILLE POWER ADMINISTRATION||PUD NO 1 OF CLARK COUNTY - (WA),53011040713
2C4RC1S73R,Lewis,Centralia,WA,98531,2024,CHRYSLER,PACIFICA,Plug-in Hybrid Electric Vehicle (PHEV),Clean Alternative Fuel Vehicle Eligible,32,20.0,265001201,POINT (-122.95266 46.72895),BONNEVILLE POWER ADMINISTRATION||CITY OF CENTRALIA - (WA)|CITY OF TACOMA - (WA),53041970700
YV1H60EP9R,Thurston,Tumwater,WA,98512,2024,VOLVO,V60,Plug-in Hybrid Electric Vehicle (PHEV),Clean Alternative Fuel Vehicle Eligible,41,22.0,272596971,POINT (-123.04078 46.94792),PUGET SOUND ENERGY INC,53067010910
JTMFB3FV0S,Clark,Vancouver,WA,98662,2025,TOYOTA,RAV4 PRIME (PHEV),Plug-in Hybrid Electric Vehicle (PHEV),Clean Alternative Fuel Vehicle Eligible,42,17.0,284827091,POINT (-122.57722 45.64251),BONNEVILLE POWER ADMINISTRATION||PUD NO 1 OF CLARK COUNTY - (WA),53011040806
1C4RJYC66N,Pierce,Graham,WA,98338,2022,JEEP,GRAND CHEROKEE,Plug-in Hybrid Electric Vehicle (PHEV),Not eligible due to low battery range,25,2.0,220395843,POINT (-122.29477 47.05703),BONNEVILLE POWER ADMINISTRATION||CITY OF TACOMA - (WA)||PENINSULA LIGHT COMPANY,53053073117
5YJXCBE21J,King,Woodinville,WA,98072,2018,TESLA,MODEL X,Battery Electric Vehicle (BEV),Clean Alternative Fuel Vehicle Eligible,238,45.0,155541907,POINT (-122.15545 47.75448),PUGET SOUND ENERGY INC||CITY OF TACOMA - (WA),53033032307
5UXTA6C04N,Kitsap,Bremerton,WA,98312,2022,BMW,X5,Plug-in Hybrid Electric Vehicle (PHEV),Clean Alternative Fuel Vehicle Eligible,30,35.0,194341269,POINT (-122.65223 47.57192),PUGET SOUND ENERGY INC,53035080900
2C4RC1L78P,Jefferson,Port Townsend,WA,98368,2023,CHRYSLER,PACIFICA,Plug-in Hybrid Electric Vehicle (PHEV),Clean Alternative Fuel Vehicle Eligible,32,24.0,280778823,POINT (-122.77263 48.1212),BONNEVILLE POWER ADMINISTRATION||PUGET SOUND ENERGY INC||PUD NO 1 OF JEFFERSON COUNTY,53031950604
1FADP5CU1D,King,Kirkland,WA,98033,2013,FORD,C-MAX,Plug-in Hybrid Electric Vehicle (PHEV),Not eligible due to low battery range,19,45.0,104404499,POINT (-122.2066 47.67887),PUGET SOUND ENERGY INC||CITY OF TACOMA - (WA),53033022603
WP0AE2A76J,King,Bellevue,WA,98004,2018,PORSCHE,PANAMERA,Plug-in Hybrid Electric Vehicle (PHEV),Not eligible due to low battery range,16,48.0,260434982,POINT (-122.1872 47.61001),PUGET SOUND ENERGY INC||CITY OF TACOMA - (WA),53033024001
5YJ3E1EB7K,King,Bellevue,WA,98004,2019,TESLA,MODEL 3,Battery Electric Vehicle (BEV),Clean Alternative Fuel Vehicle Eligible,220,41.0,252749983,POINT (-122.1872 47.61001),PUGET SOUND ENERGY INC||CITY OF TACOMA - (WA),53033023807
5YJXCBE29H,King,Lake Forest Park,WA,98155,2017,TESLA,MODEL X,Battery Electric Vehicle (BEV),Clean Alternative Fuel Vehicle Eligible,200,46.0,186635991,POINT (-122.30304 47.75494),PUGET SOUND ENERGY INC||CITY OF TACOMA - (WA),53033021500
JA4J2VA76N,King,Bothell,WA,98011,2022,MITSUBISHI,OUTLANDER,Plug-in Hybrid Electric Vehicle (PHEV),Not eligible due to low battery range,24,1.0,187525495,POINT (-122.20563 47.76144),PUGET SOUND ENERGY INC||CITY OF TACOMA - (WA),53033021803
5UXTA6C07P,King,Seattle,WA,98177,2023,BMW,X5,Plug-in Hybrid Electric Vehicle (PHEV),Clean Alternative Fuel Vehicle Eligible,30,36.0,284117550,POINT (-122.37238 47.74068),CITY OF SEATTLE - (WA)|CITY OF TACOMA - (WA),53033001600
YV4H60DZ0N,Island,Freeland,WA,98249,2022,VOLVO,XC60,Plug-in Hybrid Electric Vehicle (PHEV),Clean Alternative Fuel Vehicle Eligible,35,10.0,212111756,POINT (-122.52664 48.00956),PUGET SOUND ENERGY INC,53029971800
5YJ3E1EA4K,King,Renton,WA,98058,2019,TESLA,MODEL 3,Battery Electric Vehicle (BEV),Clean Alternative Fuel Vehicle Eligible,220,11.0,168600022,POINT (-122.08747 47.4466),PUGET SOUND ENERGY INC||CITY OF TACOMA - (WA),53033031911
JTMFB3FV0R,Clark,Brush Prairie,WA,98606,2024,TOYOTA,RAV4 PRIME (PHEV),Plug-in Hybrid Electric Vehicle (PHEV),Clean Alternative Fuel Vehicle Eligible,42,18.0,272652607,POINT (-122.54578 45.73473),BONNEVILLE POWER ADMINISTRATION||PUD NO 1 OF CLARK COUNTY - (WA),53011040603
JM3KKBHAXR,King,Renton,WA,98056,2024,MAZDA,CX-90,Plug-in Hybrid Electric Vehicle (PHEV),Not eligible due to low battery range,26,41.0,251232943,POINT (-122.18839 47.51197),PUGET SOUND ENERGY INC||CITY OF TACOMA - (WA),53033025304
5YJ3E1EB9K,King,Enumclaw,WA,98022,2019,TESLA,MODEL 3,Battery Electric Vehicle (BEV),Clean Alternative Fuel Vehicle Eligible,220,31.0,476919621,POINT (-121.99136 47.20433),PUGET SOUND ENERGY INC||CITY OF TACOMA - (WA),53033031400
5YJSA1E4XJ,Spokane,Greenacres,WA,99016,2018,TESLA,MODEL S,Battery Electric Vehicle (BEV),Clean Alternative Fuel Vehicle Eligible,249,4.0,281635714,POINT (-117.16242 47.65738),BONNEVILLE POWER ADMINISTRATION||AVISTA CORP||INLAND POWER & LIGHT COMPANY,53063013003
KNDCE3LG3L,King,Seattle,WA,98125,2020,KIA,NIRO,Battery Electric Vehicle (BEV),Clean Alternative Fuel Vehicle Eligible,239,46.0,148161317,POINT (-122.30253 47.72656),CITY OF SEATTLE - (WA)|CITY OF TACOMA - (WA),53033001100
1N4AZ1CPXL,Chelan,Wenatchee,WA,98801,2020,NISSAN,LEAF,Battery Electric Vehicle (BEV),Clean Alternative Fuel Vehicle Eligible,149,12.0,279052609,POINT (-120.30521 47.41493),PUD NO 1 OF CHELAN COUNTY,53007961001
1C4JJXP62M,King,Auburn,WA,98002,2021,JEEP,WRANGLER,Plug-in Hybrid Electric Vehicle (PHEV),Not eligible due to low battery range,25,47.0,154020303,POINT (-122.2229 47.307),PUGET SOUND ENERGY INC||CITY OF TACOMA - (WA),53033030504
WA1F2BFY5P,King,Seattle,WA,98146,2023,AUDI,Q5 E,Plug-in Hybrid Electric Vehicle (PHEV),Not eligible due to low battery range,23,34.0,244836245,POINT (-122.36322 47.49736),CITY OF SEATTLE - (WA)|CITY OF TACOMA - (WA),53033012100
JA3215H19C,Spokane,Mead,WA,99021,2012,MITSUBISHI,I-MIEV,Battery Electric Vehicle (BEV),Clean Alternative Fuel Vehicle Eligible,62,4.0,178855533,POINT (-117.35586 47.7628),BONNEVILLE POWER ADMINISTRATION||INLAND POWER & LIGHT COMPANY,53063010204
1N4AZ0CPXE,King,Seattle,WA,98177,2014,NISSAN,LEAF,Battery Electric Vehicle (BEV),Clean Alternative Fuel Vehicle Eligible,84,32.0,7046511,POINT (-122.37238 47.74068),CITY OF SEATTLE - (WA)|CITY OF TACOMA - (WA),53033000500
WA1E2AFY0L,Whatcom,Bellingham,WA,98229,2020,AUDI,Q5 E,Plug-in Hybrid Electric Vehicle (PHEV),Not eligible due to low battery range,20,40.0,121582226,POINT (-122.45486 48.7449),PUGET SOUND ENERGY INC||PUD NO 1 OF WHATCOM COUNTY,53073000803
KNDJP3AE3G,Clark,Camas,WA,98607,2016,KIA,SOUL,Battery Electric Vehicle (BEV),Clean Alternative Fuel Vehicle Eligible,93,18.0,128415010,POINT (-122.40199 45.58694),BONNEVILLE POWER ADMINISTRATION||PUD NO 1 OF CLARK COUNTY - (WA),53011041400
5YJXCBE20J,King,Renton,WA,98056,2018,TESLA,MODEL X,Battery Electric Vehicle (BEV),Clean Alternative Fuel Vehicle Eligible,238,11.0,350145666,POINT (-122.18839 47.51197),PUGET SOUND ENERGY INC||CITY OF TACOMA - (WA),53033025500
2C4RC1S73R,King,Auburn,WA,98001,2024,CHRYSLER,PACIFICA,Plug-in Hybrid Electric Vehicle (PHEV),Clean Alternative Fuel Vehicle Eligible,32,47.0,268697859,POINT (-122.28802 47.30264),PUGET SOUND ENERGY INC||CITY OF TACOMA - (WA),53033029805
1N4AZ1CP6K,King,Federal Way,WA,98023,2019,NISSAN,LEAF,Battery Electric Vehicle (BEV),Clean Alternative Fuel Vehicle Eligible,150,30.0,199239358,POINT (-122.36217 47.31011),PUGET SOUND ENERGY INC||CITY OF TACOMA - (WA),53033030305
1N4AZ0CP3F,King,Kirkland,WA,98033,2015,NISSAN,LEAF,Battery Electric Vehicle (BEV),Clean Alternative Fuel Vehicle Eligible,84,48.0,214358574,POINT (-122.2066 47.67887),PUGET SOUND ENERGY INC||CITY OF TACOMA - (WA),53033022604
5UXTS1C09M,King,Bellevue,WA,98007,2021,BMW,X3,Plug-in Hybrid Electric Vehicle (PHEV),Not eligible due to low battery range,17,48.0,213322056,POINT (-122.12056 47.61334),PUGET SOUND ENERGY INC||CITY OF TACOMA - (WA),53033023401
1G1FW6S07H,Thurston,Olympia,WA,98513,2017,CHEVROLET,BOLT EV,Battery Electric Vehicle (BEV),Clean Alternative Fuel Vehicle Eligible,238,2.0,164286692,POINT (-122.80933 46.99531),PUGET SOUND ENERGY INC,53067012420
1G1RC6S53K,Clallam,Sequim,WA,98382,2019,CHEVROLET,VOLT,Plug-in Hybrid Electric Vehicle (PHEV),Clean Alternative Fuel Vehicle Eligible,53,24.0,278855454,POINT (-123.10367 48.07965),BONNEVILLE POWER ADMINISTRATION||PUD NO 1 OF CLALLAM COUNTY,53009001702
1FADP5FU3H,Jefferson,Port Townsend,WA,98368,2017,FORD,C-MAX,Plug-in Hybrid Electric Vehicle (PHEV),Not eligible due to low battery range,20,24.0,348365069,POINT (-122.77263 48.1212),BONNEVILLE POWER ADMINISTRATION||PUGET SOUND ENERGY INC||PUD NO 1 OF JEFFERSON COUNTY,53031950602
2C4RC1L71N,Thurston,Olympia,WA,98501,2022,CHRYSLER,PACIFICA,Plug-in Hybrid Electric Vehicle (PHEV),Clean Alternative Fuel Vehicle Eligible,32,22.0,244618629,POINT (-122.89165 47.03954),PUGET SOUND ENERGY INC,53067010100
1G1RC6S59J,King,Maple Valley,WA,98038,2018,CHEVROLET,VOLT,Plug-in Hybrid Electric Vehicle (PHEV),Clean Alternative Fuel Vehicle Eligible,53,5.0,150026509,POINT (-122.04526 47.39394),PUGET SOUND ENERGY INC||CITY OF TACOMA - (WA),53033032002
WA1VAAGEXK,Snohomish,Bothell,WA,98012,2019,AUDI,E-TRON,Battery Electric Vehicle (BEV),Clean Alternative Fuel Vehicle Eligible,204,44.0,477605677,POINT (-122.20105 47.84423),PUGET SOUND ENERGY INC,53061052008
1N4AZ0CPXD,Thurston,Olympia,WA,98506,2013,NISSAN,LEAF,Battery Electric Vehicle (BEV),Clean Alternative Fuel Vehicle Eligible,75,22.0,227851158,POINT (-122.87741 47.05997),PUGET SOUND ENERGY INC,53067010200
1N4AZ0CP6D,King,Renton,WA,98055,2013,NISSAN,LEAF,Battery Electric Vehicle (BEV),Clean Alternative Fuel Vehicle Eligible,75,11.0,260794460,POINT (-122.19488 47.44035),PUGET SOUND ENERGY INC||CITY OF TACOMA - (WA),53033029308
1N4AZ0CP5F,King,Redmond,WA,98053,2015,NISSAN,LEAF,Battery Electric Vehicle (BEV),Clean Alternative Fuel Vehicle Eligible,84,45.0,199574994,POINT (-122.03287 47.68555),PUGET SOUND ENERGY INC||CITY OF TACOMA - (WA),53033032327
1C4RJYB60R,Pierce,Parkland,WA,98446,2024,JEEP,GRAND CHEROKEE,Plug-in Hybrid Electric Vehicle (PHEV),Not eligible due to low battery range,25,29.0,278534469,POINT (-122.37747 47.09665),BONNEVILLE POWER ADMINISTRATION||CITY OF TACOMA - (WA)||ELMHURST MUTUAL POWER & LIGHT CO|PENINSULA LIGHT COMPANY,53053071412
1N4AZ0CP3E,King,Black Diamond,WA,98010,2014,NISSAN,LEAF,Battery Electric Vehicle (BEV),Clean Alternative Fuel Vehicle Eligible,84,5.0,138807959,POINT (-122.00143 47.30893),PUGET SOUND ENERGY INC||CITY OF TACOMA - (WA),53033031605
KMHC75LH0K,Clark,Vancouver,WA,98665,2019,HYUNDAI,IONIQ,Battery Electric Vehicle (BEV),Not eligible due to low battery range,29,49.0,103325421,POINT (-122.64443 45.67871),BONNEVILLE POWER ADMINISTRATION||PUD NO 1 OF CLARK COUNTY - (WA),53011040809
5YJ3E1EB4K,Pierce,Edgewood,WA,98372,2019,TESLA,MODEL 3,Battery Electric Vehicle (BEV),Clean Alternative Fuel Vehicle Eligible,220,31.0,226016486,POINT (-122.25646 47.21259),PUGET SOUND ENERGY INC||CITY OF TACOMA - (WA),53053073502
5YJ3E1EA0J,King,Seattle,WA,98102,2018,TESLA,MODEL 3,Battery Electric Vehicle (BEV),Clean Alternative Fuel Vehicle Eligible,215,43.0,475699038,POINT (-122.32427 47.63433),CITY OF SEATTLE - (WA)|CITY OF TACOMA - (WA),53033006500
1C4JJXP65P,Pierce,Gig Harbor,WA,98335,2023,JEEP,WRANGLER,Plug-in Hybrid Electric Vehicle (PHEV),Not eligible due to low battery range,21,26.0,281359501,POINT (-122.58009 47.328),BONNEVILLE POWER ADMINISTRATION||CITY OF TACOMA - (WA)||PENINSULA LIGHT COMPANY,53053072405
1G1FX6S05H,Pierce,Lakewood,WA,98498,2017,CHEVROLET,BOLT EV,Battery Electric Vehicle (BEV),Clean Alternative Fuel Vehicle Eligible,238,28.0,151612849,POINT (-122.54764 47.17669),PUGET SOUND ENERGY INC||CITY OF TACOMA - (WA),53053072112
1N4BZ1CP6L,Skagit,Bellingham,WA,98229,2020,NISSAN,LEAF,Battery Electric Vehicle (BEV),Clean Alternative Fuel Vehicle Eligible,215,40.0,144644510,POINT (-122.45486 48.7449),PUGET SOUND ENERGY INC,53057950803
1N4AZ0CP0F,King,Kent,WA,98030,2015,NISSAN,LEAF,Battery Electric Vehicle (BEV),Clean Alternative Fuel Vehicle Eligible,84,33.0,289021491,POINT (-122.19975 47.37483),PUGET SOUND ENERGY INC||CITY OF TACOMA - (WA),53033029701
1G1RA6S51H,King,Seattle,WA,98178,2017,CHEVROLET,VOLT,Plug-in Hybrid Electric Vehicle (PHEV),Clean Alternative Fuel Vehicle Eligible,53,37.0,195660503,POINT (-122.25031 47.49481),PUGET SOUND ENERGY INC||CITY OF TACOMA - (WA),53033026001
1G1FW6S03L,Clallam,Sequim,WA,98382,2020,CHEVROLET,BOLT EV,Battery Electric Vehicle (BEV),Clean Alternative Fuel Vehicle Eligible,259,24.0,123319038,POINT (-123.10367 48.07965),BONNEVILLE POWER ADMINISTRATION||PUD NO 1 OF CLALLAM COUNTY,53009002302
3FA6P0PU8H,Lewis,Winlock,WA,98596,2017,FORD,FUSION,Plug-in Hybrid Electric Vehicle (PHEV),Not eligible due to low battery range,21,20.0,246028296,POINT (-122.93881 46.49114),PUGET SOUND ENERGY INC||CITY OF TACOMA - (WA),53041971600
YV4H60PG1S,King,Seattle,WA,98146,2025,VOLVO,XC90,Plug-in Hybrid Electric Vehicle (PHEV),Clean Alternative Fuel Vehicle Eligible,32,34.0,281632305,POINT (-122.36322 47.49736),CITY OF SEATTLE - (WA)|CITY OF TACOMA - (WA),53033012100
1G1FY6S08L,Cowlitz,Castle Rock,WA,98611,2020,CHEVROLET,BOLT EV,Battery Electric Vehicle (BEV),Clean Alternative Fuel Vehicle Eligible,259,20.0,143803285,POINT (-122.90724 46.27509),BONNEVILLE POWER ADMINISTRATION||PUD NO 1 OF COWLITZ COUNTY,53015002004
JA4T5WA96S,King,Seattle,WA,98178,2025,MITSUBISHI,OUTLANDER,Plug-in Hybrid Electric Vehicle (PHEV),Clean Alternative Fuel Vehicle Eligible,38,37.0,280437734,POINT (-122.25031 47.49481),CITY OF SEATTLE - (WA)|CITY OF TACOMA - (WA),53033011901
5UXTS1C06M,King,Seattle,WA,98125,2021,BMW,X3,Plug-in Hybrid Electric Vehicle (PHEV),Not eligible due to low battery range,17,46.0,132561082,POINT (-122.30253 47.72656),CITY OF SEATTLE - (WA)|CITY OF TACOMA - (WA),53033000102
2C4RC1N70J,King,Kent,WA,98031,2018,CHRYSLER,PACIFICA,Plug-in Hybrid Electric Vehicle (PHEV),Clean Alternative Fuel Vehicle Eligible,33,33.0,272772356,POINT (-122.17743 47.41185),PUGET SOUND ENERGY INC||CITY OF TACOMA - (WA),53033029305
1N4AZ0CP1F,King,Bothell,WA,98011,2015,NISSAN,LEAF,Battery Electric Vehicle (BEV),Clean Alternative Fuel Vehicle Eligible,84,1.0,185358953,POINT (-122.20563 47.76144),PUGET SOUND ENERGY INC||CITY OF TACOMA - (WA),53033021804
ZACPDFCW1R,King,Tukwila,WA,98188,2024,DODGE,HORNET,Plug-in Hybrid Electric Vehicle (PHEV),Clean Alternative Fuel Vehicle Eligible,32,11.0,260359963,POINT (-122.27979 47.44952),PUGET SOUND ENERGY INC||CITY OF TACOMA - (WA),53033028200
JTDACACU7R,King,Auburn,WA,98092,2024,TOYOTA,PRIUS PRIME (PHEV),Plug-in Hybrid Electric Vehicle (PHEV),Clean Alternative Fuel Vehicle Eligible,39,47.0,281650162,POINT (-122.18262 47.31825),PUGET SOUND ENERGY INC||CITY OF TACOMA - (WA),53033031207
5YJXCAE2XK,King,Bothell,WA,98011,2019,TESLA,MODEL X,Battery Electric Vehicle (BEV),Clean Alternative Fuel Vehicle Eligible,289,1.0,475024343,POINT (-122.20563 47.76144),PUGET SOUND ENERGY INC||CITY OF TACOMA - (WA),53033021804
JTMAB3FV8M,Clark,Ridgefield,WA,98642,2021,TOYOTA,RAV4 PRIME (PHEV),Plug-in Hybrid Electric Vehicle (PHEV),Clean Alternative Fuel Vehicle Eligible,42,18.0,180922997,POINT (-122.74595 45.81539),BONNEVILLE POWER ADMINISTRATION||PUD NO 1 OF CLARK COUNTY - (WA),53011040305
WAUUPBFF7J,King,Seattle,WA,98112,2018,AUDI,A3,Plug-in Hybrid Electric Vehicle (PHEV),Not eligible due to low battery range,16,43.0,185422982,POINT (-122.30207 47.64085),CITY OF SEATTLE - (WA)|CITY OF TACOMA - (WA),53033006300
3MW39FS08P,King,Auburn,WA,98092,2023,BMW,330E,Plug-in Hybrid Electric Vehicle (PHEV),Not eligible due to low battery range,20,31.0,224214672,POINT (-122.18262 47.31825),PUGET SOUND ENERGY INC||CITY OF TACOMA - (WA),53033031000
WP1AE2A2XH,King,Kirkland,WA,98033,2017,PORSCHE,CAYENNE,Plug-in Hybrid Electric Vehicle (PHEV),Not eligible due to low battery range,14,48.0,132665753,POINT (-122.2066 47.67887),PUGET SOUND ENERGY INC||CITY OF TACOMA - (WA),53033022702
5YJYGDEE1L,Franklin,Pasco,WA,99301,2020,TESLA,MODEL Y,Battery Electric Vehicle (BEV),Clean Alternative Fuel Vehicle Eligible,291,9.0,127498787,POINT (-119.09467 46.23542),BONNEVILLE POWER ADMINISTRATION||PUD NO 1 OF FRANKLIN COUNTY,53021020608
1G1RC6S52H,King,Kirkland,WA,98033,2017,CHEVROLET,VOLT,Plug-in Hybrid Electric Vehicle (PHEV),Clean Alternative Fuel Vehicle Eligible,53,45.0,268149878,POINT (-122.2066 47.67887),PUGET SOUND ENERGY INC||CITY OF TACOMA - (WA),53033022401
1G1RB6S57J,Kitsap,Port Orchard,WA,98366,2018,CHEVROLET,VOLT,Plug-in Hybrid Electric Vehicle (PHEV),Clean Alternative Fuel Vehicle Eligible,53,26.0,478393009,POINT (-122.63847 47.54103),PUGET SOUND ENERGY INC,53035092200
1G1FZ6S0XL,San Juan,Friday Harbor,WA,98250,2020,CHEVROLET,BOLT EV,Battery Electric Vehicle (BEV),Clean Alternative Fuel Vehicle Eligible,259,40.0,144276716,POINT (-123.01648 48.53448),BONNEVILLE POWER ADMINISTRATION||ORCAS POWER & LIGHT COOP,53055960301
JTDACACU8R,Pierce,Tacoma,WA,98404,2024,TOYOTA,PRIUS PRIME (PHEV),Plug-in Hybrid Electric Vehicle (PHEV),Clean Alternative Fuel Vehicle Eligible,39,27.0,264739247,POINT (-122.41249 47.21584),BONNEVILLE POWER ADMINISTRATION||CITY OF TACOMA - (WA)||PENINSULA LIGHT COMPANY,53053063200
5YJYGDEE1L,Mason,Lilliwaup,WA,98555,2020,TESLA,MODEL Y,Battery Electric Vehicle (BEV),Clean Alternative Fuel Vehicle Eligible,291,35.0,123235822,POINT (-123.0921 47.47203),BONNEVILLE POWER ADMINISTRATION||CITY OF TACOMA - (WA)||PUD NO 3 OF MASON COUNTY,53045960201
YV4H60PB3S,King,Kirkland,WA,98033,2025,VOLVO,XC90,Plug-in Hybrid Electric Vehicle (PHEV),Clean Alternative Fuel Vehicle Eligible,32,48.0,286766553,POINT (-122.2066 47.67887),PUGET SOUND ENERGY INC||CITY OF TACOMA - (WA),53033022702
ZACPDFCW1R,King,Tukwila,WA,98188,2024,DODGE,HORNET,Plug-in Hybrid Electric Vehicle (PHEV),Clean Alternative Fuel Vehicle Eligible,32,11.0,260879517,POINT (-122.27979 47.44952),PUGET SOUND ENERGY INC||CITY OF TACOMA - (WA),53033028200
JTDKARFP2H,Franklin,Pasco,WA,99301,2017,TOYOTA,PRIUS PRIME (PHEV),Plug-in Hybrid Electric Vehicle (PHEV),Not eligible due to low battery range,25,9.0,115419538,POINT (-119.09467 46.23542),BONNEVILLE POWER ADMINISTRATION||PUD NO 1 OF FRANKLIN COUNTY,53021020607
5YJYGDEEXL,King,Seattle,WA,98125,2020,TESLA,MODEL Y,Battery Electric Vehicle (BEV),Clean Alternative Fuel Vehicle Eligible,291,46.0,110761668,POINT (-122.30253 47.72656),CITY OF SEATTLE - (WA)|CITY OF TACOMA - (WA),53033000601
WP1AE2AY3K,Pierce,Puyallup,WA,98372,2019,PORSCHE,CAYENNE,Plug-in Hybrid Electric Vehicle (PHEV),Not eligible due to low battery range,13,25.0,262612766,POINT (-122.25646 47.21259),PUGET SOUND ENERGY INC||CITY OF TACOMA - (WA),53053940010
WBY1Z8C57H,King,Seattle,WA,98125,2017,BMW,I3,Plug-in Hybrid Electric Vehicle (PHEV),Clean Alternative Fuel Vehicle Eligible,97,46.0,123227443,POINT (-122.30253 47.72656),CITY OF SEATTLE - (WA)|CITY OF TACOMA - (WA),53033002200
JTMEB3FV4M,Snohomish,Mill Creek,WA,98012,2021,TOYOTA,RAV4 PRIME (PHEV),Plug-in Hybrid Electric Vehicle (PHEV),Clean Alternative Fuel Vehicle Eligible,42,44.0,203183200,POINT (-122.20105 47.84423),PUGET SOUND ENERGY INC,53061052004
1C4RJXR66R,King,Kent,WA,98042,2024,JEEP,WRANGLER,Plug-in Hybrid Electric Vehicle (PHEV),Not eligible due to low battery range,21,47.0,260132624,POINT (-122.10798 47.37124),PUGET SOUND ENERGY INC||CITY OF TACOMA - (WA),53033031707
5LMTJ5DZ9N,Snohomish,Mountlake Terrace,WA,98043,2022,LINCOLN,CORSAIR,Plug-in Hybrid Electric Vehicle (PHEV),Not eligible due to low battery range,28,1.0,195298120,POINT (-122.31111 47.78803),PUGET SOUND ENERGY INC,53061051302
5YJXCBE28J,Clark,Vancouver,WA,98664,2018,TESLA,MODEL X,Battery Electric Vehicle (BEV),Clean Alternative Fuel Vehicle Eligible,238,49.0,475632776,POINT (-122.59219 45.62158),BONNEVILLE POWER ADMINISTRATION||PUD NO 1 OF CLARK COUNTY - (WA),53011041208
5YJ3E1EB6J,King,Vashon,WA,98070,2018,TESLA,MODEL 3,Battery Electric Vehicle (BEV),Clean Alternative Fuel Vehicle Eligible,215,34.0,474685389,POINT (-122.4573 47.44929),PUGET SOUND ENERGY INC||CITY OF TACOMA - (WA),53033027702
WMZYU7C50K,King,Maple Valley,WA,98038,2019,MINI,COUNTRYMAN,Plug-in Hybrid Electric Vehicle (PHEV),Not eligible due to low battery range,12,5.0,203498963,POINT (-122.04526 47.39394),PUGET SOUND ENERGY INC||CITY OF TACOMA - (WA),53033032008
5YJSA1E21J,Snohomish,Woodway,WA,98020,2018,TESLA,MODEL S,Battery Electric Vehicle (BEV),Clean Alternative Fuel Vehicle Eligible,249,32.0,475356647,POINT (-122.37689 47.81116),PUGET SOUND ENERGY INC,53061050600
JN1AZ0CP0C,King,Federal Way,WA,98003,2012,NISSAN,LEAF,Battery Electric Vehicle (BEV),Clean Alternative Fuel Vehicle Eligible,73,30.0,102764686,POINT (-122.3303 47.30151),PUGET SOUND ENERGY INC||CITY OF TACOMA - (WA),53033030304
5YJ3E1EB7J,King,Auburn,WA,98092,2018,TESLA,MODEL 3,Battery Electric Vehicle (BEV),Clean Alternative Fuel Vehicle Eligible,215,31.0,475069640,POINT (-122.18262 47.31825),PUGET SOUND ENERGY INC||CITY OF TACOMA - (WA),53033031000
5YJ3E1EA8J,Snohomish,Arlington,WA,98223,2018,TESLA,MODEL 3,Battery Electric Vehicle (BEV),Clean Alternative Fuel Vehicle Eligible,215,39.0,475321969,POINT (-122.1264 48.19471),BONNEVILLE POWER ADMINISTRATION||PUD 1 OF SNOHOMISH COUNTY,53061053506
KNDPZDDH7S,King,Issaquah,WA,98027,2025,KIA,SPORTAGE,Plug-in Hybrid Electric Vehicle (PHEV),Clean Alternative Fuel Vehicle Eligible,34,5.0,274299903,POINT (-122.03439 47.5301),PUGET SOUND ENERGY INC||CITY OF TACOMA - (WA),53033032104
JTMAB3FV7R,San Juan,Friday Harbor,WA,98250,2024,TOYOTA,RAV4 PRIME (PHEV),Plug-in Hybrid Electric Vehicle (PHEV),Clean Alternative Fuel Vehicle Eligible,42,40.0,267196835,POINT (-123.01648 48.53448),BONNEVILLE POWER ADMINISTRATION||ORCAS POWER & LIGHT COOP,53055960302
JTDKARFP5K,Thurston,Lacey,WA,98503,2019,TOYOTA,PRIUS PRIME (PHEV),Plug-in Hybrid Electric Vehicle (PHEV),Not eligible due to low battery range,25,22.0,474517963,POINT (-122.82324 47.04437),PUGET SOUND ENERGY INC,53067011300
5YJSA1H19E,Kitsap,Bainbridge Island,WA,98110,2014,TESLA,MODEL S,Battery Electric Vehicle (BEV),Clean Alternative Fuel Vehicle Eligible,208,23.0,192689283,POINT (-122.521 47.62732),PUGET SOUND ENERGY INC,53035090902
3C3CFFGEXE,Pierce,Tacoma,WA,98408,2014,FIAT,500,Battery Electric Vehicle (BEV),Clean Alternative Fuel Vehicle Eligible,87,29.0,251546515,POINT (-122.44718 47.20144),BONNEVILLE POWER ADMINISTRATION||CITY OF TACOMA - (WA)||PENINSULA LIGHT COMPANY,53053063200
1N4AZ0CP1D,King,Redmond,WA,98052,2013,NISSAN,LEAF,Battery Electric Vehicle (BEV),Clean Alternative Fuel Vehicle Eligible,75,48.0,217269790,POINT (-122.13158 47.67858),PUGET SOUND ENERGY INC||CITY OF TACOMA - (WA),53033032325
1N4BZ0CP5G,King,Vashon,WA,98070,2016,NISSAN,LEAF,Battery Electric Vehicle (BEV),Clean Alternative Fuel Vehicle Eligible,84,34.0,135469876,POINT (-122.4573 47.44929),PUGET SOUND ENERGY INC||CITY OF TACOMA - (WA),53033027702
YV4H60CFXR,Island,Oak Harbor,WA,98277,2024,VOLVO,XC90,Plug-in Hybrid Electric Vehicle (PHEV),Clean Alternative Fuel Vehicle Eligible,32,10.0,288044151,POINT (-122.64682 48.29077),PUGET SOUND ENERGY INC,53029970500
5YJXCDE29H,Pierce,Fife,WA,98424,2017,TESLA,MODEL X,Battery Electric Vehicle (BEV),Clean Alternative Fuel Vehicle Eligible,200,25.0,166388771,POINT (-122.37302 47.24714),BONNEVILLE POWER ADMINISTRATION||CITY OF TACOMA - (WA)||PENINSULA LIGHT COMPANY,53053940013
1G1RA6E43C,Thurston,Olympia,WA,98501,2012,CHEVROLET,VOLT,Plug-in Hybrid Electric Vehicle (PHEV),Clean Alternative Fuel Vehicle Eligible,35,35.0,158415498,POINT (-122.89165 47.03954),PUGET SOUND ENERGY INC,53067011821
1C4JJXP61P,Grays Harbor,Ocean Shores,WA,98569,2023,JEEP,WRANGLER,Plug-in Hybrid Electric Vehicle (PHEV),Not eligible due to low battery range,21,24.0,249731107,POINT (-124.16408 47.01156),BONNEVILLE POWER ADMINISTRATION||PUD NO 1 OF GRAYS HARBOR COUNTY,53027000201
5YJ3E1EBXK,Benton,Kennewick,WA,99338,2019,TESLA,MODEL 3,Battery Electric Vehicle (BEV),Clean Alternative Fuel Vehicle Eligible,220,16.0,240463317,POINT (-119.3118 46.20665),BONNEVILLE POWER ADMINISTRATION||PUD NO 1 OF BENTON COUNTY,53005010814
JTMAB3FV6M,King,Seattle,WA,98144,2021,TOYOTA,RAV4 PRIME (PHEV),Plug-in Hybrid Electric Vehicle (PHEV),Clean Alternative Fuel Vehicle Eligible,42,37.0,278322712,POINT (-122.30866 47.57874),CITY OF SEATTLE - (WA)|CITY OF TACOMA - (WA),53033010002
1C4JJXP66M,Snohomish,Marysville,WA,98270,2021,JEEP,WRANGLER,Plug-in Hybrid Electric Vehicle (PHEV),Not eligible due to low battery range,25,38.0,257880241,POINT (-122.1769 48.06114),PUGET SOUND ENERGY INC,53061052904
5YJYGDEE7L,King,Redmond,WA,98052,2020,TESLA,MODEL Y,Battery Electric Vehicle (BEV),Clean Alternative Fuel Vehicle Eligible,291,45.0,110336901,POINT (-122.13158 47.67858),PUGET SOUND ENERGY INC||CITY OF TACOMA - (WA),53033032321
1N4BZ1CP3K,Snohomish,Mukilteo,WA,98275,2019,NISSAN,LEAF,Battery Electric Vehicle (BEV),Clean Alternative Fuel Vehicle Eligible,150,21.0,195299422,POINT (-122.29196 47.89908),PUGET SOUND ENERGY INC,53061042006
KNDPZDDH4S,Pierce,Tacoma,WA,98405,2025,KIA,SPORTAGE,Plug-in Hybrid Electric Vehicle (PHEV),Clean Alternative Fuel Vehicle Eligible,34,27.0,281453924,POINT (-122.48271 47.24737),BONNEVILLE POWER ADMINISTRATION||CITY OF TACOMA - (WA)||PENINSULA LIGHT COMPANY,53053061400
1C4JJXP67M,King,Seattle,WA,98178,2021,JEEP,WRANGLER,Plug-in Hybrid Electric Vehicle (PHEV),Not eligible due to low battery range,25,37.0,275788880,POINT (-122.25031 47.49481),CITY OF SEATTLE - (WA)|CITY OF TACOMA - (WA),53033011902
JA4J24A57J,Clark,Vancouver,WA,98685,2018,MITSUBISHI,OUTLANDER,Plug-in Hybrid Electric Vehicle (PHEV),Not eligible due to low battery range,22,49.0,279015712,POINT (-122.70303 45.70954),BONNEVILLE POWER ADMINISTRATION||PUD NO 1 OF CLARK COUNTY - (WA),53011040904
5YJSA1E20G,King,Kirkland,WA,98034,2016,TESLA,MODEL S,Battery Electric Vehicle (BEV),Clean Alternative Fuel Vehicle Eligible,210,45.0,173191497,POINT (-122.22901 47.72201),PUGET SOUND ENERGY INC||CITY OF TACOMA - (WA),53033021903
WVWKR7AUXK,Island,Coupeville,WA,98239,2019,VOLKSWAGEN,E-GOLF,Battery Electric Vehicle (BEV),Clean Alternative Fuel Vehicle Eligible,125,10.0,207025444,POINT (-122.68558 48.21857),PUGET SOUND ENERGY INC,53029971000
5YJSA1DN2C,King,Seattle,WA,98104,2012,TESLA,MODEL S,Battery Electric Vehicle (BEV),Clean Alternative Fuel Vehicle Eligible,265,43.0,146247538,POINT (-122.32945 47.60357),CITY OF SEATTLE - (WA)|CITY OF TACOMA - (WA),53033008102
YV4H60CF3R,Pierce,Gig Harbor,WA,98332,2024,VOLVO,XC90,Plug-in Hybrid Electric Vehicle (PHEV),Clean Alternative Fuel Vehicle Eligible,32,26.0,264654302,POINT (-122.58964 47.34235),BONNEVILLE POWER ADMINISTRATION||CITY OF TACOMA - (WA)||PENINSULA LIGHT COMPANY,53053072508
3C3CFFGE8F,King,Seattle,WA,98178,2015,FIAT,500,Battery Electric Vehicle (BEV),Clean Alternative Fuel Vehicle Eligible,87,37.0,180586920,POINT (-122.25031 47.49481),CITY OF SEATTLE - (WA)|CITY OF TACOMA - (WA),53033011902
1C4RJXR67R,Spokane,Spokane,WA,99223,2024,JEEP,WRANGLER,Plug-in Hybrid Electric Vehicle (PHEV),Not eligible due to low battery range,21,6.0,265484838,POINT (-117.36043 47.63396),MODERN ELECTRIC WATER COMPANY,53063004702
ZACPDFCW7R,King,Tukwila,WA,98188,2024,DODGE,HORNET,Plug-in Hybrid Electric Vehicle (PHEV),Clean Alternative Fuel Vehicle Eligible,32,11.0,260516063,POINT (-122.27979 47.44952),PUGET SOUND ENERGY INC||CITY OF TACOMA - (WA),53033028200
5YJ3E1EB7K,Chelan,Leavenworth,WA,98826,2019,TESLA,MODEL 3,Battery Electric Vehicle (BEV),Clean Alternative Fuel Vehicle Eligible,220,12.0,257191833,POINT (-120.65754 47.5982),PUD NO 1 OF CHELAN COUNTY,53007960201
5YJSA1E26G,King,Bellevue,WA,98004,2016,TESLA,MODEL S,Battery Electric Vehicle (BEV),Clean Alternative Fuel Vehicle Eligible,210,48.0,475000893,POINT (-122.1872 47.61001),PUGET SOUND ENERGY INC||CITY OF TACOMA - (WA),53033024002
1G1FZ6S0XK,Spokane,Spokane,WA,99224,2019,CHEVROLET,BOLT EV,Battery Electric Vehicle (BEV),Clean Alternative Fuel Vehicle Eligible,238,6.0,290250026,POINT (-117.46996 47.59431),BONNEVILLE POWER ADMINISTRATION||AVISTA CORP||INLAND POWER & LIGHT COMPANY,53063003601
5YJ3E1EB2L,Clark,Vancouver,WA,98685,2020,TESLA,MODEL 3,Battery Electric Vehicle (BEV),Clean Alternative Fuel Vehicle Eligible,322,18.0,270195684,POINT (-122.70303 45.70954),BONNEVILLE POWER ADMINISTRATION||PUD NO 1 OF CLARK COUNTY - (WA),53011040910
JTMEB3FV5R,King,Bellevue,WA,98004,2024,TOYOTA,RAV4 PRIME (PHEV),Plug-in Hybrid Electric Vehicle (PHEV),Clean Alternative Fuel Vehicle Eligible,42,41.0,264900317,POINT (-122.1872 47.61001),PUGET SOUND ENERGY INC||CITY OF TACOMA - (WA),53033023902
5YJ3E1EA8K,Snohomish,Marysville,WA,98270,2019,TESLA,MODEL 3,Battery Electric Vehicle (BEV),Clean Alternative Fuel Vehicle Eligible,220,38.0,478087018,POINT (-122.1769 48.06114),PUGET SOUND ENERGY INC,53061052906
JTMFB3FV9R,Whatcom,Bellingham,WA,98229,2024,TOYOTA,RAV4 PRIME (PHEV),Plug-in Hybrid Electric Vehicle (PHEV),Clean Alternative Fuel Vehicle Eligible,42,40.0,270939602,POINT (-122.45486 48.7449),PUGET SOUND ENERGY INC||PUD NO 1 OF WHATCOM COUNTY,53073001202
5UX43EU05T,Pierce,Lakewood,WA,98498,2026,BMW,X5,Plug-in Hybrid Electric Vehicle (PHEV),Clean Alternative Fuel Vehicle Eligible,38,28.0,282631408,POINT (-122.54764 47.17669),PUGET SOUND ENERGY INC||CITY OF TACOMA - (WA),53053071902
ZACPDFCW7R,King,Tukwila,WA,98188,2024,DODGE,HORNET,Plug-in Hybrid Electric Vehicle (PHEV),Clean Alternative Fuel Vehicle Eligible,32,11.0,269654388,POINT (-122.27979 47.44952),PUGET SOUND ENERGY INC||CITY OF TACOMA - (WA),53033028200
1G1RA6S56H,King,Issaquah,WA,98027,2017,CHEVROLET,VOLT,Plug-in Hybrid Electric Vehicle (PHEV),Clean Alternative Fuel Vehicle Eligible,53,5.0,133812297,POINT (-122.03439 47.5301),PUGET SOUND ENERGY INC||CITY OF TACOMA - (WA),53033032104
1G1RD6S58H,Thurston,Olympia,WA,98501,2017,CHEVROLET,VOLT,Plug-in Hybrid Electric Vehicle (PHEV),Clean Alternative Fuel Vehicle Eligible,53,22.0,109025577,POINT (-122.89165 47.03954),PUGET SOUND ENERGY INC,53067010802
KNDJX3AE7J,Pierce,Dupont,WA,98327,2018,KIA,SOUL,Battery Electric Vehicle (BEV),Clean Alternative Fuel Vehicle Eligible,111,28.0,208341192,POINT (-122.62954 47.09583),PUGET SOUND ENERGY INC||CITY OF TACOMA - (WA),53053072802
2T3YL4DV5E,King,Seattle,WA,98108,2014,TOYOTA,RAV4,Battery Electric Vehicle (BEV),Clean Alternative Fuel Vehicle Eligible,103,11.0,183567149,POINT (-122.31449 47.53917),CITY OF SEATTLE - (WA)|CITY OF TACOMA - (WA),53033010001
5YJXCAE21H,King,Bothell,WA,98011,2017,TESLA,MODEL X,Battery Electric Vehicle (BEV),Clean Alternative Fuel Vehicle Eligible,200,1.0,275144705,POINT (-122.20563 47.76144),PUGET SOUND ENERGY INC||CITY OF TACOMA - (WA),53033021804
JTMFB3FV0N,Spokane,Spokane,WA,99223,2022,TOYOTA,RAV4 PRIME (PHEV),Plug-in Hybrid Electric Vehicle (PHEV),Clean Alternative Fuel Vehicle Eligible,42,3.0,200679125,POINT (-117.36043 47.63396),MODERN ELECTRIC WATER COMPANY,53063004602
5YJ3E1EB2K,Clark,Vancouver,WA,98664,2019,TESLA,MODEL 3,Battery Electric Vehicle (BEV),Clean Alternative Fuel Vehicle Eligible,220,49.0,284339184,POINT (-122.59219 45.62158),BONNEVILLE POWER ADMINISTRATION||PUD NO 1 OF CLARK COUNTY - (WA),53011041208
KNDCE3LG1K,Snohomish,Snohomish,WA,98296,2019,KIA,NIRO,Battery Electric Vehicle (BEV),Clean Alternative Fuel Vehicle Eligible,239,1.0,116740347,POINT (-122.1389 47.87115),PUGET SOUND ENERGY INC,53061052108
WVWKR7AU9K,Snohomish,Bothell,WA,98012,2019,VOLKSWAGEN,E-GOLF,Battery Electric Vehicle (BEV),Clean Alternative Fuel Vehicle Eligible,125,1.0,324234305,POINT (-122.20105 47.84423),PUGET SOUND ENERGY INC,53061052107
1N4AZ0CPXE,King,Kirkland,WA,98033,2014,NISSAN,LEAF,Battery Electric Vehicle (BEV),Clean Alternative Fuel Vehicle Eligible,84,45.0,172512637,POINT (-122.2066 47.67887),PUGET SOUND ENERGY INC||CITY OF TACOMA - (WA),53033022006
WBY2Z2C57G,Yakima,Yakima,WA,98908,2016,BMW,I8,Plug-in Hybrid Electric Vehicle (PHEV),Not eligible due to low battery range,14,14.0,232628763,POINT (-120.60199 46.59817),PACIFICORP,53077000904
1G1RD6S57J,San Juan,Friday Harbor,WA,98250,2018,CHEVROLET,VOLT,Plug-in Hybrid Electric Vehicle (PHEV),Clean Alternative Fuel Vehicle Eligible,53,40.0,279971905,POINT (-123.01648 48.53448),BONNEVILLE POWER ADMINISTRATION||ORCAS POWER & LIGHT COOP,53055960302
5YJ3E1EB1L,King,Kent,WA,98030,2020,TESLA,MODEL 3,Battery Electric Vehicle (BEV),Clean Alternative Fuel Vehicle Eligible,322,47.0,3553518,POINT (-122.19975 47.37483),PUGET SOUND ENERGY INC||CITY OF TACOMA - (WA),53033029507
KNDRMDLH1R,King,Kirkland,WA,98033,2024,KIA,SORENTO,Plug-in Hybrid Electric Vehicle (PHEV),Clean Alternative Fuel Vehicle Eligible,32,48.0,261029513,POINT (-122.2066 47.67887),PUGET SOUND ENERGY INC||CITY OF TACOMA - (WA),53033022603
JTMAB3FV2R,Clark,Vancouver,WA,98683,2024,TOYOTA,RAV4 PRIME (PHEV),Plug-in Hybrid Electric Vehicle (PHEV),Clean Alternative Fuel Vehicle Eligible,42,18.0,265154879,POINT (-122.49212 45.60365),BONNEVILLE POWER ADMINISTRATION||PUD NO 1 OF CLARK COUNTY - (WA),53011041329
5YJ3E1EA3J,Benton,West Richland,WA,99353,2018,TESLA,MODEL 3,Battery Electric Vehicle (BEV),Clean Alternative Fuel Vehicle Eligible,215,8.0,171334950,POINT (-119.33836 46.29696),BONNEVILLE POWER ADMINISTRATION||PUD NO 1 OF BENTON COUNTY,53005010708
1G1RB6E48D,Clallam,Port Angeles,WA,98362,2013,CHEVROLET,VOLT,Plug-in Hybrid Electric Vehicle (PHEV),Clean Alternative Fuel Vehicle Eligible,38,24.0,180259971,POINT (-123.43112 48.11892),BONNEVILLE POWER ADMINISTRATION||CITY OF PORT ANGELES - (WA),53009001000
YV4H60DM7N,King,Kirkland,WA,98033,2022,VOLVO,XC60,Plug-in Hybrid Electric Vehicle (PHEV),Clean Alternative Fuel Vehicle Eligible,35,48.0,280400718,POINT (-122.2066 47.67887),PUGET SOUND ENERGY INC||CITY OF TACOMA - (WA),53033022701
3FA6P0PU7G,Clark,Vancouver,WA,98682,2016,FORD,FUSION,Plug-in Hybrid Electric Vehicle (PHEV),Not eligible due to low battery range,19,17.0,249249808,POINT (-122.55149 45.69345),BONNEVILLE POWER ADMINISTRATION||PUD NO 1 OF CLARK COUNTY - (WA),53011040713
1N4AZ1CP6J,King,Renton,WA,98056,2018,NISSAN,LEAF,Battery Electric Vehicle (BEV),Clean Alternative Fuel Vehicle Eligible,151,11.0,142491401,POINT (-122.18839 47.51197),PUGET SOUND ENERGY INC||CITY OF TACOMA - (WA),53033025500
1C4JJXR67P,Clark,Camas,WA,98607,2023,JEEP,WRANGLER,Plug-in Hybrid Electric Vehicle (PHEV),Not eligible due to low battery range,21,18.0,235802472,POINT (-122.40199 45.58694),BONNEVILLE POWER ADMINISTRATION||PUD NO 1 OF CLARK COUNTY - (WA),53011040605
5YJSA1S28F,Snohomish,Edmonds,WA,98026,2015,TESLA,MODEL S,Battery Electric Vehicle (BEV),Clean Alternative Fuel Vehicle Eligible,208,21.0,237794399,POINT (-122.31768 47.87166),PUGET SOUND ENERGY INC,53061042005
KNDCE3LG6K,Snohomish,Everett,WA,98204,2019,KIA,NIRO,Battery Electric Vehicle (BEV),Clean Alternative Fuel Vehicle Eligible,239,21.0,3283955,POINT (-122.27557 47.88936),PUGET SOUND ENERGY INC,53061041812
5YJSA1CN7D,King,Issaquah,WA,98027,2013,TESLA,MODEL S,Battery Electric Vehicle (BEV),Clean Alternative Fuel Vehicle Eligible,208,5.0,122299530,POINT (-122.03439 47.5301),PUGET SOUND ENERGY INC||CITY OF TACOMA - (WA),53033032102
5YJYGDEE3L,Pierce,Lakewood,WA,98498,2020,TESLA,MODEL Y,Battery Electric Vehicle (BEV),Clean Alternative Fuel Vehicle Eligible,291,28.0,123237502,POINT (-122.54764 47.17669),PUGET SOUND ENERGY INC||CITY OF TACOMA - (WA),53053072108
WBY1Z4C56F,Pierce,Puyallup,WA,98373,2015,BMW,I3,Plug-in Hybrid Electric Vehicle (PHEV),Clean Alternative Fuel Vehicle Eligible,72,25.0,286324419,POINT (-122.2988 47.13795),PUGET SOUND ENERGY INC||CITY OF TACOMA - (WA),53053071304
WVWKR7AU0K,Snohomish,Lake Stevens,WA,98258,2019,VOLKSWAGEN,E-GOLF,Battery Electric Vehicle (BEV),Clean Alternative Fuel Vehicle Eligible,125,44.0,9529453,POINT (-122.06402 48.01497),PUGET SOUND ENERGY INC,53061052604
WBY1Z4C53G,King,Newcastle,WA,98056,2016,BMW,I3,Plug-in Hybrid Electric Vehicle (PHEV),Clean Alternative Fuel Vehicle Eligible,72,41.0,2746957,POINT (-122.18839 47.51197),PUGET SOUND ENERGY INC||CITY OF TACOMA - (WA),53033025001
5UXTA6C08N,King,Bellevue,WA,98004,2022,BMW,X5,Plug-in Hybrid Electric Vehicle (PHEV),Clean Alternative Fuel Vehicle Eligible,30,41.0,186093869,POINT (-122.1872 47.61001),PUGET SOUND ENERGY INC||CITY OF TACOMA - (WA),53033023902
KNDJX3AE6J,Spokane,Spokane,WA,99204,2018,KIA,SOUL,Battery Electric Vehicle (BEV),Clean Alternative Fuel Vehicle Eligible,111,3.0,177852083,POINT (-117.42571 47.64779),MODERN ELECTRIC WATER COMPANY,53063004100
1G1RB6S54H,Lewis,Onalaska,WA,98570,2017,CHEVROLET,VOLT,Plug-in Hybrid Electric Vehicle (PHEV),Clean Alternative Fuel Vehicle Eligible,53,20.0,208853732,POINT (-122.69633 46.57641),BONNEVILLE POWER ADMINISTRATION||CITY OF TACOMA - (WA)||PUD NO 1 OF LEWIS COUNTY,53041971200
5YJSA1E24J,King,Redmond,WA,98052,2018,TESLA,MODEL S,Battery Electric Vehicle (BEV),Clean Alternative Fuel Vehicle Eligible,249,45.0,303590619,POINT (-122.13158 47.67858),PUGET SOUND ENERGY INC||CITY OF TACOMA - (WA),53033032330
JTDKN3DP7C,King,Seattle,WA,98144,2012,TOYOTA,PRIUS,Plug-in Hybrid Electric Vehicle (PHEV),Not eligible due to low battery range,6,37.0,240037038,POINT (-122.30866 47.57874),CITY OF SEATTLE - (WA)|CITY OF TACOMA - (WA),53033009400
YV4BR0DL7L,Snohomish,Stanwood,WA,98292,2020,VOLVO,XC60,Plug-in Hybrid Electric Vehicle (PHEV),Not eligible due to low battery range,18,10.0,281994149,POINT (-122.37265 48.24159),BONNEVILLE POWER ADMINISTRATION||PUD 1 OF SNOHOMISH COUNTY,53061053302
JTDACACU0T,Jefferson,Port Townsend,WA,98368,2026,TOYOTA,PRIUS PRIME (PHEV),Plug-in Hybrid Electric Vehicle (PHEV),Clean Alternative Fuel Vehicle Eligible,44,24.0,289395305,POINT (-122.77263 48.1212),BONNEVILLE POWER ADMINISTRATION||PUGET SOUND ENERGY INC||PUD NO 1 OF JEFFERSON COUNTY,53031950602
5YJYGDEE2L,King,Federal Way,WA,98023,2020,TESLA,MODEL Y,Battery Electric Vehicle (BEV),Clean Alternative Fuel Vehicle Eligible,291,30.0,126099459,POINT (-122.36217 47.31011),PUGET SOUND ENERGY INC||CITY OF TACOMA - (WA),53033030311
W1NKM5GBXT,King,Newcastle,WA,98059,2026,MERCEDES-BENZ,GLC-CLASS,Plug-in Hybrid Electric Vehicle (PHEV),Clean Alternative Fuel Vehicle Eligible,54,41.0,286716097,POINT (-122.11589 47.50243),PUGET SOUND ENERGY INC||CITY OF TACOMA - (WA),53033025005
JM3KKEHA1R,King,Des Moines,WA,98198,2024,MAZDA,CX-90,Plug-in Hybrid Electric Vehicle (PHEV),Not eligible due to low battery range,26,33.0,261538098,POINT (-122.30615 47.38542),PUGET SOUND ENERGY INC||CITY OF TACOMA - (WA),53033030003
KNDCS3LF0R,Island,Langley,WA,98260,2024,KIA,NIRO,Plug-in Hybrid Electric Vehicle (PHEV),Clean Alternative Fuel Vehicle Eligible,33,10.0,259879805,POINT (-122.40618 48.0399),PUGET SOUND ENERGY INC,53029972000
KNDPZDDH7R,Snohomish,Bothell,WA,98021,2024,KIA,SPORTAGE,Plug-in Hybrid Electric Vehicle (PHEV),Clean Alternative Fuel Vehicle Eligible,34,1.0,260443907,POINT (-122.18384 47.8031),PUGET SOUND ENERGY INC,53061051937
5YJ3E1EAXH,King,Tukwila,WA,98168,2017,TESLA,MODEL 3,Battery Electric Vehicle (BEV),Clean Alternative Fuel Vehicle Eligible,220,11.0,280487154,POINT (-122.29411 47.48924),CITY OF SEATTLE - (WA)|CITY OF TACOMA - (WA),53033026300
JTMFB3FV9S,Chelan,Wenatchee,WA,98801,2025,TOYOTA,RAV4 PRIME (PHEV),Plug-in Hybrid Electric Vehicle (PHEV),Clean Alternative Fuel Vehicle Eligible,42,12.0,286370521,POINT (-120.30521 47.41493),PUD NO 1 OF CHELAN COUNTY,53007960801
1C4RJXN6XR,Kitsap,Poulsbo,WA,98370,2024,JEEP,WRANGLER,Plug-in Hybrid Electric Vehicle (PHEV),Not eligible due to low battery range,21,23.0,272848908,POINT (-122.64681 47.73689),PUGET SOUND ENERGY INC,53035090502
JTDKN3DP8C,King,Kirkland,WA,98033,2012,TOYOTA,PRIUS,Plug-in Hybrid Electric Vehicle (PHEV),Not eligible due to low battery range,6,45.0,147186168,POINT (-122.2066 47.67887),PUGET SOUND ENERGY INC||CITY OF TACOMA - (WA),53033022603
5YJSA1S29F,King,Auburn,WA,98092,2015,TESLA,MODEL S,Battery Electric Vehicle (BEV),Clean Alternative Fuel Vehicle Eligible,208,31.0,118206434,POINT (-122.18262 47.31825),PUGET SOUND ENERGY INC||CITY OF TACOMA - (WA),53033031204
JHMZC5F39J,Snohomish,Mukilteo,WA,98275,2018,HONDA,CLARITY,Plug-in Hybrid Electric Vehicle (PHEV),Clean Alternative Fuel Vehicle Eligible,47,21.0,140806634,POINT (-122.29196 47.89908),PUGET SOUND ENERGY INC,53061042006
KNDJX3AE3G,King,Seattle,WA,98177,2016,KIA,SOUL,Battery Electric Vehicle (BEV),Clean Alternative Fuel Vehicle Eligible,93,36.0,129750190,POINT (-122.37238 47.74068),CITY OF SEATTLE - (WA)|CITY OF TACOMA - (WA),53033001400
ZACPDFCWXR,King,Tukwila,WA,98188,2024,DODGE,HORNET,Plug-in Hybrid Electric Vehicle (PHEV),Clean Alternative Fuel Vehicle Eligible,32,11.0,262308357,POINT (-122.27979 47.44952),PUGET SOUND ENERGY INC||CITY OF TACOMA - (WA),53033028200
5YJ3E1EA8K,King,Auburn,WA,98092,2019,TESLA,MODEL 3,Battery Electric Vehicle (BEV),Clean Alternative Fuel Vehicle Eligible,220,47.0,292940280,POINT (-122.18262 47.31825),PUGET SOUND ENERGY INC||CITY OF TACOMA - (WA),53033029602
JTMAB3FV9N,King,Seattle,WA,98177,2022,TOYOTA,RAV4 PRIME (PHEV),Plug-in Hybrid Electric Vehicle (PHEV),Clean Alternative Fuel Vehicle Eligible,42,32.0,228430520,POINT (-122.37238 47.74068),CITY OF SEATTLE - (WA)|CITY OF TACOMA - (WA),53033000500
ZACPDFDW6R,King,Enumclaw,WA,98022,2024,DODGE,HORNET,Plug-in Hybrid Electric Vehicle (PHEV),Clean Alternative Fuel Vehicle Eligible,32,5.0,280258961,POINT (-121.99136 47.20433),PUGET SOUND ENERGY INC||CITY OF TACOMA - (WA),53033031202
5YJSA1E12H,Yakima,Yakima,WA,98902,2017,TESLA,MODEL S,Battery Electric Vehicle (BEV),Clean Alternative Fuel Vehicle Eligible,210,14.0,266760987,POINT (-120.51904 46.59783),PACIFICORP,53077001202
1G1FY6S04L,Snohomish,Mountlake Terrace,WA,98043,2020,CHEVROLET,BOLT EV,Battery Electric Vehicle (BEV),Clean Alternative Fuel Vehicle Eligible,259,1.0,178996639,POINT (-122.31111 47.78803),PUGET SOUND ENERGY INC,53061051302
5YJSA1S24F,King,Bellevue,WA,98004,2015,TESLA,MODEL S,Battery Electric Vehicle (BEV),Clean Alternative Fuel Vehicle Eligible,208,48.0,202737517,POINT (-122.1872 47.61001),PUGET SOUND ENERGY INC||CITY OF TACOMA - (WA),53033024001
KNDCS3LF4P,Benton,Kennewick,WA,99338,2023,KIA,NIRO,Plug-in Hybrid Electric Vehicle (PHEV),Clean Alternative Fuel Vehicle Eligible,33,16.0,225851839,POINT (-119.3118 46.20665),BONNEVILLE POWER ADMINISTRATION||PUD NO 1 OF BENTON COUNTY,53005010811
JTDKARFP2H,Snohomish,Everett,WA,98208,2017,TOYOTA,PRIUS PRIME (PHEV),Plug-in Hybrid Electric Vehicle (PHEV),Not eligible due to low battery range,25,38.0,202218677,POINT (-122.18637 47.89251),PUGET SOUND ENERGY INC,53061041605
5YJXCDE21H,King,Kent,WA,98031,2017,TESLA,MODEL X,Battery Electric Vehicle (BEV),Clean Alternative Fuel Vehicle Eligible,200,47.0,6179302,POINT (-122.17743 47.41185),PUGET SOUND ENERGY INC||CITY OF TACOMA - (WA),53033029405
5YJXCAE23J,King,Woodinville,WA,98072,2018,TESLA,MODEL X,Battery Electric Vehicle (BEV),Clean Alternative Fuel Vehicle Eligible,238,45.0,233782902,POINT (-122.15545 47.75448),PUGET SOUND ENERGY INC||CITY OF TACOMA - (WA),53033032319
ZACPDFCW8R,King,Tukwila,WA,98188,2024,DODGE,HORNET,Plug-in Hybrid Electric Vehicle (PHEV),Clean Alternative Fuel Vehicle Eligible,32,11.0,262490812,POINT (-122.27979 47.44952),PUGET SOUND ENERGY INC||CITY OF TACOMA - (WA),53033028200
5YJSA1E11G,King,Redmond,WA,98052,2016,TESLA,MODEL S,Battery Electric Vehicle (BEV),Clean Alternative Fuel Vehicle Eligible,210,45.0,146982160,POINT (-122.13158 47.67858),PUGET SOUND ENERGY INC||CITY OF TACOMA - (WA),53033032321
1C4RJXN60R,Clark,Battle Ground,WA,98604,2024,JEEP,WRANGLER,Plug-in Hybrid Electric Vehicle (PHEV),Not eligible due to low battery range,21,18.0,258961636,POINT (-122.5331 45.78092),BONNEVILLE POWER ADMINISTRATION||PUD NO 1 OF CLARK COUNTY - (WA),53011040416
5YJSA1CN3D,King,Sammamish,WA,98074,2013,TESLA,MODEL S,Battery Electric Vehicle (BEV),Clean Alternative Fuel Vehicle Eligible,208,45.0,204329884,POINT (-122.02054 47.60326),PUGET SOUND ENERGY INC||CITY OF TACOMA - (WA),53033032215
5YJ3E1EA6J,King,Seattle,WA,98125,2018,TESLA,MODEL 3,Battery Electric Vehicle (BEV),Clean Alternative Fuel Vehicle Eligible,215,46.0,181868872,POINT (-122.30253 47.72656),CITY OF SEATTLE - (WA)|CITY OF TACOMA - (WA),53033000201
JTJHKCFZ6R,Benton,Prosser,WA,99350,2024,LEXUS,NX,Plug-in Hybrid Electric Vehicle (PHEV),Clean Alternative Fuel Vehicle Eligible,37,16.0,267172909,POINT (-119.76904 46.20663),BONNEVILLE POWER ADMINISTRATION||PUD NO 1 OF BENTON COUNTY,53005011702
5YJ3E1EA6L,Thurston,Tumwater,WA,98512,2020,TESLA,MODEL 3,Battery Electric Vehicle (BEV),Clean Alternative Fuel Vehicle Eligible,266,22.0,4909614,POINT (-123.04078 46.94792),PUGET SOUND ENERGY INC,53067010920
JTDACACU9P,Skagit,Bow,WA,98232,2023,TOYOTA,PRIUS PRIME (PHEV),Plug-in Hybrid Electric Vehicle (PHEV),Clean Alternative Fuel Vehicle Eligible,39,40.0,287219768,POINT (-122.397 48.56045),PUGET SOUND ENERGY INC,53057950802
5LMTJ5DZ3S,Chelan,Chelan,WA,98816,2025,LINCOLN,CORSAIR,Plug-in Hybrid Electric Vehicle (PHEV),Not eligible due to low battery range,27,12.0,288811407,POINT (-120.01454 47.83985),PUD NO 1 OF CHELAN COUNTY,53007960301
1G1FX6S08H,King,Seattle,WA,98146,2017,CHEVROLET,BOLT EV,Battery Electric Vehicle (BEV),Clean Alternative Fuel Vehicle Eligible,238,34.0,349037566,POINT (-122.36322 47.49736),CITY OF SEATTLE - (WA)|CITY OF TACOMA - (WA),53033026801
1G1RB6E41D,King,Lake Forest Park,WA,98155,2013,CHEVROLET,VOLT,Plug-in Hybrid Electric Vehicle (PHEV),Clean Alternative Fuel Vehicle Eligible,38,46.0,198459768,POINT (-122.30304 47.75494),PUGET SOUND ENERGY INC||CITY OF TACOMA - (WA),53033021400
1C4JJXR64N,Mason,Shelton,WA,98584,2022,JEEP,WRANGLER,Plug-in Hybrid Electric Vehicle (PHEV),Not eligible due to low battery range,22,35.0,280563111,POINT (-123.10616 47.21253),BONNEVILLE POWER ADMINISTRATION||CITY OF TACOMA - (WA)||PUD NO 3 OF MASON COUNTY,53045961200
5YJ3E1EAXJ,King,Kirkland,WA,98033,2018,TESLA,MODEL 3,Battery Electric Vehicle (BEV),Clean Alternative Fuel Vehicle Eligible,215,48.0,172118082,POINT (-122.2066 47.67887),PUGET SOUND ENERGY INC||CITY OF TACOMA - (WA),53033022701
JTJCJMGA7T,King,Kent,WA,98031,2026,LEXUS,RX,Plug-in Hybrid Electric Vehicle (PHEV),Clean Alternative Fuel Vehicle Eligible,38,11.0,288923365,POINT (-122.17743 47.41185),PUGET SOUND ENERGY INC||CITY OF TACOMA - (WA),53033029306
1FADP5CU7E,Kitsap,Bremerton,WA,98337,2014,FORD,C-MAX,Plug-in Hybrid Electric Vehicle (PHEV),Not eligible due to low battery range,19,26.0,123557535,POINT (-122.62749 47.565),PUGET SOUND ENERGY INC,53035080500
KNDRMDLH6P,King,Bellevue,WA,98006,2023,KIA,SORENTO,Plug-in Hybrid Electric Vehicle (PHEV),Clean Alternative Fuel Vehicle Eligible,32,41.0,236071748,POINT (-122.12096 47.55584),PUGET SOUND ENERGY INC||CITY OF TACOMA - (WA),53033024704
YV4H600A4P,King,Bellevue,WA,98005,2023,VOLVO,XC90,Plug-in Hybrid Electric Vehicle (PHEV),Clean Alternative Fuel Vehicle Eligible,32,48.0,286012751,POINT (-122.1621 47.64441),PUGET SOUND ENERGY INC||CITY OF TACOMA - (WA),53033023701
WBY1Z4C55G,King,Newcastle,WA,98056,2016,BMW,I3,Plug-in Hybrid Electric Vehicle (PHEV),Clean Alternative Fuel Vehicle Eligible,72,41.0,6043061,POINT (-122.18839 47.51197),PUGET SOUND ENERGY INC||CITY OF TACOMA - (WA),53033025001
JTDACACU6S,King,Seattle,WA,98117,2025,TOYOTA,PRIUS PRIME (PHEV),Plug-in Hybrid Electric Vehicle (PHEV),Clean Alternative Fuel Vehicle Eligible,39,36.0,277818887,POINT (-122.38418 47.70044),CITY OF SEATTLE - (WA)|CITY OF TACOMA - (WA),53033001500
WA1F2AFY8S,Kitsap,Bainbridge Island,WA,98110,2025,AUDI,Q5 E,Plug-in Hybrid Electric Vehicle (PHEV),Not eligible due to low battery range,23,23.0,276502467,POINT (-122.521 47.62732),PUGET SOUND ENERGY INC,53035090901
5UXTA6C06P,Kitsap,Bainbridge Island,WA,98110,2023,BMW,X5,Plug-in Hybrid Electric Vehicle (PHEV),Clean Alternative Fuel Vehicle Eligible,30,23.0,276463092,POINT (-122.521 47.62732),PUGET SOUND ENERGY INC,53035090700
SADHD2S16L,King,Renton,WA,98055,2020,JAGUAR,I-PACE,Battery Electric Vehicle (BEV),Clean Alternative Fuel Vehicle Eligible,234,33.0,110489613,POINT (-122.19488 47.44035),PUGET SOUND ENERGY INC||CITY OF TACOMA - (WA),53033029309
WA1E2AFY8M,King,Bellevue,WA,98004,2021,AUDI,Q5 E,Plug-in Hybrid Electric Vehicle (PHEV),Not eligible due to low battery range,18,48.0,151855224,POINT (-122.1872 47.61001),PUGET SOUND ENERGY INC||CITY OF TACOMA - (WA),53033024001
LVYBR0AL3J,Pierce,Tacoma,WA,98409,2018,VOLVO,S90,Plug-in Hybrid Electric Vehicle (PHEV),Not eligible due to low battery range,21,29.0,262616511,POINT (-122.47145 47.20873),BONNEVILLE POWER ADMINISTRATION||CITY OF TACOMA - (WA)||PENINSULA LIGHT COMPANY,53053062600
KNDRMDLH1P,Whatcom,Ferndale,WA,98248,2023,KIA,SORENTO,Plug-in Hybrid Electric Vehicle (PHEV),Clean Alternative Fuel Vehicle Eligible,32,42.0,255120939,POINT (-122.5945 48.84787),PUGET SOUND ENERGY INC||PUD NO 1 OF WHATCOM COUNTY,53073010503
JTDACACU9R,Kitsap,Silverdale,WA,98383,2024,TOYOTA,PRIUS PRIME (PHEV),Plug-in Hybrid Electric Vehicle (PHEV),Clean Alternative Fuel Vehicle Eligible,39,23.0,278505405,POINT (-122.69275 47.65171),PUGET SOUND ENERGY INC,53035091206
JTDACACU1S,King,Covington,WA,98042,2025,TOYOTA,PRIUS PRIME (PHEV),Plug-in Hybrid Electric Vehicle (PHEV),Clean Alternative Fuel Vehicle Eligible,39,47.0,282441722,POINT (-122.10798 47.37124),PUGET SOUND ENERGY INC||CITY OF TACOMA - (WA),53033032005
2C4RC1N78M,Kitsap,Bainbridge Island,WA,98110,2021,CHRYSLER,PACIFICA,Plug-in Hybrid Electric Vehicle (PHEV),Clean Alternative Fuel Vehicle Eligible,32,23.0,187430113,POINT (-122.521 47.62732),PUGET SOUND ENERGY INC,53035091002
5YJ3E1EA6J,Chelan,Wenatchee,WA,98801,2018,TESLA,MODEL 3,Battery Electric Vehicle (BEV),Clean Alternative Fuel Vehicle Eligible,215,12.0,122119238,POINT (-120.30521 47.41493),PUD NO 1 OF CHELAN COUNTY,53007960804
2C4RC1S77P,Snohomish,Lake Stevens,WA,98258,2023,CHRYSLER,PACIFICA,Plug-in Hybrid Electric Vehicle (PHEV),Clean Alternative Fuel Vehicle Eligible,32,44.0,238006163,POINT (-122.06402 48.01497),PUGET SOUND ENERGY INC,53061052604
1FMCU0E19S,Clark,Vancouver,WA,98683,2025,FORD,ESCAPE,Plug-in Hybrid Electric Vehicle (PHEV),Clean Alternative Fuel Vehicle Eligible,37,17.0,281543468,POINT (-122.49212 45.60365),BONNEVILLE POWER ADMINISTRATION||PUD NO 1 OF CLARK COUNTY - (WA),53011041310
1G1RA6E43C,Kitsap,Bainbridge Island,WA,98110,2012,CHEVROLET,VOLT,Plug-in Hybrid Electric Vehicle (PHEV),Clean Alternative Fuel Vehicle Eligible,35,23.0,216571225,POINT (-122.521 47.62732),PUGET SOUND ENERGY INC,53035090700
5YJ3E1EA1J,King,Bothell,WA,98011,2018,TESLA,MODEL 3,Battery Electric Vehicle (BEV),Clean Alternative Fuel Vehicle Eligible,215,1.0,341002378,POINT (-122.20563 47.76144),PUGET SOUND ENERGY INC||CITY OF TACOMA - (WA),53033022001
5YJXCAE2XG,King,Bellevue,WA,98004,2016,TESLA,MODEL X,Battery Electric Vehicle (BEV),Clean Alternative Fuel Vehicle Eligible,200,41.0,215338672,POINT (-122.1872 47.61001),PUGET SOUND ENERGY INC||CITY OF TACOMA - (WA),53033023807
5YJ3E1EB2K,Whatcom,Glacier,WA,98244,2019,TESLA,MODEL 3,Battery Electric Vehicle (BEV),Clean Alternative Fuel Vehicle Eligible,220,42.0,476012617,POINT (-122.21723 48.82651),PUGET SOUND ENERGY INC||PUD NO 1 OF WHATCOM COUNTY,53073010103
5YJ3E1EB3J,Kitsap,Bremerton,WA,98312,2018,TESLA,MODEL 3,Battery Electric Vehicle (BEV),Clean Alternative Fuel Vehicle Eligible,215,35.0,475452722,POINT (-122.65223 47.57192),PUGET SOUND ENERGY INC,53035092000
JA4J24A57L,King,Kent,WA,98030,2020,MITSUBISHI,OUTLANDER,Plug-in Hybrid Electric Vehicle (PHEV),Not eligible due to low battery range,22,47.0,2278048,POINT (-122.19975 47.37483),PUGET SOUND ENERGY INC||CITY OF TACOMA - (WA),53033029506
5UXTA6C08M,Skagit,Anacortes,WA,98221,2021,BMW,X5,Plug-in Hybrid Electric Vehicle (PHEV),Clean Alternative Fuel Vehicle Eligible,30,40.0,136779569,POINT (-122.61216 48.51749),PUGET SOUND ENERGY INC,53057940401
JTMFB3FV8M,Jefferson,Nordland,WA,98358,2021,TOYOTA,RAV4 PRIME (PHEV),Plug-in Hybrid Electric Vehicle (PHEV),Clean Alternative Fuel Vehicle Eligible,42,24.0,205564187,POINT (-122.69107 48.05105),BONNEVILLE POWER ADMINISTRATION||PUGET SOUND ENERGY INC||PUD NO 1 OF JEFFERSON COUNTY,53031950400
1C4JJXP60P,King,Redmond,WA,98053,2023,JEEP,WRANGLER,Plug-in Hybrid Electric Vehicle (PHEV),Not eligible due to low battery range,21,45.0,270845802,POINT (-122.03287 47.68555),PUGET SOUND ENERGY INC||CITY OF TACOMA - (WA),53033032333
5UXTA6C03P,King,Carnation,WA,98014,2023,BMW,X5,Plug-in Hybrid Electric Vehicle (PHEV),Clean Alternative Fuel Vehicle Eligible,30,5.0,259877677,POINT (-121.91353 47.64901),PUGET SOUND ENERGY INC||CITY OF TACOMA - (WA),53033032500
5YJXCBE21H,King,Kirkland,WA,98034,2017,TESLA,MODEL X,Battery Electric Vehicle (BEV),Clean Alternative Fuel Vehicle Eligible,200,45.0,132683575,POINT (-122.22901 47.72201),PUGET SOUND ENERGY INC||CITY OF TACOMA - (WA),53033021903
5YJ3E1EB8J,King,Clyde Hill,WA,98004,2018,TESLA,MODEL 3,Battery Electric Vehicle (BEV),Clean Alternative Fuel Vehicle Eligible,215,48.0,474634422,POINT (-122.1872 47.61001),PUGET SOUND ENERGY INC||CITY OF TACOMA - (WA),53033024100
2C4RC1S75M,Pierce,University Place,WA,98467,2021,CHRYSLER,PACIFICA,Plug-in Hybrid Electric Vehicle (PHEV),Clean Alternative Fuel Vehicle Eligible,32,28.0,144572515,POINT (-122.50669 47.20313),BONNEVILLE POWER ADMINISTRATION||CITY OF TACOMA - (WA)||PENINSULA LIGHT COMPANY,53053072315
KNDCC3LD0J,Pierce,Fox Island,WA,98333,2018,KIA,NIRO,Plug-in Hybrid Electric Vehicle (PHEV),Not eligible due to low battery range,26,26.0,168800474,POINT (-122.65107 47.27375),BONNEVILLE POWER ADMINISTRATION||CITY OF TACOMA - (WA)||PENINSULA LIGHT COMPANY,53053072410
3FA6P0SU8G,Snohomish,Lynnwood,WA,98036,2016,FORD,FUSION,Plug-in Hybrid Electric Vehicle (PHEV),Not eligible due to low battery range,19,1.0,172853495,POINT (-122.29245 47.82557),PUGET SOUND ENERGY INC,53061051932
JTDKN3DPXE,King,Federal Way,WA,98003,2014,TOYOTA,PRIUS,Plug-in Hybrid Electric Vehicle (PHEV),Not eligible due to low battery range,6,30.0,190466244,POINT (-122.3303 47.30151),PUGET SOUND ENERGY INC||CITY OF TACOMA - (WA),53033030204
5YJSA1E16F,Chelan,Manson,WA,98831,2015,TESLA,MODEL S,Battery Electric Vehicle (BEV),Clean Alternative Fuel Vehicle Eligible,208,12.0,2171214,POINT (-120.16034 47.8854),PUD NO 1 OF CHELAN COUNTY,53007960400
5YJ3E1EA0J,King,Bellevue,WA,98004,2018,TESLA,MODEL 3,Battery Electric Vehicle (BEV),Clean Alternative Fuel Vehicle Eligible,215,48.0,349035263,POINT (-122.1872 47.61001),PUGET SOUND ENERGY INC||CITY OF TACOMA - (WA),53033024001
KNDCC3LD3K,Pierce,Tacoma,WA,98422,2019,KIA,NIRO,Plug-in Hybrid Electric Vehicle (PHEV),Not eligible due to low battery range,26,27.0,303142920,POINT (-122.37683 47.28642),BONNEVILLE POWER ADMINISTRATION||CITY OF TACOMA - (WA)||PENINSULA LIGHT COMPANY,53053940005
WBY1Z4C53F,Pierce,University Place,WA,98466,2015,BMW,I3,Plug-in Hybrid Electric Vehicle (PHEV),Clean Alternative Fuel Vehicle Eligible,72,28.0,128604675,POINT (-122.53781 47.23075),BONNEVILLE POWER ADMINISTRATION||CITY OF TACOMA - (WA)||PENINSULA LIGHT COMPANY,53053072311
JTMAB3FV7P,Clark,Vancouver,WA,98685,2023,TOYOTA,RAV4 PRIME (PHEV),Plug-in Hybrid Electric Vehicle (PHEV),Clean Alternative Fuel Vehicle Eligible,42,49.0,255052542,POINT (-122.70303 45.70954),BONNEVILLE POWER ADMINISTRATION||PUD NO 1 OF CLARK COUNTY - (WA),53011040904
5YJ3E1EB4J,Whatcom,Point Roberts,WA,98281,2018,TESLA,MODEL 3,Battery Electric Vehicle (BEV),Clean Alternative Fuel Vehicle Eligible,215,42.0,308233390,POINT (-123.05688 48.98867),PUGET SOUND ENERGY INC||PUD NO 1 OF WHATCOM COUNTY,53073011000
5YJ3E1EA3L,King,Redmond,WA,98052,2020,TESLA,MODEL 3,Battery Electric Vehicle (BEV),Clean Alternative Fuel Vehicle Eligible,266,45.0,4823486,POINT (-122.13158 47.67858),PUGET SOUND ENERGY INC||CITY OF TACOMA - (WA),53033032330
5YJSA1S27F,King,Sammamish,WA,98075,2015,TESLA,MODEL S,Battery Electric Vehicle (BEV),Clean Alternative Fuel Vehicle Eligible,208,41.0,475533005,POINT (-122.03539 47.61344),PUGET SOUND ENERGY INC||CITY OF TACOMA - (WA),53033032213
5YJSA1AG9D,King,Redmond,WA,98052,2013,TESLA,MODEL S,Battery Electric Vehicle (BEV),Clean Alternative Fuel Vehicle Eligible,208,48.0,215795177,POINT (-122.13158 47.67858),PUGET SOUND ENERGY INC||CITY OF TACOMA - (WA),53033022902
5YJSA1S26F,King,Seattle,WA,98125,2015,TESLA,MODEL S,Battery Electric Vehicle (BEV),Clean Alternative Fuel Vehicle Eligible,208,46.0,239855087,POINT (-122.30253 47.72656),PUGET SOUND ENERGY INC||CITY OF TACOMA - (WA),53033000900
5YJ3E1EB6K,Grays Harbor,Montesano,WA,98563,2019,TESLA,MODEL 3,Battery Electric Vehicle (BEV),Clean Alternative Fuel Vehicle Eligible,220,19.0,476259521,POINT (-123.60076 46.98384),BONNEVILLE POWER ADMINISTRATION||PUD NO 1 OF GRAYS HARBOR COUNTY,53027000402
5YJ3E1EA4K,King,Burien,WA,98146,2019,TESLA,MODEL 3,Battery Electric Vehicle (BEV),Clean Alternative Fuel Vehicle Eligible,220,34.0,170417873,POINT (-122.36322 47.49736),CITY OF SEATTLE - (WA)|CITY OF TACOMA - (WA),53033026700
5UXKT0C58J,King,Seattle,WA,98102,2018,BMW,X5,Plug-in Hybrid Electric Vehicle (PHEV),Not eligible due to low battery range,13,43.0,313303784,POINT (-122.32427 47.63433),CITY OF SEATTLE - (WA)|CITY OF TACOMA - (WA),53033007501
ZASPATDW1R,Snohomish,Bothell,WA,98021,2024,ALFA ROMEO,TONALE,Plug-in Hybrid Electric Vehicle (PHEV),Clean Alternative Fuel Vehicle Eligible,33,1.0,259110918,POINT (-122.18384 47.8031),PUGET SOUND ENERGY INC,53061051918
1N4AZ0CP2F,King,Seattle,WA,98133,2015,NISSAN,LEAF,Battery Electric Vehicle (BEV),Clean Alternative Fuel Vehicle Eligible,84,36.0,141714079,POINT (-122.33364 47.73709),CITY OF SEATTLE - (WA)|CITY OF TACOMA - (WA),53033001400
1G1FW6S09J,Skagit,Bow,WA,98232,2018,CHEVROLET,BOLT EV,Battery Electric Vehicle (BEV),Clean Alternative Fuel Vehicle Eligible,238,40.0,348719423,POINT (-122.397 48.56045),PUGET SOUND ENERGY INC,53057950802
LYVBR0DL6K,King,Mercer Island,WA,98040,2019,VOLVO,XC60,Plug-in Hybrid Electric Vehicle (PHEV),Not eligible due to low battery range,17,41.0,266761057,POINT (-122.21238 47.57816),PUGET SOUND ENERGY INC||CITY OF TACOMA - (WA),53033024602
2C4RC1S77M,Pierce,Tacoma,WA,98403,2021,CHRYSLER,PACIFICA,Plug-in Hybrid Electric Vehicle (PHEV),Clean Alternative Fuel Vehicle Eligible,32,27.0,267763226,POINT (-122.45782 47.26541),BONNEVILLE POWER ADMINISTRATION||CITY OF TACOMA - (WA)||PENINSULA LIGHT COMPANY,53053060600
5YJ3E1EB2L,King,Bellevue,WA,98006,2020,TESLA,MODEL 3,Battery Electric Vehicle (BEV),Clean Alternative Fuel Vehicle Eligible,322,41.0,253067853,POINT (-122.12096 47.55584),PUGET SOUND ENERGY INC||CITY OF TACOMA - (WA),53033024701
JM3KKEHA4S,King,Kent,WA,98031,2025,MAZDA,CX-90,Plug-in Hybrid Electric Vehicle (PHEV),Not eligible due to low battery range,26,47.0,280637360,POINT (-122.17743 47.41185),PUGET SOUND ENERGY INC||CITY OF TACOMA - (WA),53033029403
1N4AZ0CP6D,San Juan,Lopez Island,WA,98261,2013,NISSAN,LEAF,Battery Electric Vehicle (BEV),Clean Alternative Fuel Vehicle Eligible,75,40.0,117063446,POINT (-122.9143 48.52357),BONNEVILLE POWER ADMINISTRATION||ORCAS POWER & LIGHT COOP,53055960501
5YJ3E1EB5K,Spokane,Spokane,WA,99203,2019,TESLA,MODEL 3,Battery Electric Vehicle (BEV),Clean Alternative Fuel Vehicle Eligible,220,6.0,259144588,POINT (-117.39322 47.63374),MODERN ELECTRIC WATER COMPANY,53063004400
1C4RJYD69P,Snohomish,Snohomish,WA,98290,2023,JEEP,GRAND CHEROKEE,Plug-in Hybrid Electric Vehicle (PHEV),Not eligible due to low battery range,25,39.0,245792998,POINT (-122.09305 47.91265),PUGET SOUND ENERGY INC,53061052302
JM3KKEHA8R,Kitsap,Bremerton,WA,98312,2024,MAZDA,CX-90,Plug-in Hybrid Electric Vehicle (PHEV),Not eligible due to low battery range,26,26.0,253824413,POINT (-122.65223 47.57192),PUGET SOUND ENERGY INC,53035081000
KNDPZDDH9S,Snohomish,Everett,WA,98204,2025,KIA,SPORTAGE,Plug-in Hybrid Electric Vehicle (PHEV),Clean Alternative Fuel Vehicle Eligible,34,21.0,287986891,POINT (-122.27557 47.88936),PUGET SOUND ENERGY INC,53061041815
1N4BZ0CP6H,Kitsap,Bainbridge Island,WA,98110,2017,NISSAN,LEAF,Battery Electric Vehicle (BEV),Clean Alternative Fuel Vehicle Eligible,107,23.0,275744493,POINT (-122.521 47.62732),PUGET SOUND ENERGY INC,53035090901
5YJXCBE20K,Snohomish,Lynnwood,WA,98037,2019,TESLA,MODEL X,Battery Electric Vehicle (BEV),Clean Alternative Fuel Vehicle Eligible,289,32.0,160728949,POINT (-122.27734 47.83785),PUGET SOUND ENERGY INC,53061051702
3FA6P0SU8F,Pierce,Dupont,WA,98327,2015,FORD,FUSION,Plug-in Hybrid Electric Vehicle (PHEV),Not eligible due to low battery range,19,28.0,322220468,POINT (-122.62954 47.09583),PUGET SOUND ENERGY INC||CITY OF TACOMA - (WA),53053072802
1FADP5CU2D,Snohomish,Mountlake Terrace,WA,98043,2013,FORD,C-MAX,Plug-in Hybrid Electric Vehicle (PHEV),Not eligible due to low battery range,19,1.0,171224322,POINT (-122.31111 47.78803),PUGET SOUND ENERGY INC,53061051100
5YJ3E1EB5J,King,Seattle,WA,98125,2018,TESLA,MODEL 3,Battery Electric Vehicle (BEV),Clean Alternative Fuel Vehicle Eligible,215,46.0,267504618,POINT (-122.30253 47.72656),PUGET SOUND ENERGY INC||CITY OF TACOMA - (WA),53033000900
JTDKARFP3J,King,Kirkland,WA,98034,2018,TOYOTA,PRIUS PRIME (PHEV),Plug-in Hybrid Electric Vehicle (PHEV),Not eligible due to low battery range,25,45.0,237071915,POINT (-122.22901 47.72201),PUGET SOUND ENERGY INC||CITY OF TACOMA - (WA),53033021903
1FADP3R45E,King,Seattle,WA,98178,2014,FORD,FOCUS,Battery Electric Vehicle (BEV),Clean Alternative Fuel Vehicle Eligible,76,37.0,262991088,POINT (-122.25031 47.49481),PUGET SOUND ENERGY INC||CITY OF TACOMA - (WA),53033026001
5UXKT0C50J,King,Seattle,WA,98177,2018,BMW,X5,Plug-in Hybrid Electric Vehicle (PHEV),Not eligible due to low battery range,13,36.0,474658726,POINT (-122.37238 47.74068),CITY OF SEATTLE - (WA)|CITY OF TACOMA - (WA),53033001600
1G1FW6S03K,King,Kent,WA,98032,2019,CHEVROLET,BOLT EV,Battery Electric Vehicle (BEV),Clean Alternative Fuel Vehicle Eligible,238,33.0,132102085,POINT (-122.23741 47.3807),PUGET SOUND ENERGY INC||CITY OF TACOMA - (WA),53033029206
JHMZC5F16L,Snohomish,Everett,WA,98203,2020,HONDA,CLARITY,Plug-in Hybrid Electric Vehicle (PHEV),Clean Alternative Fuel Vehicle Eligible,47,38.0,127140926,POINT (-122.23019 47.94949),PUGET SOUND ENERGY INC,53061041303
1N4BZ0CP0H,King,Shoreline,WA,98133,2017,NISSAN,LEAF,Battery Electric Vehicle (BEV),Clean Alternative Fuel Vehicle Eligible,107,32.0,246033938,POINT (-122.33364 47.73709),CITY OF SEATTLE - (WA)|CITY OF TACOMA - (WA),53033020700
5YJ3E1EA1L,King,Bellevue,WA,98008,2020,TESLA,MODEL 3,Battery Electric Vehicle (BEV),Clean Alternative Fuel Vehicle Eligible,266,48.0,6302355,POINT (-122.11867 47.63131),PUGET SOUND ENERGY INC||CITY OF TACOMA - (WA),53033023100
5YJXCAE2XK,King,Auburn,WA,98002,2019,TESLA,MODEL X,Battery Electric Vehicle (BEV),Clean Alternative Fuel Vehicle Eligible,289,31.0,194798572,POINT (-122.2229 47.307),PUGET SOUND ENERGY INC||CITY OF TACOMA - (WA),53033030700
YV4H60CA6P,King,Kirkland,WA,98033,2023,VOLVO,XC90,Plug-in Hybrid Electric Vehicle (PHEV),Clean Alternative Fuel Vehicle Eligible,32,45.0,286879785,POINT (-122.2066 47.67887),PUGET SOUND ENERGY INC||CITY OF TACOMA - (WA),53033022006
YV4H60CE8R,Snohomish,Mill Creek,WA,98012,2024,VOLVO,XC90,Plug-in Hybrid Electric Vehicle (PHEV),Clean Alternative Fuel Vehicle Eligible,32,44.0,287753028,POINT (-122.20105 47.84423),PUGET SOUND ENERGY INC,53061052005
5UX43EU09R,Spokane,Spokane,WA,99203,2024,BMW,X5,Plug-in Hybrid Electric Vehicle (PHEV),Clean Alternative Fuel Vehicle Eligible,39,3.0,254000253,POINT (-117.39322 47.63374),MODERN ELECTRIC WATER COMPANY,53063004500
KNDPZDAH1P,Clark,Vancouver,WA,98685,2023,KIA,SPORTAGE,Plug-in Hybrid Electric Vehicle (PHEV),Clean Alternative Fuel Vehicle Eligible,34,18.0,239777933,POINT (-122.70303 45.70954),BONNEVILLE POWER ADMINISTRATION||PUD NO 1 OF CLARK COUNTY - (WA),53011040907
WAUVPBF2XM,Clark,Vancouver,WA,98665,2021,AUDI,A7 E,Plug-in Hybrid Electric Vehicle (PHEV),Not eligible due to low battery range,24,49.0,273327708,POINT (-122.64443 45.67871),BONNEVILLE POWER ADMINISTRATION||PUD NO 1 OF CLARK COUNTY - (WA),53011041005
5YJXCAE41G,Pierce,Bonney Lake,WA,98391,2016,TESLA,MODEL X,Battery Electric Vehicle (BEV),Clean Alternative Fuel Vehicle Eligible,200,31.0,285981041,POINT (-122.17144 47.19175),PUGET SOUND ENERGY INC||CITY OF TACOMA - (WA),53053070312
WP0AD2A7XF,King,Tukwila,WA,98188,2015,PORSCHE,PANAMERA,Plug-in Hybrid Electric Vehicle (PHEV),Not eligible due to low battery range,15,11.0,350270238,POINT (-122.27979 47.44952),PUGET SOUND ENERGY INC||CITY OF TACOMA - (WA),53033026200
5YJ3E1EA7L,King,Bellevue,WA,98004,2020,TESLA,MODEL 3,Battery Electric Vehicle (BEV),Clean Alternative Fuel Vehicle Eligible,266,48.0,6381315,POINT (-122.1872 47.61001),PUGET SOUND ENERGY INC||CITY OF TACOMA - (WA),53033024001
1C4JJXN69P,Snohomish,Everett,WA,98201,2023,JEEP,WRANGLER,Plug-in Hybrid Electric Vehicle (PHEV),Not eligible due to low battery range,21,38.0,240619333,POINT (-122.20596 47.97659),PUGET SOUND ENERGY INC,53061040700
YV4BR0CK2M,Clark,Camas,WA,98607,2021,VOLVO,XC90,Plug-in Hybrid Electric Vehicle (PHEV),Not eligible due to low battery range,18,18.0,281516616,POINT (-122.40199 45.58694),BONNEVILLE POWER ADMINISTRATION||PUD NO 1 OF CLARK COUNTY - (WA),53011040608
KNDRMDLH2P,Thurston,Olympia,WA,98502,2023,KIA,SORENTO,Plug-in Hybrid Electric Vehicle (PHEV),Clean Alternative Fuel Vehicle Eligible,32,22.0,244789583,POINT (-122.92333 47.03779),PUGET SOUND ENERGY INC,53067010600
5YJ3E1EB3L,King,Kent,WA,98031,2020,TESLA,MODEL 3,Battery Electric Vehicle (BEV),Clean Alternative Fuel Vehicle Eligible,322,47.0,236184728,POINT (-122.17743 47.41185),PUGET SOUND ENERGY INC||CITY OF TACOMA - (WA),53033029408
JTMFB3FV1R,King,Seattle,WA,98125,2024,TOYOTA,RAV4 PRIME (PHEV),Plug-in Hybrid Electric Vehicle (PHEV),Clean Alternative Fuel Vehicle Eligible,42,46.0,270171569,POINT (-122.30253 47.72656),CITY OF SEATTLE - (WA)|CITY OF TACOMA - (WA),53033000800
1G1RB6E42E,Snohomish,Bothell,WA,98021,2014,CHEVROLET,VOLT,Plug-in Hybrid Electric Vehicle (PHEV),Clean Alternative Fuel Vehicle Eligible,38,1.0,170978055,POINT (-122.18384 47.8031),PUGET SOUND ENERGY INC,53061051918
JTDKN3DP2F,King,Redmond,WA,98052,2015,TOYOTA,PRIUS,Plug-in Hybrid Electric Vehicle (PHEV),Not eligible due to low battery range,6,48.0,115495894,POINT (-122.13158 47.67858),PUGET SOUND ENERGY INC||CITY OF TACOMA - (WA),53033032325
1G1RC6S54J,Pierce,Tacoma,WA,98446,2018,CHEVROLET,VOLT,Plug-in Hybrid Electric Vehicle (PHEV),Clean Alternative Fuel Vehicle Eligible,53,29.0,285308306,POINT (-122.37747 47.09665),BONNEVILLE POWER ADMINISTRATION||CITY OF TACOMA - (WA)||ELMHURST MUTUAL POWER & LIGHT CO|PENINSULA LIGHT COMPANY,53053071412
5YJ3E1EA4J,King,Seattle,WA,98119,2018,TESLA,MODEL 3,Battery Electric Vehicle (BEV),Clean Alternative Fuel Vehicle Eligible,215,36.0,473739577,POINT (-122.3684 47.64586),CITY OF SEATTLE - (WA)|CITY OF TACOMA - (WA),53033007001
WA1E2AFY2L,Pierce,Tacoma,WA,98407,2020,AUDI,Q5 E,Plug-in Hybrid Electric Vehicle (PHEV),Not eligible due to low battery range,20,27.0,104527944,POINT (-122.54304 47.31803),BONNEVILLE POWER ADMINISTRATION||CITY OF TACOMA - (WA)||PENINSULA LIGHT COMPANY,53053060400
ZACPDFCW2R,King,Tukwila,WA,98188,2024,DODGE,HORNET,Plug-in Hybrid Electric Vehicle (PHEV),Clean Alternative Fuel Vehicle Eligible,32,11.0,261808872,POINT (-122.27979 47.44952),PUGET SOUND ENERGY INC||CITY OF TACOMA - (WA),53033028200
1C4RJYD68N,Whatcom,Bellingham,WA,98226,2022,JEEP,GRAND CHEROKEE,Plug-in Hybrid Electric Vehicle (PHEV),Not eligible due to low battery range,25,42.0,236543975,POINT (-122.49756 48.7999),PUGET SOUND ENERGY INC||PUD NO 1 OF WHATCOM COUNTY,53073000202
1N4BZ1DP2L,King,Bellevue,WA,98004,2020,NISSAN,LEAF,Battery Electric Vehicle (BEV),Clean Alternative Fuel Vehicle Eligible,215,41.0,264395449,POINT (-122.1872 47.61001),PUGET SOUND ENERGY INC||CITY OF TACOMA - (WA),53033023801
5YJSA1E2XJ,King,Carnation,WA,98014,2018,TESLA,MODEL S,Battery Electric Vehicle (BEV),Clean Alternative Fuel Vehicle Eligible,249,5.0,199416983,POINT (-121.91353 47.64901),CITY OF TACOMA - (WA)||TANNER ELECTRIC COOP,53033032500
JTMAB3FV4R,Clallam,Sequim,WA,98382,2024,TOYOTA,RAV4 PRIME (PHEV),Plug-in Hybrid Electric Vehicle (PHEV),Clean Alternative Fuel Vehicle Eligible,42,24.0,263001210,POINT (-123.10367 48.07965),BONNEVILLE POWER ADMINISTRATION||PUD NO 1 OF CLALLAM COUNTY,53009001901
1G1RH6E48D,King,Seattle,WA,98144,2013,CHEVROLET,VOLT,Plug-in Hybrid Electric Vehicle (PHEV),Clean Alternative Fuel Vehicle Eligible,38,37.0,190360572,POINT (-122.30866 47.57874),CITY OF SEATTLE - (WA)|CITY OF TACOMA - (WA),53033008900
WA1LAAGE1K,King,Seattle,WA,98122,2019,AUDI,E-TRON,Battery Electric Vehicle (BEV),Clean Alternative Fuel Vehicle Eligible,204,37.0,284154692,POINT (-122.31009 47.60803),CITY OF SEATTLE - (WA)|CITY OF TACOMA - (WA),53033008600
5YJ3E1EA9K,King,Bellevue,WA,98006,2019,TESLA,MODEL 3,Battery Electric Vehicle (BEV),Clean Alternative Fuel Vehicle Eligible,220,41.0,112975831,POINT (-122.12096 47.55584),PUGET SOUND ENERGY INC||CITY OF TACOMA - (WA),53033024901
WBY1Z4C54G,King,Seattle,WA,98107,2016,BMW,I3,Plug-in Hybrid Electric Vehicle (PHEV),Clean Alternative Fuel Vehicle Eligible,72,43.0,208192190,POINT (-122.38591 47.67597),CITY OF SEATTLE - (WA)|CITY OF TACOMA - (WA),53033004800
1G1FW6S09J,King,Seattle,WA,98144,2018,CHEVROLET,BOLT EV,Battery Electric Vehicle (BEV),Clean Alternative Fuel Vehicle Eligible,238,37.0,251288985,POINT (-122.30866 47.57874),CITY OF SEATTLE - (WA)|CITY OF TACOMA - (WA),53033009000
5YJ3E1EB9J,Island,Coupeville,WA,98239,2018,TESLA,MODEL 3,Battery Electric Vehicle (BEV),Clean Alternative Fuel Vehicle Eligible,215,10.0,282288660,POINT (-122.68558 48.21857),PUGET SOUND ENERGY INC,53029971000
WAUUPBFF1J,King,Seattle,WA,98117,2018,AUDI,A3,Plug-in Hybrid Electric Vehicle (PHEV),Not eligible due to low battery range,16,36.0,334338679,POINT (-122.38418 47.70044),CITY OF SEATTLE - (WA)|CITY OF TACOMA - (WA),53033003301
YV4BR0DL6J,King,Kirkland,WA,98034,2018,VOLVO,XC60,Plug-in Hybrid Electric Vehicle (PHEV),Not eligible due to low battery range,17,45.0,100503007,POINT (-122.22901 47.72201),PUGET SOUND ENERGY INC||CITY OF TACOMA - (WA),53033021904
1N4AZ1BP1L,Yakima,Yakima,WA,98902,2020,NISSAN,LEAF,Battery Electric Vehicle (BEV),Clean Alternative Fuel Vehicle Eligible,149,14.0,138245117,POINT (-120.51904 46.59783),PACIFICORP,53077001000
JHMZC5F14K,Island,Oak Harbor,WA,98277,2019,HONDA,CLARITY,Plug-in Hybrid Electric Vehicle (PHEV),Clean Alternative Fuel Vehicle Eligible,47,10.0,280772271,POINT (-122.64682 48.29077),PUGET SOUND ENERGY INC,53029970700
1G1FZ6S07K,King,Kirkland,WA,98033,2019,CHEVROLET,BOLT EV,Battery Electric Vehicle (BEV),Clean Alternative Fuel Vehicle Eligible,238,48.0,254460097,POINT (-122.2066 47.67887),PUGET SOUND ENERGY INC||CITY OF TACOMA - (WA),53033022702
1C4JJXR65N,Pierce,Roy,WA,98580,2022,JEEP,WRANGLER,Plug-in Hybrid Electric Vehicle (PHEV),Not eligible due to low battery range,22,2.0,205389404,POINT (-122.54332 47.00328),PUGET SOUND ENERGY INC||CITY OF TACOMA - (WA),53053073001
W1N0G5DBXL,King,Fall City,WA,98024,2020,MERCEDES-BENZ,GLC-CLASS,Plug-in Hybrid Electric Vehicle (PHEV),Not eligible due to low battery range,22,5.0,111909269,POINT (-121.89086 47.56812),PUGET SOUND ENERGY INC||CITY OF TACOMA - (WA),53033032500
KNDCR3LF1P,Thurston,Olympia,WA,98501,2023,KIA,NIRO,Plug-in Hybrid Electric Vehicle (PHEV),Clean Alternative Fuel Vehicle Eligible,33,22.0,230777459,POINT (-122.89165 47.03954),NO KNOWN ELECTRIC UTILITY SERVICE,53067010100
1G1RD6E41D,Clark,Vancouver,WA,98684,2013,CHEVROLET,VOLT,Plug-in Hybrid Electric Vehicle (PHEV),Clean Alternative Fuel Vehicle Eligible,38,17.0,231530876,POINT (-122.48723 45.63701),BONNEVILLE POWER ADMINISTRATION||PUD NO 1 OF CLARK COUNTY - (WA),53011041319
5YJSA1CG9D,King,Woodinville,WA,98072,2013,TESLA,MODEL S,Battery Electric Vehicle (BEV),Clean Alternative Fuel Vehicle Eligible,208,45.0,133006310,POINT (-122.15545 47.75448),PUGET SOUND ENERGY INC||CITY OF TACOMA - (WA),53033032326
JHMZC5F16J,Clark,Vancouver,WA,98683,2018,HONDA,CLARITY,Plug-in Hybrid Electric Vehicle (PHEV),Clean Alternative Fuel Vehicle Eligible,47,18.0,286754359,POINT (-122.49212 45.60365),BONNEVILLE POWER ADMINISTRATION||PUD NO 1 OF CLARK COUNTY - (WA),53011041329
1G1FZ6S08L,Whatcom,Ferndale,WA,98248,2020,CHEVROLET,BOLT EV,Battery Electric Vehicle (BEV),Clean Alternative Fuel Vehicle Eligible,259,42.0,114345465,POINT (-122.5945 48.84787),PUGET SOUND ENERGY INC||PUD NO 1 OF WHATCOM COUNTY,53073010503
KNDCE3LG1L,Snohomish,Stanwood,WA,98292,2020,KIA,NIRO,Battery Electric Vehicle (BEV),Clean Alternative Fuel Vehicle Eligible,239,10.0,137101191,POINT (-122.37265 48.24159),BONNEVILLE POWER ADMINISTRATION||PUD 1 OF SNOHOMISH COUNTY,53061053301
KNDCC3LG8L,King,Seattle,WA,98112,2020,KIA,NIRO,Battery Electric Vehicle (BEV),Clean Alternative Fuel Vehicle Eligible,239,43.0,144691263,POINT (-122.30207 47.64085),CITY OF SEATTLE - (WA)|CITY OF TACOMA - (WA),53033006400
YV4H60DM8R,King,Kirkland,WA,98033,2024,VOLVO,XC60,Plug-in Hybrid Electric Vehicle (PHEV),Clean Alternative Fuel Vehicle Eligible,35,48.0,279024791,POINT (-122.2066 47.67887),PUGET SOUND ENERGY INC||CITY OF TACOMA - (WA),53033022702
5YJSA1E21J,King,Kent,WA,98032,2018,TESLA,MODEL S,Battery Electric Vehicle (BEV),Clean Alternative Fuel Vehicle Eligible,249,33.0,475142230,POINT (-122.23741 47.3807),PUGET SOUND ENERGY INC||CITY OF TACOMA - (WA),53033029803
KNDCC3LG4K,King,Seattle,WA,98112,2019,KIA,NIRO,Battery Electric Vehicle (BEV),Clean Alternative Fuel Vehicle Eligible,239,43.0,2435597,POINT (-122.30207 47.64085),CITY OF SEATTLE - (WA)|CITY OF TACOMA - (WA),53033006400
5YJXCDE24L,Snohomish,Edmonds,WA,98020,2020,TESLA,MODEL X,Battery Electric Vehicle (BEV),Clean Alternative Fuel Vehicle Eligible,289,21.0,195386376,POINT (-122.37689 47.81116),PUGET SOUND ENERGY INC,53061050300
JM3KKDHA8R,King,Kirkland,WA,98034,2024,MAZDA,CX-90,Plug-in Hybrid Electric Vehicle (PHEV),Not eligible due to low battery range,26,45.0,253930365,POINT (-122.22901 47.72201),PUGET SOUND ENERGY INC||CITY OF TACOMA - (WA),53033021905
5YJ3E1EC8L,Kitsap,Bainbridge Island,WA,98110,2020,TESLA,MODEL 3,Battery Electric Vehicle (BEV),Clean Alternative Fuel Vehicle Eligible,308,23.0,107518645,POINT (-122.521 47.62732),PUGET SOUND ENERGY INC,53035090902
5UXTS1C07L,Whatcom,Blaine,WA,98230,2020,BMW,X3,Plug-in Hybrid Electric Vehicle (PHEV),Not eligible due to low battery range,17,42.0,187065168,POINT (-122.74823 48.99405),CITY OF BLAINE - (WA)||PUD NO 1 OF WHATCOM COUNTY,53073010405
5YJ3E1EB9K,Kitsap,Poulsbo,WA,98370,2019,TESLA,MODEL 3,Battery Electric Vehicle (BEV),Clean Alternative Fuel Vehicle Eligible,220,23.0,272183943,POINT (-122.64681 47.73689),PUGET SOUND ENERGY INC,53035090202
5YJ3E1EB6J,Kitsap,Bainbridge Island,WA,98110,2018,TESLA,MODEL 3,Battery Electric Vehicle (BEV),Clean Alternative Fuel Vehicle Eligible,215,23.0,474126579,POINT (-122.521 47.62732),PUGET SOUND ENERGY INC,53035090800
1G1FY6S02L,King,Sammamish,WA,98029,2020,CHEVROLET,BOLT EV,Battery Electric Vehicle (BEV),Clean Alternative Fuel Vehicle Eligible,259,5.0,112185076,POINT (-122.01656 47.57118),PUGET SOUND ENERGY INC||CITY OF TACOMA - (WA),53033032223
1N4AZ0CP3G,King,Seattle,WA,98125,2016,NISSAN,LEAF,Battery Electric Vehicle (BEV),Clean Alternative Fuel Vehicle Eligible,84,46.0,6679760,POINT (-122.30253 47.72656),CITY OF SEATTLE - (WA)|CITY OF TACOMA - (WA),53033001201
1C4JJXP61M,Whatcom,Ferndale,WA,98248,2021,JEEP,WRANGLER,Plug-in Hybrid Electric Vehicle (PHEV),Not eligible due to low battery range,25,42.0,152494002,POINT (-122.5945 48.84787),PUGET SOUND ENERGY INC||PUD NO 1 OF WHATCOM COUNTY,53073940001
1N4BZ1DP6L,Cowlitz,Kalama,WA,98625,2020,NISSAN,LEAF,Battery Electric Vehicle (BEV),Clean Alternative Fuel Vehicle Eligible,215,20.0,265628870,POINT (-122.84226 46.00813),BONNEVILLE POWER ADMINISTRATION||PUD NO 1 OF COWLITZ COUNTY,53015001601
2C4RC1S77R,Lewis,Centralia,WA,98531,2024,CHRYSLER,PACIFICA,Plug-in Hybrid Electric Vehicle (PHEV),Clean Alternative Fuel Vehicle Eligible,32,20.0,265588522,POINT (-122.95266 46.72895),BONNEVILLE POWER ADMINISTRATION||CITY OF CENTRALIA - (WA)|CITY OF TACOMA - (WA),53041970700
1N4BZ1CP3K,Spokane,Spokane Valley,WA,99216,2019,NISSAN,LEAF,Battery Electric Vehicle (BEV),Clean Alternative Fuel Vehicle Eligible,150,4.0,237648281,POINT (-117.18917 47.67176),BONNEVILLE POWER ADMINISTRATION||AVISTA CORP||INLAND POWER & LIGHT COMPANY,53063012801
ZACPDFCW6R,King,Tukwila,WA,98188,2024,DODGE,HORNET,Plug-in Hybrid Electric Vehicle (PHEV),Clean Alternative Fuel Vehicle Eligible,32,11.0,262708008,POINT (-122.27979 47.44952),PUGET SOUND ENERGY INC||CITY OF TACOMA - (WA),53033028200
3MW39FS01P,King,Bellevue,WA,98006,2023,BMW,330E,Plug-in Hybrid Electric Vehicle (PHEV),Not eligible due to low battery range,20,41.0,228255100,POINT (-122.12096 47.55584),PUGET SOUND ENERGY INC||CITY OF TACOMA - (WA),53033024901
5LMYJ8XY7N,Pierce,Fox Island,WA,98333,2022,LINCOLN,AVIATOR,Plug-in Hybrid Electric Vehicle (PHEV),Not eligible due to low battery range,21,26.0,206927472,POINT (-122.65107 47.27375),BONNEVILLE POWER ADMINISTRATION||CITY OF TACOMA - (WA)||PENINSULA LIGHT COMPANY,53053072410
YV4H60CL3N,King,Seattle,WA,98177,2022,VOLVO,XC90,Plug-in Hybrid Electric Vehicle (PHEV),Clean Alternative Fuel Vehicle Eligible,35,36.0,209120537,POINT (-122.37238 47.74068),CITY OF SEATTLE - (WA)|CITY OF TACOMA - (WA),53033001600
5YJ3E1EB0L,King,Bellevue,WA,98005,2020,TESLA,MODEL 3,Battery Electric Vehicle (BEV),Clean Alternative Fuel Vehicle Eligible,322,41.0,244274523,POINT (-122.1621 47.64441),PUGET SOUND ENERGY INC||CITY OF TACOMA - (WA),53033023401
5YJXCBE21H,Clark,Vancouver,WA,98682,2017,TESLA,MODEL X,Battery Electric Vehicle (BEV),Clean Alternative Fuel Vehicle Eligible,200,17.0,123278795,POINT (-122.55149 45.69345),BONNEVILLE POWER ADMINISTRATION||PUD NO 1 OF CLARK COUNTY - (WA),53011040713
5UXKT0C59H,King,Seattle,WA,98146,2017,BMW,X5,Plug-in Hybrid Electric Vehicle (PHEV),Not eligible due to low battery range,14,34.0,107654319,POINT (-122.36322 47.49736),CITY OF SEATTLE - (WA)|CITY OF TACOMA - (WA),53033012100
5YJXCBE25H,King,Bellevue,WA,98004,2017,TESLA,MODEL X,Battery Electric Vehicle (BEV),Clean Alternative Fuel Vehicle Eligible,200,41.0,119566912,POINT (-122.1872 47.61001),PUGET SOUND ENERGY INC||CITY OF TACOMA - (WA),53033023901
5YJ3E1EA2J,Whatcom,Bellingham,WA,98229,2018,TESLA,MODEL 3,Battery Electric Vehicle (BEV),Clean Alternative Fuel Vehicle Eligible,215,40.0,282791785,POINT (-122.45486 48.7449),PUGET SOUND ENERGY INC||PUD NO 1 OF WHATCOM COUNTY,53073000808
5YJ3E1EAXJ,King,Seattle,WA,98133,2018,TESLA,MODEL 3,Battery Electric Vehicle (BEV),Clean Alternative Fuel Vehicle Eligible,215,32.0,474585954,POINT (-122.33364 47.73709),CITY OF SEATTLE - (WA)|CITY OF TACOMA - (WA),53033000402
1N4AZ0CP8F,King,Seattle,WA,98125,2015,NISSAN,LEAF,Battery Electric Vehicle (BEV),Clean Alternative Fuel Vehicle Eligible,84,46.0,174886869,POINT (-122.30253 47.72656),CITY OF SEATTLE - (WA)|CITY OF TACOMA - (WA),53033000601
5YJXCBE47J,King,Kirkland,WA,98034,2018,TESLA,MODEL X,Battery Electric Vehicle (BEV),Clean Alternative Fuel Vehicle Eligible,238,1.0,279957870,POINT (-122.22901 47.72201),PUGET SOUND ENERGY INC||CITY OF TACOMA - (WA),53033022204
KNDCC3LG2K,Clark,Vancouver,WA,98665,2019,KIA,NIRO,Battery Electric Vehicle (BEV),Clean Alternative Fuel Vehicle Eligible,239,49.0,289349847,POINT (-122.64443 45.67871),BONNEVILLE POWER ADMINISTRATION||PUD NO 1 OF CLARK COUNTY - (WA),53011040809
WA1LAAGE3M,Clark,Camas,WA,98607,2021,AUDI,E-TRON,Battery Electric Vehicle (BEV),Clean Alternative Fuel Vehicle Eligible,222,18.0,156773130,POINT (-122.40199 45.58694),BONNEVILLE POWER ADMINISTRATION||PUD NO 1 OF CLARK COUNTY - (WA),53011040603
5UX43EU00S,Pierce,Gig Harbor,WA,98332,2025,BMW,X5,Plug-in Hybrid Electric Vehicle (PHEV),Clean Alternative Fuel Vehicle Eligible,40,26.0,272001572,POINT (-122.58964 47.34235),BONNEVILLE POWER ADMINISTRATION||CITY OF TACOMA - (WA)||PENINSULA LIGHT COMPANY,53053072509
JTJKKCFZ0R,King,Auburn,WA,98092,2024,LEXUS,NX,Plug-in Hybrid Electric Vehicle (PHEV),Clean Alternative Fuel Vehicle Eligible,37,47.0,276832615,POINT (-122.18262 47.31825),PUGET SOUND ENERGY INC||CITY OF TACOMA - (WA),53033029602
1C4JJXN65P,King,Tukwila,WA,98188,2023,JEEP,WRANGLER,Plug-in Hybrid Electric Vehicle (PHEV),Not eligible due to low battery range,21,11.0,236101372,POINT (-122.27979 47.44952),PUGET SOUND ENERGY INC||CITY OF TACOMA - (WA),53033028200
KNDRMDLH9N,King,Seattle,WA,98102,2022,KIA,SORENTO,Plug-in Hybrid Electric Vehicle (PHEV),Clean Alternative Fuel Vehicle Eligible,32,43.0,212207096,POINT (-122.32427 47.63433),CITY OF SEATTLE - (WA)|CITY OF TACOMA - (WA),53033006100
5YJSA1E25J,Snohomish,Lake Stevens,WA,98258,2018,TESLA,MODEL S,Battery Electric Vehicle (BEV),Clean Alternative Fuel Vehicle Eligible,249,44.0,109022441,POINT (-122.06402 48.01497),PUGET SOUND ENERGY INC,53061052506
1C4RJXR63R,Pierce,University Place,WA,98467,2024,JEEP,WRANGLER,Plug-in Hybrid Electric Vehicle (PHEV),Not eligible due to low battery range,21,28.0,253703719,POINT (-122.50669 47.20313),BONNEVILLE POWER ADMINISTRATION||CITY OF TACOMA - (WA)||PENINSULA LIGHT COMPANY,53053072314
1G1RB6S56J,Clark,Vancouver,WA,98684,2018,CHEVROLET,VOLT,Plug-in Hybrid Electric Vehicle (PHEV),Clean Alternative Fuel Vehicle Eligible,53,17.0,162877676,POINT (-122.48723 45.63701),BONNEVILLE POWER ADMINISTRATION||PUD NO 1 OF CLARK COUNTY - (WA),53011041320
5YJXCDE26L,King,Newcastle,WA,98056,2020,TESLA,MODEL X,Battery Electric Vehicle (BEV),Clean Alternative Fuel Vehicle Eligible,289,41.0,211028625,POINT (-122.18839 47.51197),PUGET SOUND ENERGY INC||CITY OF TACOMA - (WA),53033024703
5YJYGDEEXL,Clark,Vancouver,WA,98664,2020,TESLA,MODEL Y,Battery Electric Vehicle (BEV),Clean Alternative Fuel Vehicle Eligible,291,49.0,199210399,POINT (-122.59219 45.62158),BONNEVILLE POWER ADMINISTRATION||PUD NO 1 OF CLARK COUNTY - (WA),53011041207
5YJXCAE26G,King,Maple Valley,WA,98038,2016,TESLA,MODEL X,Battery Electric Vehicle (BEV),Clean Alternative Fuel Vehicle Eligible,200,5.0,313479687,POINT (-122.04526 47.39394),PUGET SOUND ENERGY INC||CITY OF TACOMA - (WA),53033031604
5UX43EU0XS,Snohomish,Lake Stevens,WA,98258,2025,BMW,X5,Plug-in Hybrid Electric Vehicle (PHEV),Clean Alternative Fuel Vehicle Eligible,40,44.0,276197050,POINT (-122.06402 48.01497),PUGET SOUND ENERGY INC,53061052506
1N4AZ0CP4D,King,Kirkland,WA,98034,2013,NISSAN,LEAF,Battery Electric Vehicle (BEV),Clean Alternative Fuel Vehicle Eligible,75,45.0,198824153,POINT (-122.22901 47.72201),PUGET SOUND ENERGY INC||CITY OF TACOMA - (WA),53033022003
JTMFB3FV8R,King,Seattle,WA,98136,2024,TOYOTA,RAV4 PRIME (PHEV),Plug-in Hybrid Electric Vehicle (PHEV),Clean Alternative Fuel Vehicle Eligible,42,34.0,272121657,POINT (-122.38415 47.53755),CITY OF SEATTLE - (WA)|CITY OF TACOMA - (WA),53033012000
1N4AZ1CP0L,Snohomish,Snohomish,WA,98296,2020,NISSAN,LEAF,Battery Electric Vehicle (BEV),Clean Alternative Fuel Vehicle Eligible,149,1.0,132843623,POINT (-122.1389 47.87115),PUGET SOUND ENERGY INC,53061052112
YV4BR0CL3M,King,Bothell,WA,98011,2021,VOLVO,XC90,Plug-in Hybrid Electric Vehicle (PHEV),Not eligible due to low battery range,18,1.0,271071188,POINT (-122.20563 47.76144),PUGET SOUND ENERGY INC||CITY OF TACOMA - (WA),53033021804
1N4BZ0CP8G,King,Seattle,WA,98178,2016,NISSAN,LEAF,Battery Electric Vehicle (BEV),Clean Alternative Fuel Vehicle Eligible,84,37.0,119182745,POINT (-122.25031 47.49481),CITY OF SEATTLE - (WA)|CITY OF TACOMA - (WA),53033011902
5YJXCDE27H,King,Kirkland,WA,98033,2017,TESLA,MODEL X,Battery Electric Vehicle (BEV),Clean Alternative Fuel Vehicle Eligible,200,48.0,223544765,POINT (-122.2066 47.67887),PUGET SOUND ENERGY INC||CITY OF TACOMA - (WA),53033022701
1C4JJXR67N,King,Kent,WA,98030,2022,JEEP,WRANGLER,Plug-in Hybrid Electric Vehicle (PHEV),Not eligible due to low battery range,22,47.0,214985088,POINT (-122.19975 47.37483),PUGET SOUND ENERGY INC||CITY OF TACOMA - (WA),53033029604
5YJSA1H27F,King,Kirkland,WA,98034,2015,TESLA,MODEL S,Battery Electric Vehicle (BEV),Clean Alternative Fuel Vehicle Eligible,208,1.0,194293683,POINT (-122.22901 47.72201),PUGET SOUND ENERGY INC||CITY OF TACOMA - (WA),53033022203
5YJ3E1EA2J,King,Bellevue,WA,98008,2018,TESLA,MODEL 3,Battery Electric Vehicle (BEV),Clean Alternative Fuel Vehicle Eligible,215,48.0,286489941,POINT (-122.11867 47.63131),PUGET SOUND ENERGY INC||CITY OF TACOMA - (WA),53033023300
JTDKN3DP7C,King,Bellevue,WA,98006,2012,TOYOTA,PRIUS,Plug-in Hybrid Electric Vehicle (PHEV),Not eligible due to low battery range,6,41.0,229723994,POINT (-122.12096 47.55584),PUGET SOUND ENERGY INC||CITY OF TACOMA - (WA),53033024704
JN1AZ0CP0B,Kitsap,Bainbridge Island,WA,98110,2011,NISSAN,LEAF,Battery Electric Vehicle (BEV),Clean Alternative Fuel Vehicle Eligible,73,23.0,158995406,POINT (-122.521 47.62732),PUGET SOUND ENERGY INC,53035090800
5YJXCAE2XH,King,Sammamish,WA,98075,2017,TESLA,MODEL X,Battery Electric Vehicle (BEV),Clean Alternative Fuel Vehicle Eligible,200,41.0,304527541,POINT (-122.03539 47.61344),PUGET SOUND ENERGY INC||CITY OF TACOMA - (WA),53033032215
KL8CL6S0XF,Spokane,Spokane,WA,99202,2015,CHEVROLET,SPARK,Battery Electric Vehicle (BEV),Clean Alternative Fuel Vehicle Eligible,82,3.0,476605860,POINT (-117.3797 47.65548),MODERN ELECTRIC WATER COMPANY,53063003100
7JRBR0FM3L,King,Bellevue,WA,98004,2020,VOLVO,S60,Plug-in Hybrid Electric Vehicle (PHEV),Not eligible due to low battery range,22,41.0,6201982,POINT (-122.1872 47.61001),PUGET SOUND ENERGY INC||CITY OF TACOMA - (WA),53033023902
5YJYGDEEXL,Clark,Amboy,WA,98601,2020,TESLA,MODEL Y,Battery Electric Vehicle (BEV),Clean Alternative Fuel Vehicle Eligible,291,20.0,112728150,POINT (-122.42148 45.91958),BONNEVILLE POWER ADMINISTRATION||PUD NO 1 OF CLARK COUNTY - (WA),53011040202
WA13ABGE6M,Clark,Vancouver,WA,98682,2021,AUDI,E-TRON SPORTBACK,Battery Electric Vehicle (BEV),Clean Alternative Fuel Vehicle Eligible,218,17.0,272419500,POINT (-122.55149 45.69345),BONNEVILLE POWER ADMINISTRATION||PUD NO 1 OF CLARK COUNTY - (WA),53011041334
1C4RJYE63P,King,Auburn,WA,98001,2023,JEEP,GRAND CHEROKEE,Plug-in Hybrid Electric Vehicle (PHEV),Not eligible due to low battery range,25,47.0,245770780,POINT (-122.28802 47.30264),PUGET SOUND ENERGY INC||CITY OF TACOMA - (WA),53033029902
WA1F2AFY3M,Skamania,Stevenson,WA,98648,2021,AUDI,Q5 E,Plug-in Hybrid Electric Vehicle (PHEV),Not eligible due to low battery range,18,14.0,273429712,POINT (-121.88258 45.69417),BONNEVILLE POWER ADMINISTRATION||PUD NO 1 OF SKAMANIA CO,53059950400
1G1FX6S05H,King,Enumclaw,WA,98022,2017,CHEVROLET,BOLT EV,Battery Electric Vehicle (BEV),Clean Alternative Fuel Vehicle Eligible,238,31.0,123261582,POINT (-121.99136 47.20433),PUGET SOUND ENERGY INC||CITY OF TACOMA - (WA),53033031302
5YJXCAE20K,King,Sammamish,WA,98075,2019,TESLA,MODEL X,Battery Electric Vehicle (BEV),Clean Alternative Fuel Vehicle Eligible,289,41.0,316932507,POINT (-122.03539 47.61344),PUGET SOUND ENERGY INC||CITY OF TACOMA - (WA),53033032217
JN1AZ0CP8B,Lewis,Chehalis,WA,98532,2011,NISSAN,LEAF,Battery Electric Vehicle (BEV),Clean Alternative Fuel Vehicle Eligible,73,20.0,198020581,POINT (-122.96462 46.6621),PUGET SOUND ENERGY INC||CITY OF TACOMA - (WA),53041970800
5UXTA6C03M,Kitsap,Bainbridge Island,WA,98110,2021,BMW,X5,Plug-in Hybrid Electric Vehicle (PHEV),Clean Alternative Fuel Vehicle Eligible,30,23.0,171547435,POINT (-122.521 47.62732),PUGET SOUND ENERGY INC,53035090800
5YJXCBE42L,Whatcom,Ferndale,WA,98248,2020,TESLA,MODEL X,Battery Electric Vehicle (BEV),Clean Alternative Fuel Vehicle Eligible,293,42.0,290738227,POINT (-122.5945 48.84787),PUGET SOUND ENERGY INC||PUD NO 1 OF WHATCOM COUNTY,53073940001
5LMYJ8XY0N,King,Auburn,WA,98092,2022,LINCOLN,AVIATOR,Plug-in Hybrid Electric Vehicle (PHEV),Not eligible due to low battery range,21,47.0,199395675,POINT (-122.18262 47.31825),PUGET SOUND ENERGY INC||CITY OF TACOMA - (WA),53033029602
WDDVP9AB5G,King,Bellevue,WA,98005,2016,MERCEDES-BENZ,B-CLASS,Battery Electric Vehicle (BEV),Clean Alternative Fuel Vehicle Eligible,87,48.0,121582947,POINT (-122.1621 47.64441),PUGET SOUND ENERGY INC||CITY OF TACOMA - (WA),53033023701
1G1RD6S5XG,King,Maple Valley,WA,98038,2016,CHEVROLET,VOLT,Plug-in Hybrid Electric Vehicle (PHEV),Clean Alternative Fuel Vehicle Eligible,53,5.0,280293219,POINT (-122.04526 47.39394),PUGET SOUND ENERGY INC||CITY OF TACOMA - (WA),53033032008
1C4JJXP63P,King,Kent,WA,98031,2023,JEEP,WRANGLER,Plug-in Hybrid Electric Vehicle (PHEV),Not eligible due to low battery range,21,47.0,219618871,POINT (-122.17743 47.41185),PUGET SOUND ENERGY INC||CITY OF TACOMA - (WA),53033029408
1N4AZ0CP0D,King,Seattle,WA,98125,2013,NISSAN,LEAF,Battery Electric Vehicle (BEV),Clean Alternative Fuel Vehicle Eligible,75,46.0,211771696,POINT (-122.30253 47.72656),CITY OF SEATTLE - (WA)|CITY OF TACOMA - (WA),53033000900
5YJ3E1EA9K,King,Bellevue,WA,98006,2019,TESLA,MODEL 3,Battery Electric Vehicle (BEV),Clean Alternative Fuel Vehicle Eligible,220,41.0,477386836,POINT (-122.12096 47.55584),PUGET SOUND ENERGY INC||CITY OF TACOMA - (WA),53033025007
KNDJP3AE8H,San Juan,Friday Harbor,WA,98250,2017,KIA,SOUL,Battery Electric Vehicle (BEV),Clean Alternative Fuel Vehicle Eligible,93,40.0,180393146,POINT (-123.01648 48.53448),BONNEVILLE POWER ADMINISTRATION||ORCAS POWER & LIGHT COOP,53055960400
KNDPZDDH7S,Snohomish,Woodway,WA,98020,2025,KIA,SPORTAGE,Plug-in Hybrid Electric Vehicle (PHEV),Clean Alternative Fuel Vehicle Eligible,34,32.0,282815522,POINT (-122.37689 47.81116),PUGET SOUND ENERGY INC,53061050600
2C4RC1L75J,King,Seattle,WA,98116,2018,CHRYSLER,PACIFICA,Plug-in Hybrid Electric Vehicle (PHEV),Clean Alternative Fuel Vehicle Eligible,33,34.0,273006660,POINT (-122.41067 47.57894),CITY OF SEATTLE - (WA)|CITY OF TACOMA - (WA),53033009701
JM3KKDHA1R,Whatcom,Bellingham,WA,98229,2024,MAZDA,CX-90,Plug-in Hybrid Electric Vehicle (PHEV),Not eligible due to low battery range,26,40.0,278104431,POINT (-122.45486 48.7449),PUGET SOUND ENERGY INC||PUD NO 1 OF WHATCOM COUNTY,53073000805
JTDKN3DP6D,Snohomish,Edmonds,WA,98026,2013,TOYOTA,PRIUS,Plug-in Hybrid Electric Vehicle (PHEV),Not eligible due to low battery range,6,21.0,169924709,POINT (-122.31768 47.87166),PUGET SOUND ENERGY INC,53061050300
4JGFB4GBXS,King,Redmond,WA,98053,2025,MERCEDES-BENZ,GLE-CLASS,Plug-in Hybrid Electric Vehicle (PHEV),Clean Alternative Fuel Vehicle Eligible,49,45.0,272182074,POINT (-122.03287 47.68555),PUGET SOUND ENERGY INC||CITY OF TACOMA - (WA),53033032328
5YJ3E1EA3L,King,Sammamish,WA,98075,2020,TESLA,MODEL 3,Battery Electric Vehicle (BEV),Clean Alternative Fuel Vehicle Eligible,266,41.0,256156652,POINT (-122.03539 47.61344),PUGET SOUND ENERGY INC||CITY OF TACOMA - (WA),53033032224
1FADP5CU0D,King,Renton,WA,98057,2013,FORD,C-MAX,Plug-in Hybrid Electric Vehicle (PHEV),Not eligible due to low battery range,19,37.0,112613378,POINT (-122.20489 47.47532),PUGET SOUND ENERGY INC||CITY OF TACOMA - (WA),53033025302
JA4T5VA97R,King,Burien,WA,98146,2024,MITSUBISHI,OUTLANDER,Plug-in Hybrid Electric Vehicle (PHEV),Clean Alternative Fuel Vehicle Eligible,38,34.0,275225807,POINT (-122.36322 47.49736),CITY OF SEATTLE - (WA)|CITY OF TACOMA - (WA),53033026802
5YJXCDE26J,King,Bellevue,WA,98006,2018,TESLA,MODEL X,Battery Electric Vehicle (BEV),Clean Alternative Fuel Vehicle Eligible,238,41.0,224031482,POINT (-122.12096 47.55584),PUGET SOUND ENERGY INC||CITY OF TACOMA - (WA),53033024800
WAUTPBF2XM,Pierce,Gig Harbor,WA,98335,2021,AUDI,A7 E,Plug-in Hybrid Electric Vehicle (PHEV),Not eligible due to low battery range,24,26.0,169667256,POINT (-122.58009 47.328),BONNEVILLE POWER ADMINISTRATION||CITY OF TACOMA - (WA)||PENINSULA LIGHT COMPANY,53053072405
WP1AE2AY9K,King,Seattle,WA,98177,2019,PORSCHE,CAYENNE,Plug-in Hybrid Electric Vehicle (PHEV),Not eligible due to low battery range,13,36.0,233909490,POINT (-122.37238 47.74068),CITY OF SEATTLE - (WA)|CITY OF TACOMA - (WA),53033001600
JTDKARFP6J,King,Bothell,WA,98011,2018,TOYOTA,PRIUS PRIME (PHEV),Plug-in Hybrid Electric Vehicle (PHEV),Not eligible due to low battery range,25,1.0,122372470,POINT (-122.20563 47.76144),PUGET SOUND ENERGY INC||CITY OF TACOMA - (WA),53033022001
1N4AZ1CP2L,Pierce,Tacoma,WA,98407,2020,NISSAN,LEAF,Battery Electric Vehicle (BEV),Clean Alternative Fuel Vehicle Eligible,149,27.0,148281724,POINT (-122.54304 47.31803),BONNEVILLE POWER ADMINISTRATION||CITY OF TACOMA - (WA)||PENINSULA LIGHT COMPANY,53053060500
JTMEB3FV6S,Thurston,Olympia,WA,98513,2025,TOYOTA,RAV4 PRIME (PHEV),Plug-in Hybrid Electric Vehicle (PHEV),Clean Alternative Fuel Vehicle Eligible,42,20.0,278579920,POINT (-122.80933 46.99531),PUGET SOUND ENERGY INC,53067012530
YV4H60DP8N,Snohomish,Snohomish,WA,98296,2022,VOLVO,XC60,Plug-in Hybrid Electric Vehicle (PHEV),Clean Alternative Fuel Vehicle Eligible,35,1.0,198365709,POINT (-122.1389 47.87115),PUGET SOUND ENERGY INC,53061052113
5YJSA1E22G,King,Auburn,WA,98001,2016,TESLA,MODEL S,Battery Electric Vehicle (BEV),Clean Alternative Fuel Vehicle Eligible,210,47.0,170724536,POINT (-122.28802 47.30264),PUGET SOUND ENERGY INC||CITY OF TACOMA - (WA),53033029902
5YJ3E1EBXJ,King,Renton,WA,98055,2018,TESLA,MODEL 3,Battery Electric Vehicle (BEV),Clean Alternative Fuel Vehicle Eligible,215,33.0,288071059,POINT (-122.19488 47.44035),PUGET SOUND ENERGY INC||CITY OF TACOMA - (WA),53033029309
2C4RC1S73S,Thurston,Olympia,WA,98501,2025,CHRYSLER,PACIFICA,Plug-in Hybrid Electric Vehicle (PHEV),Clean Alternative Fuel Vehicle Eligible,32,22.0,276589519,POINT (-122.89165 47.03954),PUGET SOUND ENERGY INC,53067010700
5YJYGDEEXL,King,Seattle,WA,98177,2020,TESLA,MODEL Y,Battery Electric Vehicle (BEV),Clean Alternative Fuel Vehicle Eligible,291,36.0,286090535,POINT (-122.37238 47.74068),CITY OF SEATTLE - (WA)|CITY OF TACOMA - (WA),53033001400
1G1FZ6S0XL,Pierce,Tacoma,WA,98409,2020,CHEVROLET,BOLT EV,Battery Electric Vehicle (BEV),Clean Alternative Fuel Vehicle Eligible,259,29.0,133896990,POINT (-122.47145 47.20873),BONNEVILLE POWER ADMINISTRATION||CITY OF TACOMA - (WA)||PENINSULA LIGHT COMPANY,53053063000
WBY1Z8C53H,Jefferson,Port Townsend,WA,98368,2017,BMW,I3,Plug-in Hybrid Electric Vehicle (PHEV),Clean Alternative Fuel Vehicle Eligible,97,24.0,268448995,POINT (-122.77263 48.1212),BONNEVILLE POWER ADMINISTRATION||PUGET SOUND ENERGY INC||PUD NO 1 OF JEFFERSON COUNTY,53031950602
YV4H60DJ4R,King,Snoqualmie Pass,WA,98068,2024,VOLVO,XC60,Plug-in Hybrid Electric Vehicle (PHEV),Clean Alternative Fuel Vehicle Eligible,35,5.0,265694747,POINT (-121.41203 47.41873),PUGET SOUND ENERGY INC||CITY OF TACOMA - (WA),53033032706
4JGFB4GB4S,Walla Walla,College Place,WA,99324,2025,MERCEDES-BENZ,GLE-CLASS,Plug-in Hybrid Electric Vehicle (PHEV),Clean Alternative Fuel Vehicle Eligible,49,16.0,275099723,POINT (-118.38864 46.03456),PACIFICORP,53071920301
3C3CFFGE9E,King,Kirkland,WA,98034,2014,FIAT,500,Battery Electric Vehicle (BEV),Clean Alternative Fuel Vehicle Eligible,87,45.0,244827390,POINT (-122.22901 47.72201),PUGET SOUND ENERGY INC||CITY OF TACOMA - (WA),53033022003
5YJXCBE47K,King,Kirkland,WA,98034,2019,TESLA,MODEL X,Battery Electric Vehicle (BEV),Clean Alternative Fuel Vehicle Eligible,289,45.0,276632114,POINT (-122.22901 47.72201),PUGET SOUND ENERGY INC||CITY OF TACOMA - (WA),53033022003
1G1RH6E42E,King,Seattle,WA,98177,2014,CHEVROLET,VOLT,Plug-in Hybrid Electric Vehicle (PHEV),Clean Alternative Fuel Vehicle Eligible,38,36.0,181165015,POINT (-122.37238 47.74068),CITY OF SEATTLE - (WA)|CITY OF TACOMA - (WA),53033001600
5UXTA6C04M,King,Kent,WA,98042,2021,BMW,X5,Plug-in Hybrid Electric Vehicle (PHEV),Clean Alternative Fuel Vehicle Eligible,30,47.0,281735436,POINT (-122.10798 47.37124),PUGET SOUND ENERGY INC||CITY OF TACOMA - (WA),53033031707
5YJXCDE2XL,King,Renton,WA,98058,2020,TESLA,MODEL X,Battery Electric Vehicle (BEV),Clean Alternative Fuel Vehicle Eligible,289,47.0,5001832,POINT (-122.08747 47.4466),PUGET SOUND ENERGY INC||CITY OF TACOMA - (WA),53033029307
5YJYGDEE8L,Kitsap,Bainbridge Island,WA,98110,2020,TESLA,MODEL Y,Battery Electric Vehicle (BEV),Clean Alternative Fuel Vehicle Eligible,291,23.0,132584959,POINT (-122.521 47.62732),PUGET SOUND ENERGY INC,53035091002
YV4BR0DKXM,King,Seattle,WA,98109,2021,VOLVO,XC60,Plug-in Hybrid Electric Vehicle (PHEV),Not eligible due to low battery range,18,36.0,151912036,POINT (-122.35022 47.63824),CITY OF SEATTLE - (WA)|CITY OF TACOMA - (WA),53033006800
ZACPDFCW0R,King,Tukwila,WA,98188,2024,DODGE,HORNET,Plug-in Hybrid Electric Vehicle (PHEV),Clean Alternative Fuel Vehicle Eligible,32,11.0,261128640,POINT (-122.27979 47.44952),PUGET SOUND ENERGY INC||CITY OF TACOMA - (WA),53033028200
JTDKARFP1H,Clark,Vancouver,WA,98682,2017,TOYOTA,PRIUS PRIME (PHEV),Plug-in Hybrid Electric Vehicle (PHEV),Not eligible due to low battery range,25,17.0,168580534,POINT (-122.55149 45.69345),BONNEVILLE POWER ADMINISTRATION||PUD NO 1 OF CLARK COUNTY - (WA),53011040714
JTDKN3DP5F,Whatcom,Bellingham,WA,98225,2015,TOYOTA,PRIUS,Plug-in Hybrid Electric Vehicle (PHEV),Not eligible due to low battery range,6,40.0,279252669,POINT (-122.47091 48.75256),PUGET SOUND ENERGY INC||PUD NO 1 OF WHATCOM COUNTY,53073001202
WVWKR7AU8H,King,Seattle,WA,98112,2017,VOLKSWAGEN,E-GOLF,Battery Electric Vehicle (BEV),Clean Alternative Fuel Vehicle Eligible,125,37.0,186769110,POINT (-122.30207 47.64085),CITY OF SEATTLE - (WA)|CITY OF TACOMA - (WA),53033007700
1G1FW6S00H,Pierce,Tacoma,WA,98443,2017,CHEVROLET,BOLT EV,Battery Electric Vehicle (BEV),Clean Alternative Fuel Vehicle Eligible,238,25.0,187449706,POINT (-122.36504 47.19163),BONNEVILLE POWER ADMINISTRATION||CITY OF TACOMA - (WA)||PENINSULA LIGHT COMPANY,53053940004
JTDKARFP5L,King,Bothell,WA,98011,2020,TOYOTA,PRIUS PRIME (PHEV),Plug-in Hybrid Electric Vehicle (PHEV),Not eligible due to low battery range,25,1.0,125761394,POINT (-122.20563 47.76144),PUGET SOUND ENERGY INC||CITY OF TACOMA - (WA),53033021804
JTDKARFP1J,King,Redmond,WA,98052,2018,TOYOTA,PRIUS PRIME (PHEV),Plug-in Hybrid Electric Vehicle (PHEV),Not eligible due to low battery range,25,45.0,207271284,POINT (-122.13158 47.67858),PUGET SOUND ENERGY INC||CITY OF TACOMA - (WA),53033032323
5TDACAC65S,Clark,Vancouver,WA,98685,2025,LEXUS,TX,Plug-in Hybrid Electric Vehicle (PHEV),Clean Alternative Fuel Vehicle Eligible,33,18.0,282237651,POINT (-122.70303 45.70954),BONNEVILLE POWER ADMINISTRATION||PUD NO 1 OF CLARK COUNTY - (WA),53011040908
JTDACACU5R,Whitman,Pullman,WA,99163,2024,TOYOTA,PRIUS PRIME (PHEV),Plug-in Hybrid Electric Vehicle (PHEV),Clean Alternative Fuel Vehicle Eligible,39,9.0,262681149,POINT (-117.18147 46.73015),AVISTA CORP,53075000601
5UX43EU09R,King,Kenmore,WA,98028,2024,BMW,X5,Plug-in Hybrid Electric Vehicle (PHEV),Clean Alternative Fuel Vehicle Eligible,39,46.0,256346912,POINT (-122.24369 47.75892),PUGET SOUND ENERGY INC||CITY OF TACOMA - (WA),53033022102
5UX43EU02R,King,Seattle,WA,98101,2024,BMW,X5,Plug-in Hybrid Electric Vehicle (PHEV),Clean Alternative Fuel Vehicle Eligible,39,43.0,251731049,POINT (-122.34223 47.61085),CITY OF SEATTLE - (WA)|CITY OF TACOMA - (WA),53033008101
2C4RC1S76N,King,Clyde Hill,WA,98004,2022,CHRYSLER,PACIFICA,Plug-in Hybrid Electric Vehicle (PHEV),Clean Alternative Fuel Vehicle Eligible,32,48.0,193853824,POINT (-122.1872 47.61001),PUGET SOUND ENERGY INC||CITY OF TACOMA - (WA),53033024100
ZACPDFCW8R,King,Tukwila,WA,98188,2024,DODGE,HORNET,Plug-in Hybrid Electric Vehicle (PHEV),Clean Alternative Fuel Vehicle Eligible,32,11.0,264377074,POINT (-122.27979 47.44952),PUGET SOUND ENERGY INC||CITY OF TACOMA - (WA),53033028200
1N4AZ0CP2F,King,Kirkland,WA,98033,2015,NISSAN,LEAF,Battery Electric Vehicle (BEV),Clean Alternative Fuel Vehicle Eligible,84,48.0,149399967,POINT (-122.2066 47.67887),PUGET SOUND ENERGY INC||CITY OF TACOMA - (WA),53033022702
5YJ3E1EA4J,Clallam,Sequim,WA,98382,2018,TESLA,MODEL 3,Battery Electric Vehicle (BEV),Clean Alternative Fuel Vehicle Eligible,215,24.0,299686873,POINT (-123.10367 48.07965),BONNEVILLE POWER ADMINISTRATION||PUD NO 1 OF CLALLAM COUNTY,53009001702
5YJSA1E46G,King,Seattle,WA,98125,2016,TESLA,MODEL S,Battery Electric Vehicle (BEV),Clean Alternative Fuel Vehicle Eligible,210,46.0,9949922,POINT (-122.30253 47.72656),CITY OF SEATTLE - (WA)|CITY OF TACOMA - (WA),53033000700
3FA6P0SU7F,King,Seattle,WA,98109,2015,FORD,FUSION,Plug-in Hybrid Electric Vehicle (PHEV),Not eligible due to low battery range,19,36.0,272749732,POINT (-122.35022 47.63824),CITY OF SEATTLE - (WA)|CITY OF TACOMA - (WA),53033007101
5YJ3E1EB2J,Snohomish,Everett,WA,98204,2018,TESLA,MODEL 3,Battery Electric Vehicle (BEV),Clean Alternative Fuel Vehicle Eligible,215,21.0,204875905,POINT (-122.27557 47.88936),PUGET SOUND ENERGY INC,53061041810
WVWPR7AU4K,King,Seattle,WA,98115,2019,VOLKSWAGEN,E-GOLF,Battery Electric Vehicle (BEV),Clean Alternative Fuel Vehicle Eligible,125,46.0,230162915,POINT (-122.31676 47.68156),CITY OF SEATTLE - (WA)|CITY OF TACOMA - (WA),53033002000
2C4RC1L78M,Kitsap,Silverdale,WA,98383,2021,CHRYSLER,PACIFICA,Plug-in Hybrid Electric Vehicle (PHEV),Clean Alternative Fuel Vehicle Eligible,32,23.0,286620498,POINT (-122.69275 47.65171),PUGET SOUND ENERGY INC,53035091206
WBY1Z2C56F,Whatcom,Ferndale,WA,98248,2015,BMW,I3,Battery Electric Vehicle (BEV),Clean Alternative Fuel Vehicle Eligible,81,42.0,283216923,POINT (-122.5945 48.84787),PUGET SOUND ENERGY INC||PUD NO 1 OF WHATCOM COUNTY,53073010504
5UX43EU04S,King,Bellevue,WA,98006,2025,BMW,X5,Plug-in Hybrid Electric Vehicle (PHEV),Clean Alternative Fuel Vehicle Eligible,40,41.0,275128647,POINT (-122.12096 47.55584),PUGET SOUND ENERGY INC||CITY OF TACOMA - (WA),53033024704
1C4JJXP69N,Cowlitz,Longview,WA,98632,2022,JEEP,WRANGLER,Plug-in Hybrid Electric Vehicle (PHEV),Not eligible due to low battery range,21,19.0,196550371,POINT (-122.95058 46.14681),BONNEVILLE POWER ADMINISTRATION||PUD NO 1 OF COWLITZ COUNTY,53015000801
1N4AZ0CP2F,King,Kirkland,WA,98034,2015,NISSAN,LEAF,Battery Electric Vehicle (BEV),Clean Alternative Fuel Vehicle Eligible,84,45.0,102928297,POINT (-122.22901 47.72201),PUGET SOUND ENERGY INC||CITY OF TACOMA - (WA),53033022005
WVWKP7AU7F,Snohomish,Arlington,WA,98223,2015,VOLKSWAGEN,E-GOLF,Battery Electric Vehicle (BEV),Clean Alternative Fuel Vehicle Eligible,83,39.0,152718366,POINT (-122.1264 48.19471),PUGET SOUND ENERGY INC,53061052701
1G1FZ6S04L,King,Enumclaw,WA,98022,2020,CHEVROLET,BOLT EV,Battery Electric Vehicle (BEV),Clean Alternative Fuel Vehicle Eligible,259,31.0,148256720,POINT (-121.99136 47.20433),PUGET SOUND ENERGY INC||CITY OF TACOMA - (WA),53033031302
1G1FX6S03H,Walla Walla,Walla Walla,WA,99362,2017,CHEVROLET,BOLT EV,Battery Electric Vehicle (BEV),Clean Alternative Fuel Vehicle Eligible,238,16.0,1553961,POINT (-118.34261 46.07068),PACIFICORP,53071920902
JTJHKCFZXS,King,Seattle,WA,98121,2025,LEXUS,NX,Plug-in Hybrid Electric Vehicle (PHEV),Clean Alternative Fuel Vehicle Eligible,37,36.0,273804079,POINT (-122.34468 47.61578),CITY OF SEATTLE - (WA)|CITY OF TACOMA - (WA),53033007201
5YJ3E1EB0K,Benton,Kennewick,WA,99338,2019,TESLA,MODEL 3,Battery Electric Vehicle (BEV),Clean Alternative Fuel Vehicle Eligible,220,8.0,303449163,POINT (-119.3118 46.20665),BONNEVILLE POWER ADMINISTRATION||PUD NO 1 OF BENTON COUNTY,53005010815
1N4AZ0CP6F,King,Seattle,WA,98146,2015,NISSAN,LEAF,Battery Electric Vehicle (BEV),Clean Alternative Fuel Vehicle Eligible,84,34.0,102800225,POINT (-122.36322 47.49736),CITY OF SEATTLE - (WA)|CITY OF TACOMA - (WA),53033012100
5YJSA1CNXD,Pierce,Bonney Lake,WA,98391,2013,TESLA,MODEL S,Battery Electric Vehicle (BEV),Clean Alternative Fuel Vehicle Eligible,208,31.0,228772680,POINT (-122.17144 47.19175),PUGET SOUND ENERGY INC||CITY OF TACOMA - (WA),53053070209
YV4BR0CK6M,King,Beaux Arts,WA,98004,2021,VOLVO,XC90,Plug-in Hybrid Electric Vehicle (PHEV),Not eligible due to low battery range,18,41.0,132707879,POINT (-122.1872 47.61001),PUGET SOUND ENERGY INC||CITY OF TACOMA - (WA),53033023901
1G1FY6S03L,Pierce,Puyallup,WA,98372,2020,CHEVROLET,BOLT EV,Battery Electric Vehicle (BEV),Clean Alternative Fuel Vehicle Eligible,259,25.0,251757229,POINT (-122.25646 47.21259),PUGET SOUND ENERGY INC||CITY OF TACOMA - (WA),53053073406
5LMTJ5DZ3S,King,Redmond,WA,98072,2025,LINCOLN,CORSAIR,Plug-in Hybrid Electric Vehicle (PHEV),Not eligible due to low battery range,27,45.0,285495612,POINT (-122.15545 47.75448),PUGET SOUND ENERGY INC||CITY OF TACOMA - (WA),53033032327
5YJ3E1EA9J,Snohomish,Snohomish,WA,98296,2018,TESLA,MODEL 3,Battery Electric Vehicle (BEV),Clean Alternative Fuel Vehicle Eligible,215,44.0,233915524,POINT (-122.1389 47.87115),PUGET SOUND ENERGY INC,53061052121
JTMAB3FV3S,King,Seattle,WA,98133,2025,TOYOTA,RAV4 PRIME (PHEV),Plug-in Hybrid Electric Vehicle (PHEV),Clean Alternative Fuel Vehicle Eligible,42,46.0,285392726,POINT (-122.33364 47.73709),CITY OF SEATTLE - (WA)|CITY OF TACOMA - (WA),53033001300
2C4RC1L73P,Thurston,Olympia,WA,98501,2023,CHRYSLER,PACIFICA,Plug-in Hybrid Electric Vehicle (PHEV),Clean Alternative Fuel Vehicle Eligible,32,22.0,238369757,POINT (-122.89165 47.03954),PUGET SOUND ENERGY INC,53067011200
1N4BZ1CP1K,King,Kenmore,WA,98028,2019,NISSAN,LEAF,Battery Electric Vehicle (BEV),Clean Alternative Fuel Vehicle Eligible,150,46.0,261348251,POINT (-122.24369 47.75892),PUGET SOUND ENERGY INC||CITY OF TACOMA - (WA),53033022101
1N4AZ0CP3F,Snohomish,Mountlake Terrace,WA,98043,2015,NISSAN,LEAF,Battery Electric Vehicle (BEV),Clean Alternative Fuel Vehicle Eligible,84,1.0,269230818,POINT (-122.31111 47.78803),PUGET SOUND ENERGY INC,53061051200
1G1RC6S59H,Clark,Vancouver,WA,98682,2017,CHEVROLET,VOLT,Plug-in Hybrid Electric Vehicle (PHEV),Clean Alternative Fuel Vehicle Eligible,53,17.0,131505566,POINT (-122.55149 45.69345),BONNEVILLE POWER ADMINISTRATION||PUD NO 1 OF CLARK COUNTY - (WA),53011041326
1N4AZ0CP2D,Whatcom,Bellingham,WA,98226,2013,NISSAN,LEAF,Battery Electric Vehicle (BEV),Clean Alternative Fuel Vehicle Eligible,75,42.0,153929464,POINT (-122.49756 48.7999),PUGET SOUND ENERGY INC||PUD NO 1 OF WHATCOM COUNTY,53073010701
5YJSA1H1XE,King,Bellevue,WA,98004,2014,TESLA,MODEL S,Battery Electric Vehicle (BEV),Clean Alternative Fuel Vehicle Eligible,208,41.0,166072574,POINT (-122.1872 47.61001),PUGET SOUND ENERGY INC||CITY OF TACOMA - (WA),53033023901
KNDRJDJHXS,Yakima,Yakima,WA,98902,2025,KIA,SORENTO,Plug-in Hybrid Electric Vehicle (PHEV),Clean Alternative Fuel Vehicle Eligible,30,15.0,272697302,POINT (-120.51904 46.59783),PACIFICORP,53077000301
5YJ3E1EBXJ,Snohomish,Lake Stevens,WA,98258,2018,TESLA,MODEL 3,Battery Electric Vehicle (BEV),Clean Alternative Fuel Vehicle Eligible,215,39.0,260036297,POINT (-122.06402 48.01497),PUGET SOUND ENERGY INC,53061052709
KNDJX3AE8G,King,Seattle,WA,98125,2016,KIA,SOUL,Battery Electric Vehicle (BEV),Clean Alternative Fuel Vehicle Eligible,93,46.0,195825388,POINT (-122.30253 47.72656),CITY OF SEATTLE - (WA)|CITY OF TACOMA - (WA),53033001202
WA1E2AFY7S,Snohomish,Bothell,WA,98012,2025,AUDI,Q5 E,Plug-in Hybrid Electric Vehicle (PHEV),Not eligible due to low battery range,28,44.0,278872996,POINT (-122.20105 47.84423),PUGET SOUND ENERGY INC,53061052007
1C4RJYE6XR,Pierce,Gig Harbor,WA,98332,2024,JEEP,GRAND CHEROKEE,Plug-in Hybrid Electric Vehicle (PHEV),Not eligible due to low battery range,25,26.0,273421627,POINT (-122.58964 47.34235),BONNEVILLE POWER ADMINISTRATION||CITY OF TACOMA - (WA)||PENINSULA LIGHT COMPANY,53053072509
JTJCJMGA4R,Clark,Vancouver,WA,98686,2024,LEXUS,RX,Plug-in Hybrid Electric Vehicle (PHEV),Clean Alternative Fuel Vehicle Eligible,37,17.0,269136213,POINT (-122.62731 45.71668),BONNEVILLE POWER ADMINISTRATION||PUD NO 1 OF CLARK COUNTY - (WA),53011040812
5YJ3E1EB9K,Clark,Vancouver,WA,98683,2019,TESLA,MODEL 3,Battery Electric Vehicle (BEV),Clean Alternative Fuel Vehicle Eligible,220,17.0,478372170,POINT (-122.49212 45.60365),BONNEVILLE POWER ADMINISTRATION||PUD NO 1 OF CLARK COUNTY - (WA),53011041322
5YJ3E1EA6K,King,Seattle,WA,98119,2019,TESLA,MODEL 3,Battery Electric Vehicle (BEV),Clean Alternative Fuel Vehicle Eligible,220,36.0,269502831,POINT (-122.3684 47.64586),CITY OF SEATTLE - (WA)|CITY OF TACOMA - (WA),53033006900
1N4AZ1CP9J,San Juan,Friday Harbor,WA,98250,2018,NISSAN,LEAF,Battery Electric Vehicle (BEV),Clean Alternative Fuel Vehicle Eligible,151,40.0,192789201,POINT (-123.01648 48.53448),BONNEVILLE POWER ADMINISTRATION||ORCAS POWER & LIGHT COOP,53055960302
1G1FX6S06J,King,Bellevue,WA,98006,2018,CHEVROLET,BOLT EV,Battery Electric Vehicle (BEV),Clean Alternative Fuel Vehicle Eligible,238,41.0,6036586,POINT (-122.12096 47.55584),PUGET SOUND ENERGY INC||CITY OF TACOMA - (WA),53033023902
5YJ3E1EA9K,Clark,Vancouver,WA,98664,2019,TESLA,MODEL 3,Battery Electric Vehicle (BEV),Clean Alternative Fuel Vehicle Eligible,220,49.0,328930206,POINT (-122.59219 45.62158),BONNEVILLE POWER ADMINISTRATION||PUD NO 1 OF CLARK COUNTY - (WA),53011041208
YV4BR0DM4J,King,Kirkland,WA,98033,2018,VOLVO,XC60,Plug-in Hybrid Electric Vehicle (PHEV),Not eligible due to low battery range,17,45.0,289844621,POINT (-122.2066 47.67887),PUGET SOUND ENERGY INC||CITY OF TACOMA - (WA),53033022006
5YJ3E1EA4J,Kitsap,Bremerton,WA,98314,2018,TESLA,MODEL 3,Battery Electric Vehicle (BEV),Clean Alternative Fuel Vehicle Eligible,215,26.0,282132903,POINT (-122.65058 47.55915),PUGET SOUND ENERGY INC,53035081400
JTDKARFP2K,King,Seattle,WA,98177,2019,TOYOTA,PRIUS PRIME (PHEV),Plug-in Hybrid Electric Vehicle (PHEV),Not eligible due to low battery range,25,36.0,478465123,POINT (-122.37238 47.74068),CITY OF SEATTLE - (WA)|CITY OF TACOMA - (WA),53033001600
KNDPZDAH1P,King,Sammamish,WA,98074,2023,KIA,SPORTAGE,Plug-in Hybrid Electric Vehicle (PHEV),Clean Alternative Fuel Vehicle Eligible,34,45.0,251845877,POINT (-122.02054 47.60326),PUGET SOUND ENERGY INC||CITY OF TACOMA - (WA),53033032316
JTMEB3FVXM,Clark,Vancouver,WA,98686,2021,TOYOTA,RAV4 PRIME (PHEV),Plug-in Hybrid Electric Vehicle (PHEV),Clean Alternative Fuel Vehicle Eligible,42,49.0,141834003,POINT (-122.62731 45.71668),BONNEVILLE POWER ADMINISTRATION||PUD NO 1 OF CLARK COUNTY - (WA),53011040803
1C4RJXN6XR,Snohomish,Bothell,WA,98012,2024,JEEP,WRANGLER,Plug-in Hybrid Electric Vehicle (PHEV),Not eligible due to low battery range,21,44.0,275094662,POINT (-122.20105 47.84423),PUGET SOUND ENERGY INC,53061052010
5YJ3E1EB6K,King,Redmond,WA,98052,2019,TESLA,MODEL 3,Battery Electric Vehicle (BEV),Clean Alternative Fuel Vehicle Eligible,220,48.0,296777442,POINT (-122.13158 47.67858),PUGET SOUND ENERGY INC||CITY OF TACOMA - (WA),53033022606
LYVBR0DM3K,King,Seattle,WA,98178,2019,VOLVO,XC60,Plug-in Hybrid Electric Vehicle (PHEV),Not eligible due to low battery range,17,37.0,122947086,POINT (-122.25031 47.49481),CITY OF SEATTLE - (WA)|CITY OF TACOMA - (WA),53033011902
5UX43EU06S,Yakima,Yakima,WA,98908,2025,BMW,X5,Plug-in Hybrid Electric Vehicle (PHEV),Clean Alternative Fuel Vehicle Eligible,40,14.0,276217070,POINT (-120.60199 46.59817),PACIFICORP,53077000904
1G1FW6S07H,Kitsap,Bainbridge Island,WA,98110,2017,CHEVROLET,BOLT EV,Battery Electric Vehicle (BEV),Clean Alternative Fuel Vehicle Eligible,238,23.0,279304084,POINT (-122.521 47.62732),PUGET SOUND ENERGY INC,53035090700
1C4JJXR63N,King,Seattle,WA,98177,2022,JEEP,WRANGLER,Plug-in Hybrid Electric Vehicle (PHEV),Not eligible due to low battery range,22,36.0,217102364,POINT (-122.37238 47.74068),CITY OF SEATTLE - (WA)|CITY OF TACOMA - (WA),53033001702
5UXTA6C00N,King,Kent,WA,98042,2022,BMW,X5,Plug-in Hybrid Electric Vehicle (PHEV),Clean Alternative Fuel Vehicle Eligible,30,47.0,209362380,POINT (-122.10798 47.37124),PUGET SOUND ENERGY INC||CITY OF TACOMA - (WA),53033031800
5YJ3E1EA1J,King,Renton,WA,98056,2018,TESLA,MODEL 3,Battery Electric Vehicle (BEV),Clean Alternative Fuel Vehicle Eligible,215,11.0,350379522,POINT (-122.18839 47.51197),PUGET SOUND ENERGY INC||CITY OF TACOMA - (WA),53033025601
5YJ3E1EA5J,King,Auburn,WA,98092,2018,TESLA,MODEL 3,Battery Electric Vehicle (BEV),Clean Alternative Fuel Vehicle Eligible,215,47.0,290748118,POINT (-122.18262 47.31825),PUGET SOUND ENERGY INC||CITY OF TACOMA - (WA),53033029602
YV4BR0DL2N,King,Seattle,WA,98177,2022,VOLVO,XC60,Plug-in Hybrid Electric Vehicle (PHEV),Not eligible due to low battery range,18,32.0,186878170,POINT (-122.37238 47.74068),CITY OF SEATTLE - (WA)|CITY OF TACOMA - (WA),53033000500
WA1VABGE8K,King,Kirkland,WA,98034,2019,AUDI,E-TRON,Battery Electric Vehicle (BEV),Clean Alternative Fuel Vehicle Eligible,204,1.0,477520683,POINT (-122.22901 47.72201),PUGET SOUND ENERGY INC||CITY OF TACOMA - (WA),53033022203
5YJ3E1EB5J,Spokane,Spokane,WA,99201,2018,TESLA,MODEL 3,Battery Electric Vehicle (BEV),Clean Alternative Fuel Vehicle Eligible,215,3.0,474334073,POINT (-117.41162 47.65726),MODERN ELECTRIC WATER COMPANY,53063003602
YV4BR0PL2J,King,Kirkland,WA,98033,2018,VOLVO,XC90,Plug-in Hybrid Electric Vehicle (PHEV),Not eligible due to low battery range,19,45.0,348194150,POINT (-122.2066 47.67887),PUGET SOUND ENERGY INC||CITY OF TACOMA - (WA),53033022006
1C4JJXP64N,King,Kirkland,WA,98033,2022,JEEP,WRANGLER,Plug-in Hybrid Electric Vehicle (PHEV),Not eligible due to low battery range,21,48.0,216858267,POINT (-122.2066 47.67887),PUGET SOUND ENERGY INC||CITY OF TACOMA - (WA),53033022702
JTDKARFP0K,King,Seattle,WA,98104,2019,TOYOTA,PRIUS PRIME (PHEV),Plug-in Hybrid Electric Vehicle (PHEV),Not eligible due to low battery range,25,37.0,167258542,POINT (-122.32945 47.60357),CITY OF SEATTLE - (WA)|CITY OF TACOMA - (WA),53033009100
JN1AZ0CPXB,Pierce,Gig Harbor,WA,98329,2011,NISSAN,LEAF,Battery Electric Vehicle (BEV),Clean Alternative Fuel Vehicle Eligible,73,26.0,130171709,POINT (-122.6658 47.38336),BONNEVILLE POWER ADMINISTRATION||CITY OF TACOMA - (WA)||PENINSULA LIGHT COMPANY,53053072602
1C4JJXP63P,King,Kirkland,WA,98034,2023,JEEP,WRANGLER,Plug-in Hybrid Electric Vehicle (PHEV),Not eligible due to low battery range,21,45.0,245564091,POINT (-122.22901 47.72201),PUGET SOUND ENERGY INC||CITY OF TACOMA - (WA),53033022003
5YJXCBE25J,Snohomish,Lake Stevens,WA,98258,2018,TESLA,MODEL X,Battery Electric Vehicle (BEV),Clean Alternative Fuel Vehicle Eligible,238,44.0,280743214,POINT (-122.06402 48.01497),PUGET SOUND ENERGY INC,53061052711
5YJSA1H46F,King,Kent,WA,98031,2015,TESLA,MODEL S,Battery Electric Vehicle (BEV),Clean Alternative Fuel Vehicle Eligible,208,47.0,127129796,POINT (-122.17743 47.41185),PUGET SOUND ENERGY INC||CITY OF TACOMA - (WA),53033029405
5YJ3E1EBXL,Snohomish,Bothell,WA,98021,2020,TESLA,MODEL 3,Battery Electric Vehicle (BEV),Clean Alternative Fuel Vehicle Eligible,322,1.0,110293529,POINT (-122.18384 47.8031),PUGET SOUND ENERGY INC,53061051932
WAUUPBFF9G,King,Seattle,WA,98103,2016,AUDI,A3,Plug-in Hybrid Electric Vehicle (PHEV),Not eligible due to low battery range,16,43.0,198988891,POINT (-122.35436 47.67596),CITY OF SEATTLE - (WA)|CITY OF TACOMA - (WA),53033004800
JTDKARFP0H,Kitsap,Silverdale,WA,98383,2017,TOYOTA,PRIUS PRIME (PHEV),Plug-in Hybrid Electric Vehicle (PHEV),Not eligible due to low battery range,25,23.0,115968429,POINT (-122.69275 47.65171),PUGET SOUND ENERGY INC,53035091302
JN1AZ0CP4C,Clark,Vancouver,WA,98665,2012,NISSAN,LEAF,Battery Electric Vehicle (BEV),Clean Alternative Fuel Vehicle Eligible,73,49.0,220424872,POINT (-122.64443 45.67871),BONNEVILLE POWER ADMINISTRATION||PUD NO 1 OF CLARK COUNTY - (WA),53011041009
1C4RJYB68P,King,Issaquah,WA,98027,2023,JEEP,GRAND CHEROKEE,Plug-in Hybrid Electric Vehicle (PHEV),Not eligible due to low battery range,25,5.0,257584323,POINT (-122.03439 47.5301),PUGET SOUND ENERGY INC||CITY OF TACOMA - (WA),53033032002
1G1RB6S54J,Snohomish,Lake Stevens,WA,98258,2018,CHEVROLET,VOLT,Plug-in Hybrid Electric Vehicle (PHEV),Clean Alternative Fuel Vehicle Eligible,53,44.0,475003616,POINT (-122.06402 48.01497),PUGET SOUND ENERGY INC,53061052607
1G1RD6E45C,Snohomish,Marysville,WA,98270,2012,CHEVROLET,VOLT,Plug-in Hybrid Electric Vehicle (PHEV),Clean Alternative Fuel Vehicle Eligible,35,38.0,177423382,POINT (-122.1769 48.06114),PUGET SOUND ENERGY INC,53061052810
5YJ3E1EA0K,Thurston,Rochester,WA,98579,2019,TESLA,MODEL 3,Battery Electric Vehicle (BEV),Clean Alternative Fuel Vehicle Eligible,220,20.0,478082517,POINT (-123.08743 46.82175),PUGET SOUND ENERGY INC,53067012730
WA1E2AFY2S,King,Bellevue,WA,98008,2025,AUDI,Q5 E,Plug-in Hybrid Electric Vehicle (PHEV),Not eligible due to low battery range,28,48.0,286403351,POINT (-122.11867 47.63131),PUGET SOUND ENERGY INC||CITY OF TACOMA - (WA),53033023100
ZACPDFCW9R,Pierce,Orting,WA,98360,2024,DODGE,HORNET,Plug-in Hybrid Electric Vehicle (PHEV),Clean Alternative Fuel Vehicle Eligible,32,2.0,276993503,POINT (-122.20166 47.09596),PUGET SOUND ENERGY INC||CITY OF TACOMA - (WA),53053070403
4JGFB4GB7S,King,Seattle,WA,98125,2025,MERCEDES-BENZ,GLE-CLASS,Plug-in Hybrid Electric Vehicle (PHEV),Clean Alternative Fuel Vehicle Eligible,49,46.0,277001392,POINT (-122.30253 47.72656),CITY OF SEATTLE - (WA)|CITY OF TACOMA - (WA),53033002200
JTDKN3DP5C,Clallam,Port Angeles,WA,98362,2012,TOYOTA,PRIUS,Plug-in Hybrid Electric Vehicle (PHEV),Not eligible due to low battery range,6,24.0,120137636,POINT (-123.43112 48.11892),BONNEVILLE POWER ADMINISTRATION||PUD NO 1 OF CLALLAM COUNTY,53009001400
1N4AZ0CP2D,Pierce,Tacoma,WA,98408,2013,NISSAN,LEAF,Battery Electric Vehicle (BEV),Clean Alternative Fuel Vehicle Eligible,75,27.0,229313619,POINT (-122.44718 47.20144),BONNEVILLE POWER ADMINISTRATION||CITY OF TACOMA - (WA)||PENINSULA LIGHT COMPANY,53053062400
1FADP5CU3D,Snohomish,Marysville,WA,98270,2013,FORD,C-MAX,Plug-in Hybrid Electric Vehicle (PHEV),Not eligible due to low battery range,19,44.0,147144763,POINT (-122.1769 48.06114),PUGET SOUND ENERGY INC,53061052710
5YJ3E1EB0J,King,Kirkland,WA,98033,2018,TESLA,MODEL 3,Battery Electric Vehicle (BEV),Clean Alternative Fuel Vehicle Eligible,215,48.0,347638196,POINT (-122.2066 47.67887),PUGET SOUND ENERGY INC||CITY OF TACOMA - (WA),53033022701
JTMFB3FV2S,King,Kirkland,WA,98033,2025,TOYOTA,RAV4 PRIME (PHEV),Plug-in Hybrid Electric Vehicle (PHEV),Clean Alternative Fuel Vehicle Eligible,42,45.0,287225172,POINT (-122.2066 47.67887),PUGET SOUND ENERGY INC||CITY OF TACOMA - (WA),53033022401
1N4AZ0CP0G,King,Seattle,WA,98119,2016,NISSAN,LEAF,Battery Electric Vehicle (BEV),Clean Alternative Fuel Vehicle Eligible,84,36.0,204953731,POINT (-122.3684 47.64586),CITY OF SEATTLE - (WA)|CITY OF TACOMA - (WA),53033006900
JM3KKEHA7R,King,Kent,WA,98031,2024,MAZDA,CX-90,Plug-in Hybrid Electric Vehicle (PHEV),Not eligible due to low battery range,26,47.0,254744682,POINT (-122.17743 47.41185),PUGET SOUND ENERGY INC||CITY OF TACOMA - (WA),53033029405
WP0AC2Y19L,King,Seattle,WA,98104,2020,PORSCHE,TAYCAN,Battery Electric Vehicle (BEV),Clean Alternative Fuel Vehicle Eligible,192,43.0,150212583,POINT (-122.32945 47.60357),CITY OF SEATTLE - (WA)|CITY OF TACOMA - (WA),53033008102
5YJSA1CN9D,Clark,Vancouver,WA,98685,2013,TESLA,MODEL S,Battery Electric Vehicle (BEV),Clean Alternative Fuel Vehicle Eligible,208,18.0,208643186,POINT (-122.70303 45.70954),BONNEVILLE POWER ADMINISTRATION||PUD NO 1 OF CLARK COUNTY - (WA),53011040908
1N4AZ1CP5J,Franklin,Pasco,WA,99301,2018,NISSAN,LEAF,Battery Electric Vehicle (BEV),Clean Alternative Fuel Vehicle Eligible,151,16.0,229585548,POINT (-119.09467 46.23542),BONNEVILLE POWER ADMINISTRATION||PUD NO 1 OF FRANKLIN COUNTY,53021020503
5YJYGDEEXL,King,Issaquah,WA,98029,2020,TESLA,MODEL Y,Battery Electric Vehicle (BEV),Clean Alternative Fuel Vehicle Eligible,291,5.0,108129276,POINT (-122.01656 47.57118),PUGET SOUND ENERGY INC||CITY OF TACOMA - (WA),53033032220
5YJ3E1EB2J,Snohomish,Snohomish,WA,98296,2018,TESLA,MODEL 3,Battery Electric Vehicle (BEV),Clean Alternative Fuel Vehicle Eligible,215,44.0,476081371,POINT (-122.1389 47.87115),PUGET SOUND ENERGY INC,53061052122
1N4AZ0CPXF,King,Kent,WA,98030,2015,NISSAN,LEAF,Battery Electric Vehicle (BEV),Clean Alternative Fuel Vehicle Eligible,84,47.0,148982396,POINT (-122.19975 47.37483),PUGET SOUND ENERGY INC||CITY OF TACOMA - (WA),53033029603
1C4JJXN66P,Yakima,Moxee,WA,98936,2023,JEEP,WRANGLER,Plug-in Hybrid Electric Vehicle (PHEV),Not eligible due to low battery range,21,15.0,288842361,POINT (-120.39197 46.55621),PACIFICORP,53077001702
5YJ3E1EA2K,King,Seattle,WA,98122,2019,TESLA,MODEL 3,Battery Electric Vehicle (BEV),Clean Alternative Fuel Vehicle Eligible,220,43.0,476038174,POINT (-122.31009 47.60803),CITY OF SEATTLE - (WA)|CITY OF TACOMA - (WA),53033008401
KMHC65LD0J,King,Bellevue,WA,98007,2018,HYUNDAI,IONIQ,Plug-in Hybrid Electric Vehicle (PHEV),Not eligible due to low battery range,29,48.0,258757782,POINT (-122.12056 47.61334),PUGET SOUND ENERGY INC||CITY OF TACOMA - (WA),53033023201
JN1AZ0CP8C,Kitsap,Bremerton,WA,98311,2012,NISSAN,LEAF,Battery Electric Vehicle (BEV),Clean Alternative Fuel Vehicle Eligible,73,23.0,179148161,POINT (-122.60915 47.62631),PUGET SOUND ENERGY INC,53035091900
KNDRJDLH5N,Okanogan,Winthrop,WA,98862,2022,KIA,SORENTO,Plug-in Hybrid Electric Vehicle (PHEV),Clean Alternative Fuel Vehicle Eligible,32,12.0,260308051,POINT (-120.17739 48.47396),"OKANOGAN COUNTY ELEC COOP, INC",53047970900
5YJ3E1EA8J,King,Sammamish,WA,98075,2018,TESLA,MODEL 3,Battery Electric Vehicle (BEV),Clean Alternative Fuel Vehicle Eligible,215,41.0,118200022,POINT (-122.03539 47.61344),PUGET SOUND ENERGY INC||CITY OF TACOMA - (WA),53033032221
KNDCC3LG0K,Mason,Shelton,WA,98584,2019,KIA,NIRO,Battery Electric Vehicle (BEV),Clean Alternative Fuel Vehicle Eligible,239,35.0,195634785,POINT (-123.10616 47.21253),BONNEVILLE POWER ADMINISTRATION||CITY OF TACOMA - (WA)||PUD NO 3 OF MASON COUNTY,53045960900
YV4BR0CM5K,Whatcom,Bellingham,WA,98229,2019,VOLVO,XC90,Plug-in Hybrid Electric Vehicle (PHEV),Not eligible due to low battery range,17,40.0,180644264,POINT (-122.45486 48.7449),PUGET SOUND ENERGY INC||PUD NO 1 OF WHATCOM COUNTY,53073000805
WAUUPBFF6H,King,Seattle,WA,98109,2017,AUDI,A3,Plug-in Hybrid Electric Vehicle (PHEV),Not eligible due to low battery range,16,36.0,137125614,POINT (-122.35022 47.63824),CITY OF SEATTLE - (WA)|CITY OF TACOMA - (WA),53033006702
YV4H60DJ7R,Clark,La Center,WA,98629,2024,VOLVO,XC60,Plug-in Hybrid Electric Vehicle (PHEV),Clean Alternative Fuel Vehicle Eligible,35,18.0,289474594,POINT (-122.67248 45.86156),BONNEVILLE POWER ADMINISTRATION||PUD NO 1 OF CLARK COUNTY - (WA),53011040201
WVWKP7AU5G,King,Shoreline,WA,98155,2016,VOLKSWAGEN,E-GOLF,Battery Electric Vehicle (BEV),Clean Alternative Fuel Vehicle Eligible,83,32.0,108920395,POINT (-122.30304 47.75494),CITY OF SEATTLE - (WA)|CITY OF TACOMA - (WA),53033020401
5YJXCAE21H,Kittitas,Cle Elum,WA,98922,2017,TESLA,MODEL X,Battery Electric Vehicle (BEV),Clean Alternative Fuel Vehicle Eligible,200,13.0,210348911,POINT (-120.93943 47.195),PUGET SOUND ENERGY INC,53037975101
1N4BZ0CP1H,King,Seattle,WA,98199,2017,NISSAN,LEAF,Battery Electric Vehicle (BEV),Clean Alternative Fuel Vehicle Eligible,107,36.0,8218479,POINT (-122.40092 47.65908),CITY OF SEATTLE - (WA)|CITY OF TACOMA - (WA),53033005804
WBY8P6C02L,Kitsap,Bainbridge Island,WA,98110,2020,BMW,I3,Battery Electric Vehicle (BEV),Clean Alternative Fuel Vehicle Eligible,153,23.0,245223989,POINT (-122.521 47.62732),PUGET SOUND ENERGY INC,53035090902
JTDKAMFP9N,Grant,Moses Lake,WA,98837,2022,TOYOTA,PRIUS PRIME (PHEV),Plug-in Hybrid Electric Vehicle (PHEV),Not eligible due to low battery range,25,13.0,219138832,POINT (-119.2771 47.13196),PUD NO 2 OF GRANT COUNTY,53025010904
5YJ3E1EB1J,King,Sammamish,WA,98074,2018,TESLA,MODEL 3,Battery Electric Vehicle (BEV),Clean Alternative Fuel Vehicle Eligible,215,45.0,474610552,POINT (-122.02054 47.60326),PUGET SOUND ENERGY INC||CITY OF TACOMA - (WA),53033032216
5YJ3E1EA8J,Clark,Vancouver,WA,98664,2018,TESLA,MODEL 3,Battery Electric Vehicle (BEV),Clean Alternative Fuel Vehicle Eligible,215,49.0,233644932,POINT (-122.59219 45.62158),BONNEVILLE POWER ADMINISTRATION||PUD NO 1 OF CLARK COUNTY - (WA),53011041205
JTMCB3FV5R,Island,Coupeville,WA,98239,2024,TOYOTA,RAV4 PRIME (PHEV),Plug-in Hybrid Electric Vehicle (PHEV),Clean Alternative Fuel Vehicle Eligible,42,10.0,270108380,POINT (-122.68558 48.21857),PUGET SOUND ENERGY INC,53029971000
1N4AZ1CP6J,King,Redmond,WA,98052,2018,NISSAN,LEAF,Battery Electric Vehicle (BEV),Clean Alternative Fuel Vehicle Eligible,151,48.0,346377342,POINT (-122.13158 47.67858),PUGET SOUND ENERGY INC||CITY OF TACOMA - (WA),53033022902
2C4RC1N74L,King,Seattle,WA,98122,2020,CHRYSLER,PACIFICA,Plug-in Hybrid Electric Vehicle (PHEV),Clean Alternative Fuel Vehicle Eligible,32,37.0,9985580,POINT (-122.31009 47.60803),CITY OF SEATTLE - (WA)|CITY OF TACOMA - (WA),53033007800
KNDCC3LG3L,King,Seattle,WA,98108,2020,KIA,NIRO,Battery Electric Vehicle (BEV),Clean Alternative Fuel Vehicle Eligible,239,33.0,278791229,POINT (-122.31449 47.53917),CITY OF SEATTLE - (WA)|CITY OF TACOMA - (WA),53033026400
5LMYJ8XY4N,King,Renton,WA,98056,2022,LINCOLN,AVIATOR,Plug-in Hybrid Electric Vehicle (PHEV),Not eligible due to low battery range,21,41.0,272654735,POINT (-122.18839 47.51197),PUGET SOUND ENERGY INC||CITY OF TACOMA - (WA),53033025304
5YJSA1E23J,King,Bellevue,WA,98005,2018,TESLA,MODEL S,Battery Electric Vehicle (BEV),Clean Alternative Fuel Vehicle Eligible,249,41.0,475129861,POINT (-122.1621 47.64441),PUGET SOUND ENERGY INC||CITY OF TACOMA - (WA),53033023601
3FA6P0SU4G,King,Bellevue,WA,98007,2016,FORD,FUSION,Plug-in Hybrid Electric Vehicle (PHEV),Not eligible due to low battery range,19,48.0,266918942,POINT (-122.12056 47.61334),PUGET SOUND ENERGY INC||CITY OF TACOMA - (WA),53033023201
WA1E2AFYXP,King,Woodinville,WA,98072,2023,AUDI,Q5 E,Plug-in Hybrid Electric Vehicle (PHEV),Not eligible due to low battery range,23,45.0,235061018,POINT (-122.15545 47.75448),PUGET SOUND ENERGY INC||CITY OF TACOMA - (WA),53033032320
5YJ3E1EB6J,Clark,Washougal,WA,98671,2018,TESLA,MODEL 3,Battery Electric Vehicle (BEV),Clean Alternative Fuel Vehicle Eligible,215,18.0,474137646,POINT (-122.35341 45.57923),BONNEVILLE POWER ADMINISTRATION||PUD NO 1 OF CLARK COUNTY - (WA),53011040513
1N4AZ0CP2F,Whatcom,Blaine,WA,98230,2015,NISSAN,LEAF,Battery Electric Vehicle (BEV),Clean Alternative Fuel Vehicle Eligible,84,42.0,188071726,POINT (-122.74823 48.99405),CITY OF BLAINE - (WA)||PUD NO 1 OF WHATCOM COUNTY,53073010409
1G1FY6S08K,Clark,Ridgefield,WA,98642,2019,CHEVROLET,BOLT EV,Battery Electric Vehicle (BEV),Clean Alternative Fuel Vehicle Eligible,238,17.0,478425377,POINT (-122.74595 45.81539),BONNEVILLE POWER ADMINISTRATION||PUD NO 1 OF CLARK COUNTY - (WA),53011040403
5YJXCBE23L,King,Renton,WA,98055,2020,TESLA,MODEL X,Battery Electric Vehicle (BEV),Clean Alternative Fuel Vehicle Eligible,293,11.0,4761438,POINT (-122.19488 47.44035),PUGET SOUND ENERGY INC||CITY OF TACOMA - (WA),53033029308
5YJXCAE29H,Pierce,Gig Harbor,WA,98332,2017,TESLA,MODEL X,Battery Electric Vehicle (BEV),Clean Alternative Fuel Vehicle Eligible,200,26.0,255486990,POINT (-122.58964 47.34235),BONNEVILLE POWER ADMINISTRATION||CITY OF TACOMA - (WA)||PENINSULA LIGHT COMPANY,53053072508
ZACPDFCW6R,King,Tukwila,WA,98188,2024,DODGE,HORNET,Plug-in Hybrid Electric Vehicle (PHEV),Clean Alternative Fuel Vehicle Eligible,32,11.0,261974037,POINT (-122.27979 47.44952),PUGET SOUND ENERGY INC||CITY OF TACOMA - (WA),53033028200
1N4AZ0CPXD,King,Kirkland,WA,98034,2013,NISSAN,LEAF,Battery Electric Vehicle (BEV),Clean Alternative Fuel Vehicle Eligible,75,1.0,151653904,POINT (-122.22901 47.72201),PUGET SOUND ENERGY INC||CITY OF TACOMA - (WA),53033022300
1G1RH6E43E,Clark,Vancouver,WA,98684,2014,CHEVROLET,VOLT,Plug-in Hybrid Electric Vehicle (PHEV),Clean Alternative Fuel Vehicle Eligible,38,17.0,200657110,POINT (-122.48723 45.63701),BONNEVILLE POWER ADMINISTRATION||PUD NO 1 OF CLARK COUNTY - (WA),53011041317
1N4BZ1CPXK,King,Seattle,WA,98105,2019,NISSAN,LEAF,Battery Electric Vehicle (BEV),Clean Alternative Fuel Vehicle Eligible,150,43.0,107169478,POINT (-122.31307 47.66127),CITY OF SEATTLE - (WA)|CITY OF TACOMA - (WA),53033004500
1C4RJXN6XR,Pierce,Graham,WA,98338,2024,JEEP,WRANGLER,Plug-in Hybrid Electric Vehicle (PHEV),Not eligible due to low battery range,21,2.0,272263834,POINT (-122.29477 47.05703),BONNEVILLE POWER ADMINISTRATION||CITY OF TACOMA - (WA)||PENINSULA LIGHT COMPANY,53053073116
5YJ3E1EA8J,Snohomish,Granite Falls,WA,98252,2018,TESLA,MODEL 3,Battery Electric Vehicle (BEV),Clean Alternative Fuel Vehicle Eligible,215,39.0,227568645,POINT (-121.96931 48.08157),BONNEVILLE POWER ADMINISTRATION||PUD 1 OF SNOHOMISH COUNTY,53061053606
5YJ3E1EB4K,Pierce,Puyallup,WA,98375,2019,TESLA,MODEL 3,Battery Electric Vehicle (BEV),Clean Alternative Fuel Vehicle Eligible,220,2.0,264131178,POINT (-122.30855 47.10424),BONNEVILLE POWER ADMINISTRATION||CITY OF TACOMA - (WA)||PENINSULA LIGHT COMPANY,53053073126
JTMFB3FV2R,Walla Walla,Walla Walla,WA,99362,2024,TOYOTA,RAV4 PRIME (PHEV),Plug-in Hybrid Electric Vehicle (PHEV),Clean Alternative Fuel Vehicle Eligible,42,16.0,272056935,POINT (-118.34261 46.07068),PACIFICORP,53071920802
5YJ3E1EA9J,King,Burien,WA,98148,2018,TESLA,MODEL 3,Battery Electric Vehicle (BEV),Clean Alternative Fuel Vehicle Eligible,215,33.0,153944234,POINT (-122.32472 47.44519),PUGET SOUND ENERGY INC||CITY OF TACOMA - (WA),53033028000
JTMAB3FV2P,King,Seattle,WA,98109,2023,TOYOTA,RAV4 PRIME (PHEV),Plug-in Hybrid Electric Vehicle (PHEV),Clean Alternative Fuel Vehicle Eligible,42,36.0,253304390,POINT (-122.35022 47.63824),CITY OF SEATTLE - (WA)|CITY OF TACOMA - (WA),53033007203
5YJ3E1EB8J,King,Issaquah,WA,98029,2018,TESLA,MODEL 3,Battery Electric Vehicle (BEV),Clean Alternative Fuel Vehicle Eligible,215,5.0,476183711,POINT (-122.01656 47.57118),PUGET SOUND ENERGY INC||CITY OF TACOMA - (WA),53033032220
1FMCU0E11P,King,Bellevue,WA,98008,2023,FORD,ESCAPE,Plug-in Hybrid Electric Vehicle (PHEV),Clean Alternative Fuel Vehicle Eligible,37,48.0,238701130,POINT (-122.11867 47.63131),PUGET SOUND ENERGY INC||CITY OF TACOMA - (WA),53033023000
1G1FY6S03L,King,Bellevue,WA,98004,2020,CHEVROLET,BOLT EV,Battery Electric Vehicle (BEV),Clean Alternative Fuel Vehicle Eligible,259,41.0,257538732,POINT (-122.1872 47.61001),PUGET SOUND ENERGY INC||CITY OF TACOMA - (WA),53033023808
1N4AZ0CP3D,King,Redmond,WA,98052,2013,NISSAN,LEAF,Battery Electric Vehicle (BEV),Clean Alternative Fuel Vehicle Eligible,75,45.0,200438829,POINT (-122.13158 47.67858),PUGET SOUND ENERGY INC||CITY OF TACOMA - (WA),53033032323
5YJ3E1EA3K,King,Bellevue,WA,98004,2019,TESLA,MODEL 3,Battery Electric Vehicle (BEV),Clean Alternative Fuel Vehicle Eligible,220,48.0,476686794,POINT (-122.1872 47.61001),PUGET SOUND ENERGY INC||CITY OF TACOMA - (WA),53033024001
1N4AZ0CP2D,Clark,Vancouver,WA,98686,2013,NISSAN,LEAF,Battery Electric Vehicle (BEV),Clean Alternative Fuel Vehicle Eligible,75,49.0,110288027,POINT (-122.62731 45.71668),BONNEVILLE POWER ADMINISTRATION||PUD NO 1 OF CLARK COUNTY - (WA),53011040803
JTMFB3FV2R,King,Seattle,WA,98144,2024,TOYOTA,RAV4 PRIME (PHEV),Plug-in Hybrid Electric Vehicle (PHEV),Clean Alternative Fuel Vehicle Eligible,42,37.0,264689603,POINT (-122.30866 47.57874),CITY OF SEATTLE - (WA)|CITY OF TACOMA - (WA),53033008900
WBY1Z4C50F,King,Bothell,WA,98011,2015,BMW,I3,Plug-in Hybrid Electric Vehicle (PHEV),Clean Alternative Fuel Vehicle Eligible,72,1.0,268160875,POINT (-122.20563 47.76144),PUGET SOUND ENERGY INC||CITY OF TACOMA - (WA),53033021803
1N4AZ0CP9F,King,Vashon,WA,98070,2015,NISSAN,LEAF,Battery Electric Vehicle (BEV),Clean Alternative Fuel Vehicle Eligible,84,34.0,204078003,POINT (-122.4573 47.44929),PUGET SOUND ENERGY INC||CITY OF TACOMA - (WA),53033027701
2C4RC1L70P,Thurston,Olympia,WA,98501,2023,CHRYSLER,PACIFICA,Plug-in Hybrid Electric Vehicle (PHEV),Clean Alternative Fuel Vehicle Eligible,32,22.0,240345724,POINT (-122.89165 47.03954),PUGET SOUND ENERGY INC,53067011200
5YJ3E1EA1J,King,Bellevue,WA,98004,2018,TESLA,MODEL 3,Battery Electric Vehicle (BEV),Clean Alternative Fuel Vehicle Eligible,215,48.0,154173113,POINT (-122.1872 47.61001),PUGET SOUND ENERGY INC||CITY OF TACOMA - (WA),53033023805
WVWKR7AU6K,King,Seattle,WA,98146,2019,VOLKSWAGEN,E-GOLF,Battery Electric Vehicle (BEV),Clean Alternative Fuel Vehicle Eligible,125,34.0,4912862,POINT (-122.36322 47.49736),CITY OF SEATTLE - (WA)|CITY OF TACOMA - (WA),53033012100
KNDJX3AE6J,King,Seattle,WA,98125,2018,KIA,SOUL,Battery Electric Vehicle (BEV),Clean Alternative Fuel Vehicle Eligible,111,46.0,350154178,POINT (-122.30253 47.72656),CITY OF SEATTLE - (WA)|CITY OF TACOMA - (WA),53033001000
JTDACACU5S,King,Kent,WA,98031,2025,TOYOTA,PRIUS PRIME (PHEV),Plug-in Hybrid Electric Vehicle (PHEV),Clean Alternative Fuel Vehicle Eligible,39,33.0,280485810,POINT (-122.17743 47.41185),PUGET SOUND ENERGY INC||CITY OF TACOMA - (WA),53033029305
5YJ3E1EB4J,Snohomish,Lake Stevens,WA,98258,2018,TESLA,MODEL 3,Battery Electric Vehicle (BEV),Clean Alternative Fuel Vehicle Eligible,215,44.0,262816039,POINT (-122.06402 48.01497),PUGET SOUND ENERGY INC,53061052505
2C4RC1N7XM,Pierce,Fircrest,WA,98466,2021,CHRYSLER,PACIFICA,Plug-in Hybrid Electric Vehicle (PHEV),Clean Alternative Fuel Vehicle Eligible,32,28.0,144231076,POINT (-122.53781 47.23075),BONNEVILLE POWER ADMINISTRATION||CITY OF TACOMA - (WA)||PENINSULA LIGHT COMPANY,53053072305
1N4BZ0CP8G,Clallam,Sequim,WA,98382,2016,NISSAN,LEAF,Battery Electric Vehicle (BEV),Clean Alternative Fuel Vehicle Eligible,84,24.0,169157488,POINT (-123.10367 48.07965),BONNEVILLE POWER ADMINISTRATION||PUD NO 1 OF CLALLAM COUNTY,53009002002
5YJYGDEE8L,Garfield,Pomeroy,WA,99347,2020,TESLA,MODEL Y,Battery Electric Vehicle (BEV),Clean Alternative Fuel Vehicle Eligible,291,9.0,132243212,POINT (-117.58937 46.47398),PACIFICORP,53023970300
1FMCU0E10P,King,Kent,WA,98032,2023,FORD,ESCAPE,Plug-in Hybrid Electric Vehicle (PHEV),Clean Alternative Fuel Vehicle Eligible,37,33.0,276311003,POINT (-122.23741 47.3807),PUGET SOUND ENERGY INC||CITY OF TACOMA - (WA),53033029203
WA1LAAGE5K,Snohomish,Bothell,WA,98012,2019,AUDI,E-TRON,Battery Electric Vehicle (BEV),Clean Alternative Fuel Vehicle Eligible,204,1.0,240042918,POINT (-122.20105 47.84423),PUGET SOUND ENERGY INC,53061051921
1G1FW6S06L,Pierce,Steilacoom,WA,98388,2020,CHEVROLET,BOLT EV,Battery Electric Vehicle (BEV),Clean Alternative Fuel Vehicle Eligible,259,28.0,261138517,POINT (-122.59802 47.17303),BONNEVILLE POWER ADMINISTRATION||TOWN OF STEILACOOM|CITY OF TACOMA - (WA)||PENINSULA LIGHT COMPANY,53053072109
YV4H60RCXS,King,Seattle,WA,98146,2025,VOLVO,XC60,Plug-in Hybrid Electric Vehicle (PHEV),Clean Alternative Fuel Vehicle Eligible,35,34.0,284260840,POINT (-122.36322 47.49736),CITY OF SEATTLE - (WA)|CITY OF TACOMA - (WA),53033012000
WA1E2AFY4M,King,Bellevue,WA,98004,2021,AUDI,Q5 E,Plug-in Hybrid Electric Vehicle (PHEV),Not eligible due to low battery range,18,41.0,276624862,POINT (-122.1872 47.61001),PUGET SOUND ENERGY INC||CITY OF TACOMA - (WA),53033023801
ZACPDFCW4R,King,Tukwila,WA,98188,2024,DODGE,HORNET,Plug-in Hybrid Electric Vehicle (PHEV),Clean Alternative Fuel Vehicle Eligible,32,11.0,260485627,POINT (-122.27979 47.44952),PUGET SOUND ENERGY INC||CITY OF TACOMA - (WA),53033028200
KM8JFDD29R,King,Bellevue,WA,98004,2024,HYUNDAI,TUCSON,Plug-in Hybrid Electric Vehicle (PHEV),Clean Alternative Fuel Vehicle Eligible,33,48.0,262754348,POINT (-122.1872 47.61001),PUGET SOUND ENERGY INC||CITY OF TACOMA - (WA),53033024001
5YJSA1E27H,Snohomish,Marysville,WA,98271,2017,TESLA,MODEL S,Battery Electric Vehicle (BEV),Clean Alternative Fuel Vehicle Eligible,210,39.0,324216343,POINT (-122.17138 48.10433),PUGET SOUND ENERGY INC,53061052803
YV1H60EP2P,Whatcom,Ferndale,WA,98248,2023,VOLVO,V60,Plug-in Hybrid Electric Vehicle (PHEV),Clean Alternative Fuel Vehicle Eligible,41,42.0,236709931,POINT (-122.5945 48.84787),PUGET SOUND ENERGY INC||PUD NO 1 OF WHATCOM COUNTY,53073010503
1G1RC6S58H,Whatcom,Bellingham,WA,98226,2017,CHEVROLET,VOLT,Plug-in Hybrid Electric Vehicle (PHEV),Clean Alternative Fuel Vehicle Eligible,53,42.0,349993885,POINT (-122.49756 48.7999),PUGET SOUND ENERGY INC||PUD NO 1 OF WHATCOM COUNTY,53073000102
JTMAB3FV5P,Pierce,Lake Tapps,WA,98391,2023,TOYOTA,RAV4 PRIME (PHEV),Plug-in Hybrid Electric Vehicle (PHEV),Clean Alternative Fuel Vehicle Eligible,42,31.0,244648673,POINT (-122.17144 47.19175),PUGET SOUND ENERGY INC||CITY OF TACOMA - (WA),53053070314
1N4AZ0CPXD,Pierce,Tacoma,WA,98445,2013,NISSAN,LEAF,Battery Electric Vehicle (BEV),Clean Alternative Fuel Vehicle Eligible,75,25.0,104214820,POINT (-122.40872 47.16568),BONNEVILLE POWER ADMINISTRATION||CITY OF TACOMA - (WA)||PARKLAND LIGHT & WATER COMPANY|PENINSULA LIGHT COMPANY,53053071505
KNDJP3AE6G,Clark,Camas,WA,98607,2016,KIA,SOUL,Battery Electric Vehicle (BEV),Clean Alternative Fuel Vehicle Eligible,93,18.0,127114949,POINT (-122.40199 45.58694),BONNEVILLE POWER ADMINISTRATION||PUD NO 1 OF CLARK COUNTY - (WA),53011040608
KNDPYDDH8S,King,Seattle,WA,98112,2025,KIA,SPORTAGE,Plug-in Hybrid Electric Vehicle (PHEV),Clean Alternative Fuel Vehicle Eligible,34,37.0,274774748,POINT (-122.30207 47.64085),CITY OF SEATTLE - (WA)|CITY OF TACOMA - (WA),53033007700
JTDKARFP5H,Kitsap,Bainbridge Island,WA,98110,2017,TOYOTA,PRIUS PRIME (PHEV),Plug-in Hybrid Electric Vehicle (PHEV),Not eligible due to low battery range,25,23.0,202434165,POINT (-122.521 47.62732),PUGET SOUND ENERGY INC,53035090902
WVWKR7AU4H,King,Seattle,WA,98107,2017,VOLKSWAGEN,E-GOLF,Battery Electric Vehicle (BEV),Clean Alternative Fuel Vehicle Eligible,125,43.0,128499570,POINT (-122.38591 47.67597),CITY OF SEATTLE - (WA)|CITY OF TACOMA - (WA),53033003400
5YJXCBE27J,King,Snoqualmie,WA,98065,2018,TESLA,MODEL X,Battery Electric Vehicle (BEV),Clean Alternative Fuel Vehicle Eligible,238,5.0,248870114,POINT (-121.82432 47.52716),PUGET SOUND ENERGY INC||CITY OF TACOMA - (WA),53033032604
5YJ3E1EA5J,King,Kent,WA,98031,2018,TESLA,MODEL 3,Battery Electric Vehicle (BEV),Clean Alternative Fuel Vehicle Eligible,215,47.0,140760714,POINT (-122.17743 47.41185),PUGET SOUND ENERGY INC||CITY OF TACOMA - (WA),53033029405
1G1RD6S51G,Pierce,Eatonville,WA,98328,2016,CHEVROLET,VOLT,Plug-in Hybrid Electric Vehicle (PHEV),Clean Alternative Fuel Vehicle Eligible,53,2.0,336912208,POINT (-122.26832 46.86733),BONNEVILLE POWER ADMINISTRATION||TOWN OF EATONVILLE - (WA)|CITY OF TACOMA - (WA),53053073200
YV4H60DJ8R,Pierce,University Place,WA,98466,2024,VOLVO,XC60,Plug-in Hybrid Electric Vehicle (PHEV),Clean Alternative Fuel Vehicle Eligible,35,28.0,263144598,POINT (-122.53781 47.23075),BONNEVILLE POWER ADMINISTRATION||CITY OF TACOMA - (WA)||PENINSULA LIGHT COMPANY,53053072309
JTMAB3FV1N,Clark,Vancouver,WA,98682,2022,TOYOTA,RAV4 PRIME (PHEV),Plug-in Hybrid Electric Vehicle (PHEV),Clean Alternative Fuel Vehicle Eligible,42,18.0,216537625,POINT (-122.55149 45.69345),BONNEVILLE POWER ADMINISTRATION||PUD NO 1 OF CLARK COUNTY - (WA),53011040603
JTDACACU8R,Clark,Vancouver,WA,98683,2024,TOYOTA,PRIUS PRIME (PHEV),Plug-in Hybrid Electric Vehicle (PHEV),Clean Alternative Fuel Vehicle Eligible,39,17.0,266667187,POINT (-122.49212 45.60365),BONNEVILLE POWER ADMINISTRATION||PUD NO 1 OF CLARK COUNTY - (WA),53011041309
2C4RC1S75P,Kitsap,Bremerton,WA,98337,2023,CHRYSLER,PACIFICA,Plug-in Hybrid Electric Vehicle (PHEV),Clean Alternative Fuel Vehicle Eligible,32,26.0,252223450,POINT (-122.62749 47.565),PUGET SOUND ENERGY INC,53035080500
5YJ3E1EB5K,King,Issaquah,WA,98029,2019,TESLA,MODEL 3,Battery Electric Vehicle (BEV),Clean Alternative Fuel Vehicle Eligible,220,5.0,230929940,POINT (-122.01656 47.57118),PUGET SOUND ENERGY INC||CITY OF TACOMA - (WA),53033032220
5YJ3E1EA1J,King,Kirkland,WA,98034,2018,TESLA,MODEL 3,Battery Electric Vehicle (BEV),Clean Alternative Fuel Vehicle Eligible,215,45.0,349624677,POINT (-122.22901 47.72201),PUGET SOUND ENERGY INC||CITY OF TACOMA - (WA),53033021903
2C4RC1S7XM,King,Seattle,WA,98122,2021,CHRYSLER,PACIFICA,Plug-in Hybrid Electric Vehicle (PHEV),Clean Alternative Fuel Vehicle Eligible,32,37.0,176545155,POINT (-122.31009 47.60803),CITY OF SEATTLE - (WA)|CITY OF TACOMA - (WA),53033008700
5YJ3E1EA2K,King,Federal Way,WA,98023,2019,TESLA,MODEL 3,Battery Electric Vehicle (BEV),Clean Alternative Fuel Vehicle Eligible,220,30.0,287529763,POINT (-122.36217 47.31011),PUGET SOUND ENERGY INC||CITY OF TACOMA - (WA),53033030102
5YJ3E1EB3K,Clark,La Center,WA,98629,2019,TESLA,MODEL 3,Battery Electric Vehicle (BEV),Clean Alternative Fuel Vehicle Eligible,220,18.0,241885941,POINT (-122.67248 45.86156),BONNEVILLE POWER ADMINISTRATION||PUD NO 1 OF CLARK COUNTY - (WA),53011040203
5YJ3E1EA9J,King,Seattle,WA,98125,2018,TESLA,MODEL 3,Battery Electric Vehicle (BEV),Clean Alternative Fuel Vehicle Eligible,215,46.0,139402952,POINT (-122.30253 47.72656),CITY OF SEATTLE - (WA)|CITY OF TACOMA - (WA),53033001100
1N4BZ0CP4H,King,Redmond,WA,98053,2017,NISSAN,LEAF,Battery Electric Vehicle (BEV),Clean Alternative Fuel Vehicle Eligible,107,45.0,350089022,POINT (-122.03287 47.68555),PUGET SOUND ENERGY INC||CITY OF TACOMA - (WA),53033032333
5YJ3E1EA1J,Chelan,Wenatchee,WA,98801,2018,TESLA,MODEL 3,Battery Electric Vehicle (BEV),Clean Alternative Fuel Vehicle Eligible,215,12.0,284065960,POINT (-120.30521 47.41493),PUD NO 1 OF CHELAN COUNTY,53007961002
JA4T5VA93S,Spokane,Colbert,WA,99005,2025,MITSUBISHI,OUTLANDER,Plug-in Hybrid Electric Vehicle (PHEV),Clean Alternative Fuel Vehicle Eligible,38,7.0,279134418,POINT (-117.35414 47.83743),BONNEVILLE POWER ADMINISTRATION||INLAND POWER & LIGHT COMPANY,53063010305
2C4RC1S72R,Clark,Vancouver,WA,98665,2024,CHRYSLER,PACIFICA,Plug-in Hybrid Electric Vehicle (PHEV),Clean Alternative Fuel Vehicle Eligible,32,49.0,267219354,POINT (-122.64443 45.67871),BONNEVILLE POWER ADMINISTRATION||PUD NO 1 OF CLARK COUNTY - (WA),53011041008
1G1RD6E41B,Clark,Vancouver,WA,98665,2011,CHEVROLET,VOLT,Plug-in Hybrid Electric Vehicle (PHEV),Clean Alternative Fuel Vehicle Eligible,35,49.0,218705560,POINT (-122.64443 45.67871),BONNEVILLE POWER ADMINISTRATION||PUD NO 1 OF CLARK COUNTY - (WA),53011040809
5UX43EU05T,King,Vashon,WA,98070,2026,BMW,X5,Plug-in Hybrid Electric Vehicle (PHEV),Clean Alternative Fuel Vehicle Eligible,38,34.0,290715323,POINT (-122.4573 47.44929),PUGET SOUND ENERGY INC||CITY OF TACOMA - (WA),53033027702
JTDKAMFP7N,Spokane,Spokane,WA,99223,2022,TOYOTA,PRIUS PRIME (PHEV),Plug-in Hybrid Electric Vehicle (PHEV),Not eligible due to low battery range,25,6.0,186941982,POINT (-117.36043 47.63396),MODERN ELECTRIC WATER COMPANY,53063004701
KNAGV4LD8H,Pierce,Puyallup,WA,98373,2017,KIA,OPTIMA,Plug-in Hybrid Electric Vehicle (PHEV),Not eligible due to low battery range,29,25.0,166403646,POINT (-122.2988 47.13795),BONNEVILLE POWER ADMINISTRATION||CITY OF TACOMA - (WA)||PENINSULA LIGHT COMPANY,53053071304
JTMAB3FV0M,King,Seattle,WA,98133,2021,TOYOTA,RAV4 PRIME (PHEV),Plug-in Hybrid Electric Vehicle (PHEV),Clean Alternative Fuel Vehicle Eligible,42,46.0,154434213,POINT (-122.33364 47.73709),CITY OF SEATTLE - (WA)|CITY OF TACOMA - (WA),53033000602
1N4AZ1CP9K,Snohomish,Monroe,WA,98272,2019,NISSAN,LEAF,Battery Electric Vehicle (BEV),Clean Alternative Fuel Vehicle Eligible,150,39.0,135136739,POINT (-121.98087 47.8526),PUGET SOUND ENERGY INC,53061052203
KM8JFDD25R,King,Seattle,WA,98133,2024,HYUNDAI,TUCSON,Plug-in Hybrid Electric Vehicle (PHEV),Clean Alternative Fuel Vehicle Eligible,33,46.0,270249276,POINT (-122.33364 47.73709),CITY OF SEATTLE - (WA)|CITY OF TACOMA - (WA),53033000300
5YJRE1A14A,King,Federal Way,WA,98003,2010,TESLA,ROADSTER,Battery Electric Vehicle (BEV),Clean Alternative Fuel Vehicle Eligible,245,30.0,185701442,POINT (-122.3303 47.30151),PUGET SOUND ENERGY INC||CITY OF TACOMA - (WA),53033030007
1N4AZ1CP8J,Yakima,Moxee,WA,98936,2018,NISSAN,LEAF,Battery Electric Vehicle (BEV),Clean Alternative Fuel Vehicle Eligible,151,15.0,475976483,POINT (-120.39197 46.55621),PACIFICORP,53077001702
KNDCE3LG2K,King,Seattle,WA,98178,2019,KIA,NIRO,Battery Electric Vehicle (BEV),Clean Alternative Fuel Vehicle Eligible,239,37.0,8188813,POINT (-122.25031 47.49481),CITY OF SEATTLE - (WA)|CITY OF TACOMA - (WA),53033011901
5YJSA1E21H,King,Seattle,WA,98177,2017,TESLA,MODEL S,Battery Electric Vehicle (BEV),Clean Alternative Fuel Vehicle Eligible,210,32.0,227690893,POINT (-122.37238 47.74068),CITY OF SEATTLE - (WA)|CITY OF TACOMA - (WA),53033000500
5YJ3E1EA9J,King,Bellevue,WA,98004,2018,TESLA,MODEL 3,Battery Electric Vehicle (BEV),Clean Alternative Fuel Vehicle Eligible,215,48.0,218834276,POINT (-122.1872 47.61001),PUGET SOUND ENERGY INC||CITY OF TACOMA - (WA),53033023806
JTMAB3FVXP,King,Woodinville,WA,98072,2023,TOYOTA,RAV4 PRIME (PHEV),Plug-in Hybrid Electric Vehicle (PHEV),Clean Alternative Fuel Vehicle Eligible,42,45.0,260203219,POINT (-122.15545 47.75448),PUGET SOUND ENERGY INC||CITY OF TACOMA - (WA),53033032326
5YJ3E1EB9J,Cowlitz,Longview,WA,98632,2018,TESLA,MODEL 3,Battery Electric Vehicle (BEV),Clean Alternative Fuel Vehicle Eligible,215,19.0,344111813,POINT (-122.95058 46.14681),BONNEVILLE POWER ADMINISTRATION||PUD NO 1 OF COWLITZ COUNTY,53015000902
JHMZC5F31K,Cowlitz,Woodland,WA,98674,2019,HONDA,CLARITY,Plug-in Hybrid Electric Vehicle (PHEV),Clean Alternative Fuel Vehicle Eligible,47,20.0,276117460,POINT (-122.74017 45.9094),BONNEVILLE POWER ADMINISTRATION||PUD NO 1 OF COWLITZ COUNTY,53015001504
5YJ3E1EB8L,King,Bellevue,WA,98004,2020,TESLA,MODEL 3,Battery Electric Vehicle (BEV),Clean Alternative Fuel Vehicle Eligible,322,41.0,260540388,POINT (-122.1872 47.61001),PUGET SOUND ENERGY INC||CITY OF TACOMA - (WA),53033023807
5YJYGDEE3L,King,Seattle,WA,98146,2020,TESLA,MODEL Y,Battery Electric Vehicle (BEV),Clean Alternative Fuel Vehicle Eligible,291,34.0,126138127,POINT (-122.36322 47.49736),CITY OF SEATTLE - (WA)|CITY OF TACOMA - (WA),53033012000
1G1RH6E48C,Spokane,Chattaroy,WA,99003,2012,CHEVROLET,VOLT,Plug-in Hybrid Electric Vehicle (PHEV),Clean Alternative Fuel Vehicle Eligible,35,4.0,151739444,POINT (-117.35237 47.89594),BONNEVILLE POWER ADMINISTRATION||INLAND POWER & LIGHT COMPANY,53063010201
5YJSA1S22F,King,Kirkland,WA,98034,2015,TESLA,MODEL S,Battery Electric Vehicle (BEV),Clean Alternative Fuel Vehicle Eligible,208,45.0,146372761,POINT (-122.22901 47.72201),PUGET SOUND ENERGY INC||CITY OF TACOMA - (WA),53033021903
KNDPZDAH4P,King,Seattle,WA,98108,2023,KIA,SPORTAGE,Plug-in Hybrid Electric Vehicle (PHEV),Clean Alternative Fuel Vehicle Eligible,34,11.0,230246845,POINT (-122.31449 47.53917),CITY OF SEATTLE - (WA)|CITY OF TACOMA - (WA),53033010402
2C4RC1L70N,Clark,Vancouver,WA,98662,2022,CHRYSLER,PACIFICA,Plug-in Hybrid Electric Vehicle (PHEV),Clean Alternative Fuel Vehicle Eligible,32,17.0,278746625,POINT (-122.57722 45.64251),BONNEVILLE POWER ADMINISTRATION||PUD NO 1 OF CLARK COUNTY - (WA),53011040703
JTMEB3FV8M,King,Duvall,WA,98019,2021,TOYOTA,RAV4 PRIME (PHEV),Plug-in Hybrid Electric Vehicle (PHEV),Clean Alternative Fuel Vehicle Eligible,42,45.0,223870069,POINT (-121.98609 47.74068),PUGET SOUND ENERGY INC||CITY OF TACOMA - (WA),53033032401
5UXTA6C08M,Chelan,Wenatchee,WA,98801,2021,BMW,X5,Plug-in Hybrid Electric Vehicle (PHEV),Clean Alternative Fuel Vehicle Eligible,30,12.0,132791501,POINT (-120.30521 47.41493),PUD NO 1 OF CHELAN COUNTY,53007960700
1G1RD6E43C,Whatcom,Ferndale,WA,98248,2012,CHEVROLET,VOLT,Plug-in Hybrid Electric Vehicle (PHEV),Clean Alternative Fuel Vehicle Eligible,35,42.0,247453244,POINT (-122.5945 48.84787),PUGET SOUND ENERGY INC||PUD NO 1 OF WHATCOM COUNTY,53073940001
1G1FY6S06L,Whatcom,Bellingham,WA,98225,2020,CHEVROLET,BOLT EV,Battery Electric Vehicle (BEV),Clean Alternative Fuel Vehicle Eligible,259,42.0,127489351,POINT (-122.47091 48.75256),PUGET SOUND ENERGY INC||PUD NO 1 OF WHATCOM COUNTY,53073000201
3FA6P0PU3E,Island,Camano Island,WA,98282,2014,FORD,FUSION,Plug-in Hybrid Electric Vehicle (PHEV),Not eligible due to low battery range,19,10.0,132831520,POINT (-122.40049 48.23986),BONNEVILLE POWER ADMINISTRATION||PUD 1 OF SNOHOMISH COUNTY,53029971500
5YJXCAE26L,Island,Langley,WA,98260,2020,TESLA,MODEL X,Battery Electric Vehicle (BEV),Clean Alternative Fuel Vehicle Eligible,293,10.0,3343686,POINT (-122.40618 48.0399),PUGET SOUND ENERGY INC,53029971900
5UX43EU08S,King,Seattle,WA,98126,2025,BMW,X5,Plug-in Hybrid Electric Vehicle (PHEV),Clean Alternative Fuel Vehicle Eligible,40,34.0,276088648,POINT (-122.36893 47.54701),CITY OF SEATTLE - (WA)|CITY OF TACOMA - (WA),53033010702
JTDKAMFP3M,Kitsap,Bainbridge Island,WA,98110,2021,TOYOTA,PRIUS PRIME (PHEV),Plug-in Hybrid Electric Vehicle (PHEV),Not eligible due to low battery range,25,23.0,228129268,POINT (-122.521 47.62732),PUGET SOUND ENERGY INC,53035091002
5UXTA6C06M,King,Woodinville,WA,98072,2021,BMW,X5,Plug-in Hybrid Electric Vehicle (PHEV),Clean Alternative Fuel Vehicle Eligible,30,45.0,135053096,POINT (-122.15545 47.75448),PUGET SOUND ENERGY INC||CITY OF TACOMA - (WA),53033032319
1G1RC6S56J,Pierce,Orting,WA,98360,2018,CHEVROLET,VOLT,Plug-in Hybrid Electric Vehicle (PHEV),Clean Alternative Fuel Vehicle Eligible,53,31.0,100941305,POINT (-122.20166 47.09596),PUGET SOUND ENERGY INC||CITY OF TACOMA - (WA),53053070100
WA1E2AFYXL,Whatcom,Bellingham,WA,98225,2020,AUDI,Q5 E,Plug-in Hybrid Electric Vehicle (PHEV),Not eligible due to low battery range,20,40.0,109225532,POINT (-122.47091 48.75256),PUGET SOUND ENERGY INC||PUD NO 1 OF WHATCOM COUNTY,53073001101
WBY1Z2C59E,Whitman,Palouse,WA,99161,2014,BMW,I3,Battery Electric Vehicle (BEV),Clean Alternative Fuel Vehicle Eligible,81,9.0,143448420,POINT (-117.0768 46.91008),AVISTA CORP,53075000700
JN1AZ0CP4B,Pierce,Puyallup,WA,98374,2011,NISSAN,LEAF,Battery Electric Vehicle (BEV),Clean Alternative Fuel Vehicle Eligible,73,25.0,178646016,POINT (-122.27504 47.13926),PUGET SOUND ENERGY INC||CITY OF TACOMA - (WA),53053071207
KM8JFDD27S,Snohomish,Mukilteo,WA,98275,2025,HYUNDAI,TUCSON,Plug-in Hybrid Electric Vehicle (PHEV),Clean Alternative Fuel Vehicle Eligible,32,21.0,281429900,POINT (-122.29196 47.89908),PUGET SOUND ENERGY INC,53061041301
KNDRMDLH9N,Clark,Vancouver,WA,98664,2022,KIA,SORENTO,Plug-in Hybrid Electric Vehicle (PHEV),Clean Alternative Fuel Vehicle Eligible,32,49.0,182334575,POINT (-122.59219 45.62158),BONNEVILLE POWER ADMINISTRATION||PUD NO 1 OF CLARK COUNTY - (WA),53011041208
5UX43EU03S,King,Bellevue,WA,98004,2025,BMW,X5,Plug-in Hybrid Electric Vehicle (PHEV),Clean Alternative Fuel Vehicle Eligible,40,48.0,275138083,POINT (-122.1872 47.61001),PUGET SOUND ENERGY INC||CITY OF TACOMA - (WA),53033023806
1N4AZ0CPXF,King,Kirkland,WA,98034,2015,NISSAN,LEAF,Battery Electric Vehicle (BEV),Clean Alternative Fuel Vehicle Eligible,84,1.0,476379543,POINT (-122.22901 47.72201),PUGET SOUND ENERGY INC||CITY OF TACOMA - (WA),53033022203
5YJXCBE21J,Skagit,Burlington,WA,98233,2018,TESLA,MODEL X,Battery Electric Vehicle (BEV),Clean Alternative Fuel Vehicle Eligible,238,40.0,350094454,POINT (-122.33029 48.46846),PUGET SOUND ENERGY INC,53057951600
2T3YL4DV0D,King,Seattle,WA,98116,2013,TOYOTA,RAV4,Battery Electric Vehicle (BEV),Clean Alternative Fuel Vehicle Eligible,103,34.0,133479643,POINT (-122.41067 47.57894),CITY OF SEATTLE - (WA)|CITY OF TACOMA - (WA),53033009701
1C4RJYB66R,Lewis,Centralia,WA,98531,2024,JEEP,GRAND CHEROKEE,Plug-in Hybrid Electric Vehicle (PHEV),Not eligible due to low battery range,25,20.0,262988855,POINT (-122.95266 46.72895),BONNEVILLE POWER ADMINISTRATION||CITY OF CENTRALIA - (WA)|CITY OF TACOMA - (WA),53041970700
5YJYGDEE6L,King,Seattle,WA,98178,2020,TESLA,MODEL Y,Battery Electric Vehicle (BEV),Clean Alternative Fuel Vehicle Eligible,291,37.0,111895913,POINT (-122.25031 47.49481),CITY OF SEATTLE - (WA)|CITY OF TACOMA - (WA),53033011902
1FADP5CU0G,King,Seattle,WA,98119,2016,FORD,C-MAX,Plug-in Hybrid Electric Vehicle (PHEV),Not eligible due to low battery range,19,36.0,182971190,POINT (-122.3684 47.64586),CITY OF SEATTLE - (WA)|CITY OF TACOMA - (WA),53033005902
1N4AZ0CP3E,King,Seattle,WA,98125,2014,NISSAN,LEAF,Battery Electric Vehicle (BEV),Clean Alternative Fuel Vehicle Eligible,84,46.0,250490705,POINT (-122.30253 47.72656),CITY OF SEATTLE - (WA)|CITY OF TACOMA - (WA),53033001100
WBY1Z6C57H,King,Seattle,WA,98112,2017,BMW,I3,Battery Electric Vehicle (BEV),Clean Alternative Fuel Vehicle Eligible,81,37.0,278759890,POINT (-122.30207 47.64085),CITY OF SEATTLE - (WA)|CITY OF TACOMA - (WA),53033007700
WVWKR7AU2K,King,Redmond,WA,98052,2019,VOLKSWAGEN,E-GOLF,Battery Electric Vehicle (BEV),Clean Alternative Fuel Vehicle Eligible,125,45.0,478424999,POINT (-122.13158 47.67858),PUGET SOUND ENERGY INC||CITY OF TACOMA - (WA),53033032324
5YJ3E1EA3K,King,Sammamish,WA,98074,2019,TESLA,MODEL 3,Battery Electric Vehicle (BEV),Clean Alternative Fuel Vehicle Eligible,220,45.0,478832098,POINT (-122.02054 47.60326),PUGET SOUND ENERGY INC||CITY OF TACOMA - (WA),53033032317
2C4RC1L79M,Clark,Vancouver,WA,98684,2021,CHRYSLER,PACIFICA,Plug-in Hybrid Electric Vehicle (PHEV),Clean Alternative Fuel Vehicle Eligible,32,17.0,288258162,POINT (-122.48723 45.63701),BONNEVILLE POWER ADMINISTRATION||PUD NO 1 OF CLARK COUNTY - (WA),53011041317
1G1FY6S02K,Whatcom,Bellingham,WA,98225,2019,CHEVROLET,BOLT EV,Battery Electric Vehicle (BEV),Clean Alternative Fuel Vehicle Eligible,238,42.0,476814971,POINT (-122.47091 48.75256),PUGET SOUND ENERGY INC||PUD NO 1 OF WHATCOM COUNTY,53073000600
WBY1Z4C50E,Snohomish,Snohomish,WA,98290,2014,BMW,I3,Plug-in Hybrid Electric Vehicle (PHEV),Clean Alternative Fuel Vehicle Eligible,72,44.0,246415494,POINT (-122.09305 47.91265),PUGET SOUND ENERGY INC,53061052104
YV4BR0DKXM,King,Seattle,WA,98119,2021,VOLVO,XC60,Plug-in Hybrid Electric Vehicle (PHEV),Not eligible due to low battery range,18,36.0,151310358,POINT (-122.3684 47.64586),CITY OF SEATTLE - (WA)|CITY OF TACOMA - (WA),53033005902
1N4BZ0CP3H,Snohomish,Marysville,WA,98270,2017,NISSAN,LEAF,Battery Electric Vehicle (BEV),Clean Alternative Fuel Vehicle Eligible,107,44.0,196726890,POINT (-122.1769 48.06114),PUGET SOUND ENERGY INC,53061052708
5YJSA1E20H,King,Renton,WA,98058,2017,TESLA,MODEL S,Battery Electric Vehicle (BEV),Clean Alternative Fuel Vehicle Eligible,210,11.0,219704145,POINT (-122.08747 47.4466),PUGET SOUND ENERGY INC||CITY OF TACOMA - (WA),53033031909
YV4H60DA9P,King,Redmond,WA,98053,2023,VOLVO,XC60,Plug-in Hybrid Electric Vehicle (PHEV),Clean Alternative Fuel Vehicle Eligible,35,45.0,287521258,POINT (-122.03287 47.68555),PUGET SOUND ENERGY INC||CITY OF TACOMA - (WA),53033032332
5YJ3E1EA7L,Pierce,Tacoma,WA,98444,2020,TESLA,MODEL 3,Battery Electric Vehicle (BEV),Clean Alternative Fuel Vehicle Eligible,266,29.0,3569394,POINT (-122.43827 47.154),BONNEVILLE POWER ADMINISTRATION||CITY OF TACOMA - (WA)||ELMHURST MUTUAL POWER & LIGHT CO|PENINSULA LIGHT COMPANY,53053071503
5YJXCDE23J,King,Bellevue,WA,98004,2018,TESLA,MODEL X,Battery Electric Vehicle (BEV),Clean Alternative Fuel Vehicle Eligible,238,41.0,237977386,POINT (-122.1872 47.61001),PUGET SOUND ENERGY INC||CITY OF TACOMA - (WA),53033023601
WA1F2AFY3M,Snohomish,Bothell,WA,98021,2021,AUDI,Q5 E,Plug-in Hybrid Electric Vehicle (PHEV),Not eligible due to low battery range,18,1.0,141964420,POINT (-122.18384 47.8031),PUGET SOUND ENERGY INC,53061051938
1FADP5EU3H,Clark,Vancouver,WA,98665,2017,FORD,C-MAX,Plug-in Hybrid Electric Vehicle (PHEV),Not eligible due to low battery range,20,49.0,120067013,POINT (-122.64443 45.67871),BONNEVILLE POWER ADMINISTRATION||PUD NO 1 OF CLARK COUNTY - (WA),53011041009
1FMCU0E1XR,Snohomish,Everett,WA,98204,2024,FORD,ESCAPE,Plug-in Hybrid Electric Vehicle (PHEV),Clean Alternative Fuel Vehicle Eligible,37,21.0,276794444,POINT (-122.27557 47.88936),PUGET SOUND ENERGY INC,53061041810
WBY1Z4C54G,King,Kirkland,WA,98034,2016,BMW,I3,Plug-in Hybrid Electric Vehicle (PHEV),Clean Alternative Fuel Vehicle Eligible,72,45.0,293450503,POINT (-122.22901 47.72201),PUGET SOUND ENERGY INC||CITY OF TACOMA - (WA),53033021904
5YJSA1E29L,Pierce,Steilacoom,WA,98388,2020,TESLA,MODEL S,Battery Electric Vehicle (BEV),Clean Alternative Fuel Vehicle Eligible,330,28.0,277623062,POINT (-122.59802 47.17303),BONNEVILLE POWER ADMINISTRATION||TOWN OF STEILACOOM|CITY OF TACOMA - (WA)||PENINSULA LIGHT COMPANY,53053072109
KNDCS3LF1P,Thurston,Olympia,WA,98501,2023,KIA,NIRO,Plug-in Hybrid Electric Vehicle (PHEV),Clean Alternative Fuel Vehicle Eligible,33,20.0,240672470,POINT (-122.89165 47.03954),PUGET SOUND ENERGY INC,53067012610
5YJSA1E28H,King,Kent,WA,98030,2017,TESLA,MODEL S,Battery Electric Vehicle (BEV),Clean Alternative Fuel Vehicle Eligible,210,47.0,125809400,POINT (-122.19975 47.37483),PUGET SOUND ENERGY INC||CITY OF TACOMA - (WA),53033029507
1N4AZ0CP4E,Pierce,Tacoma,WA,98403,2014,NISSAN,LEAF,Battery Electric Vehicle (BEV),Clean Alternative Fuel Vehicle Eligible,84,27.0,254317542,POINT (-122.45782 47.26541),BONNEVILLE POWER ADMINISTRATION||CITY OF TACOMA - (WA)||PENINSULA LIGHT COMPANY,53053061502
JTDKARFP8J,Chelan,Leavenworth,WA,98826,2018,TOYOTA,PRIUS PRIME (PHEV),Plug-in Hybrid Electric Vehicle (PHEV),Not eligible due to low battery range,25,12.0,203210668,POINT (-120.65754 47.5982),PUD NO 1 OF CHELAN COUNTY,53007960201
5YJ3E1EC9L,King,Shoreline,WA,98155,2020,TESLA,MODEL 3,Battery Electric Vehicle (BEV),Clean Alternative Fuel Vehicle Eligible,308,32.0,4758512,POINT (-122.30304 47.75494),CITY OF SEATTLE - (WA)|CITY OF TACOMA - (WA),53033020500
YV4H60DMXR,Mason,Shelton,WA,98584,2024,VOLVO,XC60,Plug-in Hybrid Electric Vehicle (PHEV),Clean Alternative Fuel Vehicle Eligible,35,35.0,266062163,POINT (-123.10616 47.21253),BONNEVILLE POWER ADMINISTRATION||CITY OF TACOMA - (WA)||PUD NO 3 OF MASON COUNTY,53045961101
4JGFB4GB0S,King,Seattle,WA,98199,2025,MERCEDES-BENZ,GLE-CLASS,Plug-in Hybrid Electric Vehicle (PHEV),Clean Alternative Fuel Vehicle Eligible,49,36.0,273979898,POINT (-122.40092 47.65908),CITY OF SEATTLE - (WA)|CITY OF TACOMA - (WA),53033005600
KM8K33AG1K,Clark,Vancouver,WA,98684,2019,HYUNDAI,KONA,Battery Electric Vehicle (BEV),Clean Alternative Fuel Vehicle Eligible,258,17.0,233014785,POINT (-122.48723 45.63701),BONNEVILLE POWER ADMINISTRATION||PUD NO 1 OF CLARK COUNTY - (WA),53011041317
YV4H60DP5P,King,Seattle,WA,98136,2023,VOLVO,XC60,Plug-in Hybrid Electric Vehicle (PHEV),Clean Alternative Fuel Vehicle Eligible,35,34.0,235012830,POINT (-122.38415 47.53755),CITY OF SEATTLE - (WA)|CITY OF TACOMA - (WA),53033011601
5YJSA1E28H,Clark,Vancouver,WA,98662,2017,TESLA,MODEL S,Battery Electric Vehicle (BEV),Clean Alternative Fuel Vehicle Eligible,210,17.0,280685541,POINT (-122.57722 45.64251),BONNEVILLE POWER ADMINISTRATION||PUD NO 1 OF CLARK COUNTY - (WA),53011041313
KNDPZDDH0S,Whatcom,Bellingham,WA,98229,2025,KIA,SPORTAGE,Plug-in Hybrid Electric Vehicle (PHEV),Clean Alternative Fuel Vehicle Eligible,34,40.0,285150022,POINT (-122.45486 48.7449),PUGET SOUND ENERGY INC||PUD NO 1 OF WHATCOM COUNTY,53073000904
JTJCJMGA6R,King,Bellevue,WA,98004,2024,LEXUS,RX,Plug-in Hybrid Electric Vehicle (PHEV),Clean Alternative Fuel Vehicle Eligible,37,41.0,272537289,POINT (-122.1872 47.61001),PUGET SOUND ENERGY INC||CITY OF TACOMA - (WA),53033023601
5YJ3E1EA1J,King,Duvall,WA,98014,2018,TESLA,MODEL 3,Battery Electric Vehicle (BEV),Clean Alternative Fuel Vehicle Eligible,215,5.0,347475516,POINT (-121.91353 47.64901),PUGET SOUND ENERGY INC||CITY OF TACOMA - (WA),53033032500
3FA6P0SU8G,Spokane,Spokane,WA,99208,2016,FORD,FUSION,Plug-in Hybrid Electric Vehicle (PHEV),Not eligible due to low battery range,19,6.0,349384346,POINT (-117.45005 47.7333),BONNEVILLE POWER ADMINISTRATION||AVISTA CORP||INLAND POWER & LIGHT COMPANY,53063011104
WA1VABGEXK,Chelan,Wenatchee,WA,98801,2019,AUDI,E-TRON,Battery Electric Vehicle (BEV),Clean Alternative Fuel Vehicle Eligible,204,12.0,254776336,POINT (-120.30521 47.41493),PUD NO 1 OF CHELAN COUNTY,53007960804
SALK19F44R,King,Sammamish,WA,98075,2024,LAND ROVER,RANGE ROVER,Plug-in Hybrid Electric Vehicle (PHEV),Clean Alternative Fuel Vehicle Eligible,59,41.0,282740993,POINT (-122.03539 47.61344),PUGET SOUND ENERGY INC||CITY OF TACOMA - (WA),53033032215
5YJ3E1EB5J,King,Kent,WA,98031,2018,TESLA,MODEL 3,Battery Electric Vehicle (BEV),Clean Alternative Fuel Vehicle Eligible,215,47.0,475278296,POINT (-122.17743 47.41185),PUGET SOUND ENERGY INC||CITY OF TACOMA - (WA),53033029407
5YJSA1CN0D,King,Maple Valley,WA,98038,2013,TESLA,MODEL S,Battery Electric Vehicle (BEV),Clean Alternative Fuel Vehicle Eligible,208,5.0,115484778,POINT (-122.04526 47.39394),PUGET SOUND ENERGY INC||CITY OF TACOMA - (WA),53033031604
3C3CFFGE5H,Jefferson,Port Townsend,WA,98368,2017,FIAT,500,Battery Electric Vehicle (BEV),Clean Alternative Fuel Vehicle Eligible,84,24.0,112962727,POINT (-122.77263 48.1212),BONNEVILLE POWER ADMINISTRATION||PUGET SOUND ENERGY INC||PUD NO 1 OF JEFFERSON COUNTY,53031950502
5YJSA1E21J,Jefferson,Nordland,WA,98358,2018,TESLA,MODEL S,Battery Electric Vehicle (BEV),Clean Alternative Fuel Vehicle Eligible,249,24.0,131582027,POINT (-122.69107 48.05105),BONNEVILLE POWER ADMINISTRATION||PUGET SOUND ENERGY INC||PUD NO 1 OF JEFFERSON COUNTY,53031950400
2C4RC1L7XN,Pierce,Parkland,WA,98446,2022,CHRYSLER,PACIFICA,Plug-in Hybrid Electric Vehicle (PHEV),Clean Alternative Fuel Vehicle Eligible,32,29.0,272354204,POINT (-122.37747 47.09665),BONNEVILLE POWER ADMINISTRATION||CITY OF TACOMA - (WA)||ELMHURST MUTUAL POWER & LIGHT CO|PENINSULA LIGHT COMPANY,53053071412
5YJ3E1EA3L,King,Kenmore,WA,98028,2020,TESLA,MODEL 3,Battery Electric Vehicle (BEV),Clean Alternative Fuel Vehicle Eligible,266,46.0,3288995,POINT (-122.24369 47.75892),PUGET SOUND ENERGY INC||CITY OF TACOMA - (WA),53033021701
ZACPDFCW8R,King,Tukwila,WA,98188,2024,DODGE,HORNET,Plug-in Hybrid Electric Vehicle (PHEV),Clean Alternative Fuel Vehicle Eligible,32,11.0,261583080,POINT (-122.27979 47.44952),PUGET SOUND ENERGY INC||CITY OF TACOMA - (WA),53033028200
5YJ3E1EA7K,Snohomish,Lynnwood,WA,98037,2019,TESLA,MODEL 3,Battery Electric Vehicle (BEV),Clean Alternative Fuel Vehicle Eligible,220,32.0,476265751,POINT (-122.27734 47.83785),PUGET SOUND ENERGY INC,53061051601
2C4RC1L78M,Kitsap,Bremerton,WA,98311,2021,CHRYSLER,PACIFICA,Plug-in Hybrid Electric Vehicle (PHEV),Clean Alternative Fuel Vehicle Eligible,32,23.0,148453882,POINT (-122.60915 47.62631),PUGET SOUND ENERGY INC,53035091702
5UXKT0C5XG,King,Maple Valley,WA,98038,2016,BMW,X5,Plug-in Hybrid Electric Vehicle (PHEV),Not eligible due to low battery range,14,5.0,257514848,POINT (-122.04526 47.39394),PUGET SOUND ENERGY INC||CITY OF TACOMA - (WA),53033031604
1FMCU0E16R,Snohomish,Everett,WA,98203,2024,FORD,ESCAPE,Plug-in Hybrid Electric Vehicle (PHEV),Clean Alternative Fuel Vehicle Eligible,37,38.0,278299591,POINT (-122.23019 47.94949),PUGET SOUND ENERGY INC,53061041400
WVWKP7AU5G,Pierce,Puyallup,WA,98373,2016,VOLKSWAGEN,E-GOLF,Battery Electric Vehicle (BEV),Clean Alternative Fuel Vehicle Eligible,83,25.0,283178787,POINT (-122.2988 47.13795),BONNEVILLE POWER ADMINISTRATION||CITY OF TACOMA - (WA)||PENINSULA LIGHT COMPANY,53053071304
JM3KKDHA5R,Pierce,Wilkeson,WA,98396,2024,MAZDA,CX-90,Plug-in Hybrid Electric Vehicle (PHEV),Not eligible due to low battery range,26,31.0,286966109,POINT (-122.04723 47.10954),PUGET SOUND ENERGY INC||CITY OF TACOMA - (WA),53053070100
KM8S7DA26P,King,Seattle,WA,98177,2023,HYUNDAI,SANTA FE,Plug-in Hybrid Electric Vehicle (PHEV),Clean Alternative Fuel Vehicle Eligible,30,36.0,235154650,POINT (-122.37238 47.74068),CITY OF SEATTLE - (WA)|CITY OF TACOMA - (WA),53033001400
1N4AZ0CPXE,King,Des Moines,WA,98198,2014,NISSAN,LEAF,Battery Electric Vehicle (BEV),Clean Alternative Fuel Vehicle Eligible,84,33.0,158819853,POINT (-122.30615 47.38542),PUGET SOUND ENERGY INC||CITY OF TACOMA - (WA),53033029001
5YJSA1CN2C,Cowlitz,Woodland,WA,98674,2012,TESLA,MODEL S,Battery Electric Vehicle (BEV),Clean Alternative Fuel Vehicle Eligible,265,20.0,335390716,POINT (-122.74017 45.9094),BONNEVILLE POWER ADMINISTRATION||PUD NO 1 OF COWLITZ COUNTY,53015001501
5YJXCBE23G,King,Renton,WA,98059,2016,TESLA,MODEL X,Battery Electric Vehicle (BEV),Clean Alternative Fuel Vehicle Eligible,200,11.0,142502279,POINT (-122.11589 47.50243),PUGET SOUND ENERGY INC||CITY OF TACOMA - (WA),53033025101
JTMFB3FV8R,King,Auburn,WA,98092,2024,TOYOTA,RAV4 PRIME (PHEV),Plug-in Hybrid Electric Vehicle (PHEV),Clean Alternative Fuel Vehicle Eligible,42,47.0,270046493,POINT (-122.18262 47.31825),PUGET SOUND ENERGY INC||CITY OF TACOMA - (WA),53033031208
YV4H60CE0R,Snohomish,Bothell,WA,98021,2024,VOLVO,XC90,Plug-in Hybrid Electric Vehicle (PHEV),Clean Alternative Fuel Vehicle Eligible,32,1.0,269399070,POINT (-122.18384 47.8031),PUGET SOUND ENERGY INC,53061051918
5UXTA6C01N,King,Seattle,WA,98119,2022,BMW,X5,Plug-in Hybrid Electric Vehicle (PHEV),Clean Alternative Fuel Vehicle Eligible,30,36.0,182583488,POINT (-122.3684 47.64586),CITY OF SEATTLE - (WA)|CITY OF TACOMA - (WA),53033005902
JTMAB3FV8N,Snohomish,Edmonds,WA,98026,2022,TOYOTA,RAV4 PRIME (PHEV),Plug-in Hybrid Electric Vehicle (PHEV),Clean Alternative Fuel Vehicle Eligible,42,21.0,203476381,POINT (-122.31768 47.87166),PUGET SOUND ENERGY INC,53061050300
1N4AZ0CP5F,Snohomish,Lake Stevens,WA,98258,2015,NISSAN,LEAF,Battery Electric Vehicle (BEV),Clean Alternative Fuel Vehicle Eligible,84,44.0,133014045,POINT (-122.06402 48.01497),PUGET SOUND ENERGY INC,53061052605
JTJCJMGA1T,King,Woodinville,WA,98072,2026,LEXUS,RX,Plug-in Hybrid Electric Vehicle (PHEV),Clean Alternative Fuel Vehicle Eligible,38,45.0,289125525,POINT (-122.15545 47.75448),PUGET SOUND ENERGY INC||CITY OF TACOMA - (WA),53033021906
1G1RD6E49F,Clallam,Sequim,WA,98382,2015,CHEVROLET,VOLT,Plug-in Hybrid Electric Vehicle (PHEV),Clean Alternative Fuel Vehicle Eligible,38,24.0,207542765,POINT (-123.10367 48.07965),BONNEVILLE POWER ADMINISTRATION||PUD NO 1 OF CLALLAM COUNTY,53009001902
1C4RJXU65R,King,Redmond,WA,98052,2024,JEEP,WRANGLER,Plug-in Hybrid Electric Vehicle (PHEV),Not eligible due to low battery range,21,45.0,265063277,POINT (-122.13158 47.67858),PUGET SOUND ENERGY INC||CITY OF TACOMA - (WA),53033032321
ZACPDFCW8R,King,Tukwila,WA,98188,2024,DODGE,HORNET,Plug-in Hybrid Electric Vehicle (PHEV),Clean Alternative Fuel Vehicle Eligible,32,11.0,271663374,POINT (-122.27979 47.44952),PUGET SOUND ENERGY INC||CITY OF TACOMA - (WA),53033028200
5YJ3E1EA5J,King,Kirkland,WA,98034,2018,TESLA,MODEL 3,Battery Electric Vehicle (BEV),Clean Alternative Fuel Vehicle Eligible,215,1.0,305023596,POINT (-122.22901 47.72201),PUGET SOUND ENERGY INC||CITY OF TACOMA - (WA),53033022203
JTDKAMFP1N,Clark,Battle Ground,WA,98604,2022,TOYOTA,PRIUS PRIME (PHEV),Plug-in Hybrid Electric Vehicle (PHEV),Not eligible due to low battery range,25,18.0,267811022,POINT (-122.5331 45.78092),BONNEVILLE POWER ADMINISTRATION||PUD NO 1 OF CLARK COUNTY - (WA),53011040416
5UX43EU03T,King,Redmond,WA,98053,2026,BMW,X5,Plug-in Hybrid Electric Vehicle (PHEV),Clean Alternative Fuel Vehicle Eligible,38,45.0,287670855,POINT (-122.03287 47.68555),PUGET SOUND ENERGY INC||CITY OF TACOMA - (WA),53033032315
JTMFB3FV1R,King,Kent,WA,98031,2024,TOYOTA,RAV4 PRIME (PHEV),Plug-in Hybrid Electric Vehicle (PHEV),Clean Alternative Fuel Vehicle Eligible,42,47.0,272280949,POINT (-122.17743 47.41185),PUGET SOUND ENERGY INC||CITY OF TACOMA - (WA),53033029406
KM8JBDD23R,Clark,Vancouver,WA,98686,2024,HYUNDAI,TUCSON,Plug-in Hybrid Electric Vehicle (PHEV),Clean Alternative Fuel Vehicle Eligible,33,17.0,265808315,POINT (-122.62731 45.71668),BONNEVILLE POWER ADMINISTRATION||PUD NO 1 OF CLARK COUNTY - (WA),53011040811
JTMEB3FV4R,King,Sammamish,WA,98074,2024,TOYOTA,RAV4 PRIME (PHEV),Plug-in Hybrid Electric Vehicle (PHEV),Clean Alternative Fuel Vehicle Eligible,42,45.0,264844485,POINT (-122.02054 47.60326),PUGET SOUND ENERGY INC||CITY OF TACOMA - (WA),53033032317
JA4J2VA75N,Snohomish,Marysville,WA,98270,2022,MITSUBISHI,OUTLANDER,Plug-in Hybrid Electric Vehicle (PHEV),Not eligible due to low battery range,24,38.0,195320359,POINT (-122.1769 48.06114),PUGET SOUND ENERGY INC,53061052809
1N4AZ0CP8F,Snohomish,Edmonds,WA,98020,2015,NISSAN,LEAF,Battery Electric Vehicle (BEV),Clean Alternative Fuel Vehicle Eligible,84,32.0,100416935,POINT (-122.37689 47.81116),PUGET SOUND ENERGY INC,53061050502
1FMCU0E1XS,King,Auburn,WA,98002,2025,FORD,ESCAPE,Plug-in Hybrid Electric Vehicle (PHEV),Clean Alternative Fuel Vehicle Eligible,37,31.0,287501112,POINT (-122.2229 47.307),PUGET SOUND ENERGY INC||CITY OF TACOMA - (WA),53033030700
JTJHKCFZ3S,King,Kirkland,WA,98033,2025,LEXUS,NX,Plug-in Hybrid Electric Vehicle (PHEV),Clean Alternative Fuel Vehicle Eligible,37,48.0,270357580,POINT (-122.2066 47.67887),PUGET SOUND ENERGY INC||CITY OF TACOMA - (WA),53033022701
JM3KKEHA2R,Benton,Kennewick,WA,99338,2024,MAZDA,CX-90,Plug-in Hybrid Electric Vehicle (PHEV),Not eligible due to low battery range,26,8.0,265211362,POINT (-119.3118 46.20665),BONNEVILLE POWER ADMINISTRATION||PUD NO 1 OF BENTON COUNTY,53005010815
1N4AZ0CP1D,Clark,Vancouver,WA,98664,2013,NISSAN,LEAF,Battery Electric Vehicle (BEV),Clean Alternative Fuel Vehicle Eligible,75,49.0,281429186,POINT (-122.59219 45.62158),BONNEVILLE POWER ADMINISTRATION||PUD NO 1 OF CLARK COUNTY - (WA),53011041208
1N4BZ1CP0K,Pierce,Tacoma,WA,98418,2019,NISSAN,LEAF,Battery Electric Vehicle (BEV),Clean Alternative Fuel Vehicle Eligible,150,27.0,215019276,POINT (-122.44629 47.22283),BONNEVILLE POWER ADMINISTRATION||CITY OF TACOMA - (WA)||PENINSULA LIGHT COMPANY,53053061800
JN1AZ0CP3C,Douglas,East Wenatchee,WA,98802,2012,NISSAN,LEAF,Battery Electric Vehicle (BEV),Clean Alternative Fuel Vehicle Eligible,73,12.0,129592382,POINT (-120.29473 47.41515),PUD NO 1 OF DOUGLAS COUNTY,53017950400
WBA7J2C5XJ,Spokane,Spokane,WA,99208,2018,BMW,740E,Plug-in Hybrid Electric Vehicle (PHEV),Not eligible due to low battery range,14,6.0,144692873,POINT (-117.45005 47.7333),BONNEVILLE POWER ADMINISTRATION||AVISTA CORP||INLAND POWER & LIGHT COMPANY,53063010702
1N4AZ0CP7F,Thurston,Olympia,WA,98501,2015,NISSAN,LEAF,Battery Electric Vehicle (BEV),Clean Alternative Fuel Vehicle Eligible,84,22.0,189349219,POINT (-122.89165 47.03954),PUGET SOUND ENERGY INC,53067010100
KNDPYDDH2S,King,Bellevue,WA,98007,2025,KIA,SPORTAGE,Plug-in Hybrid Electric Vehicle (PHEV),Clean Alternative Fuel Vehicle Eligible,34,41.0,281828501,POINT (-122.12056 47.61334),PUGET SOUND ENERGY INC||CITY OF TACOMA - (WA),53033023401
1FADP5CUXF,Kitsap,Kingston,WA,98346,2015,FORD,C-MAX,Plug-in Hybrid Electric Vehicle (PHEV),Not eligible due to low battery range,19,23.0,252689629,POINT (-122.4977 47.79802),PUGET SOUND ENERGY INC,53035090102
1G1FW6S07H,Clark,Camas,WA,98607,2017,CHEVROLET,BOLT EV,Battery Electric Vehicle (BEV),Clean Alternative Fuel Vehicle Eligible,238,18.0,230823652,POINT (-122.40199 45.58694),BONNEVILLE POWER ADMINISTRATION||PUD NO 1 OF CLARK COUNTY - (WA),53011041328
5YJ3E1EA0J,King,Seattle,WA,98105,2018,TESLA,MODEL 3,Battery Electric Vehicle (BEV),Clean Alternative Fuel Vehicle Eligible,215,43.0,196972009,POINT (-122.31307 47.66127),CITY OF SEATTLE - (WA)|CITY OF TACOMA - (WA),53033004402
1G1RD6S54H,King,Redmond,WA,98053,2017,CHEVROLET,VOLT,Plug-in Hybrid Electric Vehicle (PHEV),Clean Alternative Fuel Vehicle Eligible,53,45.0,147171881,POINT (-122.03287 47.68555),PUGET SOUND ENERGY INC||CITY OF TACOMA - (WA),53033032327
YV4BR0CK7K,King,Seattle,WA,98115,2019,VOLVO,XC90,Plug-in Hybrid Electric Vehicle (PHEV),Not eligible due to low battery range,17,43.0,211624871,POINT (-122.31676 47.68156),CITY OF SEATTLE - (WA)|CITY OF TACOMA - (WA),53033003601
JTDKN3DP0C,Snohomish,Everett,WA,98204,2012,TOYOTA,PRIUS,Plug-in Hybrid Electric Vehicle (PHEV),Not eligible due to low battery range,6,21.0,245282096,POINT (-122.27557 47.88936),PUGET SOUND ENERGY INC,53061041812
2C4RC1N79J,King,Seattle,WA,98107,2018,CHRYSLER,PACIFICA,Plug-in Hybrid Electric Vehicle (PHEV),Clean Alternative Fuel Vehicle Eligible,33,36.0,2342035,POINT (-122.38591 47.67597),CITY OF SEATTLE - (WA)|CITY OF TACOMA - (WA),53033003202
KNDCC3LG0K,King,Bellevue,WA,98004,2019,KIA,NIRO,Battery Electric Vehicle (BEV),Clean Alternative Fuel Vehicle Eligible,239,48.0,110523073,POINT (-122.1872 47.61001),PUGET SOUND ENERGY INC||CITY OF TACOMA - (WA),53033023701
5YJ3E1EB7L,King,Issaquah,WA,98029,2020,TESLA,MODEL 3,Battery Electric Vehicle (BEV),Clean Alternative Fuel Vehicle Eligible,322,5.0,124082808,POINT (-122.01656 47.57118),PUGET SOUND ENERGY INC||CITY OF TACOMA - (WA),53033032220
1G1FX6S03H,Kitsap,Bainbridge Island,WA,98110,2017,CHEVROLET,BOLT EV,Battery Electric Vehicle (BEV),Clean Alternative Fuel Vehicle Eligible,238,23.0,207277948,POINT (-122.521 47.62732),PUGET SOUND ENERGY INC,53035090800
WBY1Z4C52F,Clallam,Sequim,WA,98382,2015,BMW,I3,Plug-in Hybrid Electric Vehicle (PHEV),Clean Alternative Fuel Vehicle Eligible,72,24.0,476681117,POINT (-123.10367 48.07965),BONNEVILLE POWER ADMINISTRATION||PUD NO 1 OF CLALLAM COUNTY,53009001800
1G1RB6E41F,Lewis,Centralia,WA,98531,2015,CHEVROLET,VOLT,Plug-in Hybrid Electric Vehicle (PHEV),Clean Alternative Fuel Vehicle Eligible,38,20.0,131772658,POINT (-122.95266 46.72895),BONNEVILLE POWER ADMINISTRATION||CITY OF CENTRALIA - (WA)|CITY OF TACOMA - (WA),53041970400
5YJ3E1EA0L,King,Bellevue,WA,98006,2020,TESLA,MODEL 3,Battery Electric Vehicle (BEV),Clean Alternative Fuel Vehicle Eligible,266,41.0,209370472,POINT (-122.12096 47.55584),PUGET SOUND ENERGY INC||CITY OF TACOMA - (WA),53033024905
1G1RD6S59K,King,Seattle,WA,98144,2019,CHEVROLET,VOLT,Plug-in Hybrid Electric Vehicle (PHEV),Clean Alternative Fuel Vehicle Eligible,53,37.0,114305817,POINT (-122.30866 47.57874),CITY OF SEATTLE - (WA)|CITY OF TACOMA - (WA),53033009500
WBY1Z4C50E,King,Seattle,WA,98178,2014,BMW,I3,Plug-in Hybrid Electric Vehicle (PHEV),Clean Alternative Fuel Vehicle Eligible,72,37.0,218956237,POINT (-122.25031 47.49481),CITY OF SEATTLE - (WA)|CITY OF TACOMA - (WA),53033011902
5YJ3E1EA5J,King,Seattle,WA,98109,2018,TESLA,MODEL 3,Battery Electric Vehicle (BEV),Clean Alternative Fuel Vehicle Eligible,215,36.0,474487443,POINT (-122.35022 47.63824),CITY OF SEATTLE - (WA)|CITY OF TACOMA - (WA),53033007002
1N4AZ1CPXJ,Spokane,Spokane,WA,99223,2018,NISSAN,LEAF,Battery Electric Vehicle (BEV),Clean Alternative Fuel Vehicle Eligible,151,6.0,328487267,POINT (-117.36043 47.63396),BONNEVILLE POWER ADMINISTRATION||AVISTA CORP||INLAND POWER & LIGHT COMPANY,53063004800
5YJ3E1EA8L,Cowlitz,Kelso,WA,98626,2020,TESLA,MODEL 3,Battery Electric Vehicle (BEV),Clean Alternative Fuel Vehicle Eligible,266,19.0,132263148,POINT (-122.89867 46.14424),BONNEVILLE POWER ADMINISTRATION||PUD NO 1 OF COWLITZ COUNTY,53015000901
JTDACACU0R,Clark,Vancouver,WA,98665,2024,TOYOTA,PRIUS PRIME (PHEV),Plug-in Hybrid Electric Vehicle (PHEV),Clean Alternative Fuel Vehicle Eligible,39,49.0,272058328,POINT (-122.64443 45.67871),BONNEVILLE POWER ADMINISTRATION||PUD NO 1 OF CLARK COUNTY - (WA),53011041009
1C4RJYB63R,King,Shoreline,WA,98155,2024,JEEP,GRAND CHEROKEE,Plug-in Hybrid Electric Vehicle (PHEV),Not eligible due to low battery range,25,32.0,260844895,POINT (-122.30304 47.75494),CITY OF SEATTLE - (WA)|CITY OF TACOMA - (WA),53033021300
5YJ3E1EB2J,Clark,Washougal,WA,98671,2018,TESLA,MODEL 3,Battery Electric Vehicle (BEV),Clean Alternative Fuel Vehicle Eligible,215,18.0,475818360,POINT (-122.35341 45.57923),BONNEVILLE POWER ADMINISTRATION||PUD NO 1 OF CLARK COUNTY - (WA),53011040510
1N4BZ1DP6L,Spokane,Spokane,WA,99203,2020,NISSAN,LEAF,Battery Electric Vehicle (BEV),Clean Alternative Fuel Vehicle Eligible,215,6.0,150283549,POINT (-117.39322 47.63374),MODERN ELECTRIC WATER COMPANY,53063004200
YV4BR0CLXN,King,Seattle,WA,98125,2022,VOLVO,XC90,Plug-in Hybrid Electric Vehicle (PHEV),Not eligible due to low battery range,18,46.0,179319332,POINT (-122.30253 47.72656),CITY OF SEATTLE - (WA)|CITY OF TACOMA - (WA),53033001000
1N4BZ0CPXH,King,Bellevue,WA,98008,2017,NISSAN,LEAF,Battery Electric Vehicle (BEV),Clean Alternative Fuel Vehicle Eligible,107,48.0,166250486,POINT (-122.11867 47.63131),PUGET SOUND ENERGY INC||CITY OF TACOMA - (WA),53033023300
5YJ3E1EA1J,Snohomish,Mill Creek,WA,98012,2018,TESLA,MODEL 3,Battery Electric Vehicle (BEV),Clean Alternative Fuel Vehicle Eligible,215,44.0,221709960,POINT (-122.20105 47.84423),PUGET SOUND ENERGY INC,53061052008
5YJ3E1EB2J,King,Redmond,WA,98053,2018,TESLA,MODEL 3,Battery Electric Vehicle (BEV),Clean Alternative Fuel Vehicle Eligible,215,45.0,474580487,POINT (-122.03287 47.68555),PUGET SOUND ENERGY INC||CITY OF TACOMA - (WA),53033032315
WBA7J2C52K,King,Seattle,WA,98112,2019,BMW,740E,Plug-in Hybrid Electric Vehicle (PHEV),Not eligible due to low battery range,14,37.0,270210741,POINT (-122.30207 47.64085),CITY OF SEATTLE - (WA)|CITY OF TACOMA - (WA),53033007800
5YJ3E1EB3K,Snohomish,Edmonds,WA,98026,2019,TESLA,MODEL 3,Battery Electric Vehicle (BEV),Clean Alternative Fuel Vehicle Eligible,220,21.0,193844500,POINT (-122.31768 47.87166),PUGET SOUND ENERGY INC,53061050101
1C4RJXN62R,Pierce,Eatonville,WA,98328,2024,JEEP,WRANGLER,Plug-in Hybrid Electric Vehicle (PHEV),Not eligible due to low battery range,21,2.0,284170456,POINT (-122.26832 46.86733),BONNEVILLE POWER ADMINISTRATION||TOWN OF EATONVILLE - (WA)|CITY OF TACOMA - (WA),53053073200
JTDACACU1S,King,Seattle,WA,98126,2025,TOYOTA,PRIUS PRIME (PHEV),Plug-in Hybrid Electric Vehicle (PHEV),Clean Alternative Fuel Vehicle Eligible,39,34.0,279120110,POINT (-122.36893 47.54701),CITY OF SEATTLE - (WA)|CITY OF TACOMA - (WA),53033009900
JTMAB3FV1N,King,Seattle,WA,98133,2022,TOYOTA,RAV4 PRIME (PHEV),Plug-in Hybrid Electric Vehicle (PHEV),Clean Alternative Fuel Vehicle Eligible,42,46.0,286834313,POINT (-122.33364 47.73709),CITY OF SEATTLE - (WA)|CITY OF TACOMA - (WA),53033000602
JM3KJEHA1S,Spokane,Spokane Valley,WA,99206,2025,MAZDA,CX-70,Plug-in Hybrid Electric Vehicle (PHEV),Not eligible due to low battery range,26,4.0,272291876,POINT (-117.24781 47.63516),BONNEVILLE POWER ADMINISTRATION||VERA IRRIGATION DISTRICT #15,53063012401
YV4BR0DK2M,King,Sammamish,WA,98029,2021,VOLVO,XC60,Plug-in Hybrid Electric Vehicle (PHEV),Not eligible due to low battery range,18,5.0,237642667,POINT (-122.01656 47.57118),PUGET SOUND ENERGY INC||CITY OF TACOMA - (WA),53033032222
JN1AZ0CP1C,King,Kirkland,WA,98033,2012,NISSAN,LEAF,Battery Electric Vehicle (BEV),Clean Alternative Fuel Vehicle Eligible,73,48.0,128867161,POINT (-122.2066 47.67887),PUGET SOUND ENERGY INC||CITY OF TACOMA - (WA),53033022501
ZACPDFCW4R,King,Tukwila,WA,98188,2024,DODGE,HORNET,Plug-in Hybrid Electric Vehicle (PHEV),Clean Alternative Fuel Vehicle Eligible,32,11.0,260172531,POINT (-122.27979 47.44952),PUGET SOUND ENERGY INC||CITY OF TACOMA - (WA),53033028200
ZACPDFCW0R,King,Tukwila,WA,98188,2024,DODGE,HORNET,Plug-in Hybrid Electric Vehicle (PHEV),Clean Alternative Fuel Vehicle Eligible,32,11.0,260844825,POINT (-122.27979 47.44952),PUGET SOUND ENERGY INC||CITY OF TACOMA - (WA),53033028200
WA1AAAGE3M,King,Redmond,WA,98053,2021,AUDI,E-TRON,Battery Electric Vehicle (BEV),Clean Alternative Fuel Vehicle Eligible,222,5.0,286351803,POINT (-122.03287 47.68555),PUGET SOUND ENERGY INC||CITY OF TACOMA - (WA),53033032315
KNDPZDAH5P,Kitsap,Bainbridge Island,WA,98110,2023,KIA,SPORTAGE,Plug-in Hybrid Electric Vehicle (PHEV),Clean Alternative Fuel Vehicle Eligible,34,23.0,239689117,POINT (-122.521 47.62732),PUGET SOUND ENERGY INC,53035090901
KNDPYDDHXS,Pierce,Tacoma,WA,98405,2025,KIA,SPORTAGE,Plug-in Hybrid Electric Vehicle (PHEV),Clean Alternative Fuel Vehicle Eligible,34,27.0,273940215,POINT (-122.48271 47.24737),BONNEVILLE POWER ADMINISTRATION||CITY OF TACOMA - (WA)||PENINSULA LIGHT COMPANY,53053061400
5YJ3E1EA8L,King,Bellevue,WA,98004,2020,TESLA,MODEL 3,Battery Electric Vehicle (BEV),Clean Alternative Fuel Vehicle Eligible,266,48.0,6387839,POINT (-122.1872 47.61001),PUGET SOUND ENERGY INC||CITY OF TACOMA - (WA),53033023805
2C4RC1N79J,Pierce,Eatonville,WA,98328,2018,CHRYSLER,PACIFICA,Plug-in Hybrid Electric Vehicle (PHEV),Clean Alternative Fuel Vehicle Eligible,33,2.0,269433097,POINT (-122.26832 46.86733),BONNEVILLE POWER ADMINISTRATION||CITY OF TACOMA - (WA)||BENTON RURAL ELECTRIC ASSN|PENINSULA LIGHT COMPANY,53053073119
5YJXCAE28H,Pierce,Gig Harbor,WA,98332,2017,TESLA,MODEL X,Battery Electric Vehicle (BEV),Clean Alternative Fuel Vehicle Eligible,200,26.0,175246221,POINT (-122.58964 47.34235),BONNEVILLE POWER ADMINISTRATION||CITY OF TACOMA - (WA)||PENINSULA LIGHT COMPANY,53053072504
1G1FW6S02H,King,Maple Valley,WA,98038,2017,CHEVROLET,BOLT EV,Battery Electric Vehicle (BEV),Clean Alternative Fuel Vehicle Eligible,238,5.0,262145509,POINT (-122.04526 47.39394),PUGET SOUND ENERGY INC||CITY OF TACOMA - (WA),53033032003
5UX43EU03R,King,Issaquah,WA,98029,2024,BMW,X5,Plug-in Hybrid Electric Vehicle (PHEV),Clean Alternative Fuel Vehicle Eligible,39,5.0,259787573,POINT (-122.01656 47.57118),PUGET SOUND ENERGY INC||CITY OF TACOMA - (WA),53033032221
1N4AZ1CP2J,Pierce,Tacoma,WA,98406,2018,NISSAN,LEAF,Battery Electric Vehicle (BEV),Clean Alternative Fuel Vehicle Eligible,151,27.0,131509066,POINT (-122.52082 47.26887),BONNEVILLE POWER ADMINISTRATION||CITY OF TACOMA - (WA)||PENINSULA LIGHT COMPANY,53053060700
KNDPYDDH1S,King,Seattle,WA,98122,2025,KIA,SPORTAGE,Plug-in Hybrid Electric Vehicle (PHEV),Clean Alternative Fuel Vehicle Eligible,34,37.0,276959602,POINT (-122.31009 47.60803),CITY OF SEATTLE - (WA)|CITY OF TACOMA - (WA),53033008600
YV4H60RC0S,King,Seattle,WA,98125,2025,VOLVO,XC60,Plug-in Hybrid Electric Vehicle (PHEV),Clean Alternative Fuel Vehicle Eligible,35,46.0,272514525,POINT (-122.30253 47.72656),PUGET SOUND ENERGY INC||CITY OF TACOMA - (WA),53033000900
3FA6P0SU8H,Kitsap,Poulsbo,WA,98370,2017,FORD,FUSION,Plug-in Hybrid Electric Vehicle (PHEV),Not eligible due to low battery range,21,23.0,122057736,POINT (-122.64681 47.73689),PUGET SOUND ENERGY INC,53035940100
5YJ3E1EA4K,King,Bellevue,WA,98006,2019,TESLA,MODEL 3,Battery Electric Vehicle (BEV),Clean Alternative Fuel Vehicle Eligible,220,41.0,476693458,POINT (-122.12096 47.55584),PUGET SOUND ENERGY INC||CITY OF TACOMA - (WA),53033024901
JTMFB3FV1S,Kitsap,Silverdale,WA,98383,2025,TOYOTA,RAV4 PRIME (PHEV),Plug-in Hybrid Electric Vehicle (PHEV),Clean Alternative Fuel Vehicle Eligible,42,23.0,278327934,POINT (-122.69275 47.65171),PUGET SOUND ENERGY INC,53035090400
5YJYGDEF5L,King,Maple Valley,WA,98038,2020,TESLA,MODEL Y,Battery Electric Vehicle (BEV),Clean Alternative Fuel Vehicle Eligible,291,5.0,104769871,POINT (-122.04526 47.39394),PUGET SOUND ENERGY INC||CITY OF TACOMA - (WA),53033032010
KNDCC3LD5J,Kitsap,Bainbridge Island,WA,98110,2018,KIA,NIRO,Plug-in Hybrid Electric Vehicle (PHEV),Not eligible due to low battery range,26,23.0,137114995,POINT (-122.521 47.62732),PUGET SOUND ENERGY INC,53035090700
KNDRMDJH7S,King,Sammamish,WA,98075,2025,KIA,SORENTO,Plug-in Hybrid Electric Vehicle (PHEV),Clean Alternative Fuel Vehicle Eligible,30,41.0,285169846,POINT (-122.03539 47.61344),PUGET SOUND ENERGY INC||CITY OF TACOMA - (WA),53033032211
2C4RC1S76P,Lewis,Centralia,WA,98531,2023,CHRYSLER,PACIFICA,Plug-in Hybrid Electric Vehicle (PHEV),Clean Alternative Fuel Vehicle Eligible,32,20.0,253604438,POINT (-122.95266 46.72895),BONNEVILLE POWER ADMINISTRATION||CITY OF CENTRALIA - (WA)|CITY OF TACOMA - (WA),53041970700
5YJ3E1EA5K,Benton,Kennewick,WA,99337,2019,TESLA,MODEL 3,Battery Electric Vehicle (BEV),Clean Alternative Fuel Vehicle Eligible,220,8.0,253163977,POINT (-119.14432 46.18741),BONNEVILLE POWER ADMINISTRATION||PUD NO 1 OF BENTON COUNTY,53005011506
KNDJX3AE4G,King,Seattle,WA,98133,2016,KIA,SOUL,Battery Electric Vehicle (BEV),Clean Alternative Fuel Vehicle Eligible,93,32.0,153963589,POINT (-122.33364 47.73709),CITY OF SEATTLE - (WA)|CITY OF TACOMA - (WA),53033001400
5YJ3E1EA7J,Snohomish,Snohomish,WA,98290,2018,TESLA,MODEL 3,Battery Electric Vehicle (BEV),Clean Alternative Fuel Vehicle Eligible,215,44.0,325438039,POINT (-122.09305 47.91265),PUGET SOUND ENERGY INC,53061052302
ZACPDFCW5R,King,Tukwila,WA,98188,2024,DODGE,HORNET,Plug-in Hybrid Electric Vehicle (PHEV),Clean Alternative Fuel Vehicle Eligible,32,11.0,264716203,POINT (-122.27979 47.44952),PUGET SOUND ENERGY INC||CITY OF TACOMA - (WA),53033028200
5YJ3E1EB8J,Benton,Richland,WA,99352,2018,TESLA,MODEL 3,Battery Electric Vehicle (BEV),Clean Alternative Fuel Vehicle Eligible,215,8.0,3247268,POINT (-119.27372 46.27391),BONNEVILLE POWER ADMINISTRATION||CITY OF RICHLAND - (WA),53005010817
1N4BZ1CP5K,Pierce,Graham,WA,98338,2019,NISSAN,LEAF,Battery Electric Vehicle (BEV),Clean Alternative Fuel Vehicle Eligible,150,28.0,8328554,POINT (-122.29477 47.05703),BONNEVILLE POWER ADMINISTRATION||CITY OF TACOMA - (WA)||PENINSULA LIGHT COMPANY,53053073115
1FADP5EU1H,King,Auburn,WA,98092,2017,FORD,C-MAX,Plug-in Hybrid Electric Vehicle (PHEV),Not eligible due to low battery range,20,47.0,252447184,POINT (-122.18262 47.31825),PUGET SOUND ENERGY INC||CITY OF TACOMA - (WA),53033031206
1N4AZ0CP5D,Snohomish,Brier,WA,98036,2013,NISSAN,LEAF,Battery Electric Vehicle (BEV),Clean Alternative Fuel Vehicle Eligible,75,1.0,182979023,POINT (-122.29245 47.82557),PUGET SOUND ENERGY INC,53061051914
ZHWUC1ZM1R,Benton,Richland,WA,99352,2024,LAMBORGHINI,REVUELTO,Plug-in Hybrid Electric Vehicle (PHEV),Not eligible due to low battery range,6,8.0,273630752,POINT (-119.27372 46.27391),BONNEVILLE POWER ADMINISTRATION||CITY OF RICHLAND - (WA),53005010817
1G1RD6S57K,Spokane,Colbert,WA,99005,2019,CHEVROLET,VOLT,Plug-in Hybrid Electric Vehicle (PHEV),Clean Alternative Fuel Vehicle Eligible,53,7.0,476577132,POINT (-117.35414 47.83743),BONNEVILLE POWER ADMINISTRATION||INLAND POWER & LIGHT COMPANY,53063010305
5YJXCBE28H,Snohomish,Bothell,WA,98012,2017,TESLA,MODEL X,Battery Electric Vehicle (BEV),Clean Alternative Fuel Vehicle Eligible,200,1.0,196550154,POINT (-122.20105 47.84423),PUGET SOUND ENERGY INC,53061052009
YV1H60EP3N,King,Bellevue,WA,98005,2022,VOLVO,V60,Plug-in Hybrid Electric Vehicle (PHEV),Clean Alternative Fuel Vehicle Eligible,41,41.0,199228263,POINT (-122.1621 47.64441),PUGET SOUND ENERGY INC||CITY OF TACOMA - (WA),53033023401
5YJ3E1EA4L,Thurston,Olympia,WA,98502,2020,TESLA,MODEL 3,Battery Electric Vehicle (BEV),Clean Alternative Fuel Vehicle Eligible,266,22.0,125806859,POINT (-122.92333 47.03779),PUGET SOUND ENERGY INC,53067012001
KMHC85LJ3L,King,Maple Valley,WA,98038,2020,HYUNDAI,IONIQ,Battery Electric Vehicle (BEV),Clean Alternative Fuel Vehicle Eligible,170,5.0,269025431,POINT (-122.04526 47.39394),PUGET SOUND ENERGY INC||CITY OF TACOMA - (WA),53033032006
5YJ3E1EA1L,King,Seattle,WA,98115,2020,TESLA,MODEL 3,Battery Electric Vehicle (BEV),Clean Alternative Fuel Vehicle Eligible,266,46.0,102377789,POINT (-122.31676 47.68156),CITY OF SEATTLE - (WA)|CITY OF TACOMA - (WA),53033002000
1N4AZ0CP6F,King,Seattle,WA,98125,2015,NISSAN,LEAF,Battery Electric Vehicle (BEV),Clean Alternative Fuel Vehicle Eligible,84,46.0,110149476,POINT (-122.30253 47.72656),CITY OF SEATTLE - (WA)|CITY OF TACOMA - (WA),53033000700
JN1AZ0CP6B,King,Burien,WA,98168,2011,NISSAN,LEAF,Battery Electric Vehicle (BEV),Clean Alternative Fuel Vehicle Eligible,73,34.0,137972887,POINT (-122.29411 47.48924),CITY OF SEATTLE - (WA)|CITY OF TACOMA - (WA),53033027400
JN1AZ0CP0B,Cowlitz,Longview,WA,98632,2011,NISSAN,LEAF,Battery Electric Vehicle (BEV),Clean Alternative Fuel Vehicle Eligible,73,19.0,110202305,POINT (-122.95058 46.14681),BONNEVILLE POWER ADMINISTRATION||PUD NO 1 OF COWLITZ COUNTY,53015980000
2C4RC1N78M,King,Kirkland,WA,98034,2021,CHRYSLER,PACIFICA,Plug-in Hybrid Electric Vehicle (PHEV),Clean Alternative Fuel Vehicle Eligible,32,45.0,150977802,POINT (-122.22901 47.72201),PUGET SOUND ENERGY INC||CITY OF TACOMA - (WA),53033021906
JTDKN3DP4E,Clark,Vancouver,WA,98682,2014,TOYOTA,PRIUS,Plug-in Hybrid Electric Vehicle (PHEV),Not eligible due to low battery range,6,17.0,233028239,POINT (-122.55149 45.69345),BONNEVILLE POWER ADMINISTRATION||PUD NO 1 OF CLARK COUNTY - (WA),53011041330
ZACPDFDW1R,Clark,Vancouver,WA,98662,2024,DODGE,HORNET,Plug-in Hybrid Electric Vehicle (PHEV),Clean Alternative Fuel Vehicle Eligible,32,49.0,264706102,POINT (-122.57722 45.64251),BONNEVILLE POWER ADMINISTRATION||PUD NO 1 OF CLARK COUNTY - (WA),53011041203
JTDKARFP5H,King,Redmond,WA,98052,2017,TOYOTA,PRIUS PRIME (PHEV),Plug-in Hybrid Electric Vehicle (PHEV),Not eligible due to low battery range,25,45.0,313416743,POINT (-122.13158 47.67858),PUGET SOUND ENERGY INC||CITY OF TACOMA - (WA),53033032323
JA4J24A52J,Clark,Vancouver,WA,98682,2018,MITSUBISHI,OUTLANDER,Plug-in Hybrid Electric Vehicle (PHEV),Not eligible due to low battery range,22,17.0,285210173,POINT (-122.55149 45.69345),BONNEVILLE POWER ADMINISTRATION||PUD NO 1 OF CLARK COUNTY - (WA),53011040712
3FA6P0SU8F,Clark,Vancouver,WA,98662,2015,FORD,FUSION,Plug-in Hybrid Electric Vehicle (PHEV),Not eligible due to low battery range,19,17.0,118312358,POINT (-122.57722 45.64251),BONNEVILLE POWER ADMINISTRATION||PUD NO 1 OF CLARK COUNTY - (WA),53011040709
5YJ3E1EA7K,King,Auburn,WA,98002,2019,TESLA,MODEL 3,Battery Electric Vehicle (BEV),Clean Alternative Fuel Vehicle Eligible,220,30.0,276309491,POINT (-122.2229 47.307),PUGET SOUND ENERGY INC||CITY OF TACOMA - (WA),53033030801
2C4RC1N75J,Snohomish,Everett,WA,98201,2018,CHRYSLER,PACIFICA,Plug-in Hybrid Electric Vehicle (PHEV),Clean Alternative Fuel Vehicle Eligible,33,38.0,225794978,POINT (-122.20596 47.97659),PUGET SOUND ENERGY INC,53061040400
ZACPDFCW0R,King,Tukwila,WA,98188,2024,DODGE,HORNET,Plug-in Hybrid Electric Vehicle (PHEV),Clean Alternative Fuel Vehicle Eligible,32,11.0,271212399,POINT (-122.27979 47.44952),PUGET SOUND ENERGY INC||CITY OF TACOMA - (WA),53033028200
JTMAB3FV4R,Jefferson,Port Ludlow,WA,98365,2024,TOYOTA,RAV4 PRIME (PHEV),Plug-in Hybrid Electric Vehicle (PHEV),Clean Alternative Fuel Vehicle Eligible,42,24.0,276021756,POINT (-122.68475 47.92989),BONNEVILLE POWER ADMINISTRATION||PUGET SOUND ENERGY INC||PUD NO 1 OF JEFFERSON COUNTY,53031950302
ZACPDFCW0R,King,Tukwila,WA,98188,2024,DODGE,HORNET,Plug-in Hybrid Electric Vehicle (PHEV),Clean Alternative Fuel Vehicle Eligible,32,11.0,260435227,POINT (-122.27979 47.44952),PUGET SOUND ENERGY INC||CITY OF TACOMA - (WA),53033028200
KL8CK6S06G,Snohomish,Lynnwood,WA,98037,2016,CHEVROLET,SPARK,Battery Electric Vehicle (BEV),Clean Alternative Fuel Vehicle Eligible,82,32.0,477744914,POINT (-122.27734 47.83785),PUGET SOUND ENERGY INC,53061051702
5YJSA1CP5C,Whatcom,Bellingham,WA,98226,2012,TESLA,MODEL S,Battery Electric Vehicle (BEV),Clean Alternative Fuel Vehicle Eligible,265,42.0,127297908,POINT (-122.49756 48.7999),PUGET SOUND ENERGY INC||PUD NO 1 OF WHATCOM COUNTY,53073010701
3C3CFFGEXF,King,Renton,WA,98058,2015,FIAT,500,Battery Electric Vehicle (BEV),Clean Alternative Fuel Vehicle Eligible,87,11.0,246460049,POINT (-122.08747 47.4466),PUGET SOUND ENERGY INC||CITY OF TACOMA - (WA),53033025803
ZACPDFCW2R,King,Tukwila,WA,98188,2024,DODGE,HORNET,Plug-in Hybrid Electric Vehicle (PHEV),Clean Alternative Fuel Vehicle Eligible,32,11.0,260503547,POINT (-122.27979 47.44952),PUGET SOUND ENERGY INC||CITY OF TACOMA - (WA),53033028200
5YJ3E1EB3J,Stevens,Loon Lake,WA,99148,2018,TESLA,MODEL 3,Battery Electric Vehicle (BEV),Clean Alternative Fuel Vehicle Eligible,215,7.0,287405170,POINT (-117.63731 48.06288),NO KNOWN ELECTRIC UTILITY SERVICE,53065951301
5YJ3E1EA3L,Benton,Richland,WA,99352,2020,TESLA,MODEL 3,Battery Electric Vehicle (BEV),Clean Alternative Fuel Vehicle Eligible,266,8.0,124777971,POINT (-119.27372 46.27391),BONNEVILLE POWER ADMINISTRATION||CITY OF RICHLAND - (WA),53005010400
WA1E2AFY1M,King,Kirkland,WA,98034,2021,AUDI,Q5 E,Plug-in Hybrid Electric Vehicle (PHEV),Not eligible due to low battery range,18,1.0,144680791,POINT (-122.22901 47.72201),PUGET SOUND ENERGY INC||CITY OF TACOMA - (WA),53033022203
KNDPYDDH4S,Pierce,Steilacoom,WA,98388,2025,KIA,SPORTAGE,Plug-in Hybrid Electric Vehicle (PHEV),Clean Alternative Fuel Vehicle Eligible,34,28.0,278988321,POINT (-122.59802 47.17303),BONNEVILLE POWER ADMINISTRATION||TOWN OF STEILACOOM|CITY OF TACOMA - (WA)||PENINSULA LIGHT COMPANY,53053072112
1N4AZ1CP6K,King,Bothell,WA,98011,2019,NISSAN,LEAF,Battery Electric Vehicle (BEV),Clean Alternative Fuel Vehicle Eligible,150,1.0,334557891,POINT (-122.20563 47.76144),PUGET SOUND ENERGY INC||CITY OF TACOMA - (WA),53033022001
YV4H60RC4S,King,Renton,WA,98059,2025,VOLVO,XC60,Plug-in Hybrid Electric Vehicle (PHEV),Clean Alternative Fuel Vehicle Eligible,35,5.0,274754252,POINT (-122.11589 47.50243),PUGET SOUND ENERGY INC||CITY OF TACOMA - (WA),53033031912
WBY1Z4C51F,King,Seattle,WA,98112,2015,BMW,I3,Plug-in Hybrid Electric Vehicle (PHEV),Clean Alternative Fuel Vehicle Eligible,72,43.0,189592476,POINT (-122.30207 47.64085),CITY OF SEATTLE - (WA)|CITY OF TACOMA - (WA),53033006400
1N4AZ0CP7F,King,Issaquah,WA,98027,2015,NISSAN,LEAF,Battery Electric Vehicle (BEV),Clean Alternative Fuel Vehicle Eligible,84,5.0,172254533,POINT (-122.03439 47.5301),PUGET SOUND ENERGY INC||CITY OF TACOMA - (WA),53033032103
JTMEB3FV6M,Clark,Vancouver,WA,98686,2021,TOYOTA,RAV4 PRIME (PHEV),Plug-in Hybrid Electric Vehicle (PHEV),Clean Alternative Fuel Vehicle Eligible,42,17.0,176475323,POINT (-122.62731 45.71668),BONNEVILLE POWER ADMINISTRATION||PUD NO 1 OF CLARK COUNTY - (WA),53011040412
WBY1Z4C50G,Pierce,Graham,WA,98338,2016,BMW,I3,Plug-in Hybrid Electric Vehicle (PHEV),Clean Alternative Fuel Vehicle Eligible,72,2.0,177858061,POINT (-122.29477 47.05703),"BONNEVILLE POWER ADMINISTRATION||CITY OF TACOMA - (WA)||OHOP MUTUAL LIGHT COMPANY, INC|PENINSULA LIGHT COMPANY",53053073116
7JRBR0FM0L,Kitsap,Port Orchard,WA,98367,2020,VOLVO,S60,Plug-in Hybrid Electric Vehicle (PHEV),Not eligible due to low battery range,22,26.0,121973022,POINT (-122.68471 47.50524),PUGET SOUND ENERGY INC,53035092802
WA1F2AFY0M,Kitsap,Silverdale,WA,98383,2021,AUDI,Q5 E,Plug-in Hybrid Electric Vehicle (PHEV),Not eligible due to low battery range,18,23.0,135145664,POINT (-122.69275 47.65171),PUGET SOUND ENERGY INC,53035091302
1C4JJXP69P,Snohomish,Lake Stevens,WA,98258,2023,JEEP,WRANGLER,Plug-in Hybrid Electric Vehicle (PHEV),Not eligible due to low battery range,21,44.0,251302768,POINT (-122.06402 48.01497),PUGET SOUND ENERGY INC,53061052604
3FA6P0PU4E,King,Federal Way,WA,98003,2014,FORD,FUSION,Plug-in Hybrid Electric Vehicle (PHEV),Not eligible due to low battery range,19,30.0,8137454,POINT (-122.3303 47.30151),PUGET SOUND ENERGY INC||CITY OF TACOMA - (WA),53033030203
WA1VABGE7K,King,Seattle,WA,98116,2019,AUDI,E-TRON,Battery Electric Vehicle (BEV),Clean Alternative Fuel Vehicle Eligible,204,34.0,166468739,POINT (-122.41067 47.57894),CITY OF SEATTLE - (WA)|CITY OF TACOMA - (WA),53033009701
1G1FX6S08J,King,Seattle,WA,98115,2018,CHEVROLET,BOLT EV,Battery Electric Vehicle (BEV),Clean Alternative Fuel Vehicle Eligible,238,46.0,153842888,POINT (-122.31676 47.68156),CITY OF SEATTLE - (WA)|CITY OF TACOMA - (WA),53033002200
WBA33AG07P,King,Redmond,WA,98052,2023,BMW,530E,Plug-in Hybrid Electric Vehicle (PHEV),Not eligible due to low battery range,18,45.0,224638081,POINT (-122.13158 47.67858),PUGET SOUND ENERGY INC||CITY OF TACOMA - (WA),53033032321
WA1E2AFY7M,King,Bellevue,WA,98008,2021,AUDI,Q5 E,Plug-in Hybrid Electric Vehicle (PHEV),Not eligible due to low battery range,18,48.0,262881426,POINT (-122.11867 47.63131),PUGET SOUND ENERGY INC||CITY OF TACOMA - (WA),53033023000
5UXKT0C56G,King,Enumclaw,WA,98022,2016,BMW,X5,Plug-in Hybrid Electric Vehicle (PHEV),Not eligible due to low battery range,14,31.0,183566183,POINT (-121.99136 47.20433),PUGET SOUND ENERGY INC||CITY OF TACOMA - (WA),53033031302
WBY1Z2C59E,Snohomish,Marysville,WA,98271,2014,BMW,I3,Battery Electric Vehicle (BEV),Clean Alternative Fuel Vehicle Eligible,81,38.0,271766666,POINT (-122.17138 48.10433),PUGET SOUND ENERGY INC,53061940002
5YJ3E1EA7J,King,Kirkland,WA,98034,2018,TESLA,MODEL 3,Battery Electric Vehicle (BEV),Clean Alternative Fuel Vehicle Eligible,215,1.0,287031223,POINT (-122.22901 47.72201),PUGET SOUND ENERGY INC||CITY OF TACOMA - (WA),53033022203
5LMYJ8XY6L,King,Federal Way,WA,98003,2020,LINCOLN,AVIATOR,Plug-in Hybrid Electric Vehicle (PHEV),Not eligible due to low battery range,21,30.0,118008509,POINT (-122.3303 47.30151),PUGET SOUND ENERGY INC||CITY OF TACOMA - (WA),53033030203
1N4AZ0CP9G,King,Kirkland,WA,98033,2016,NISSAN,LEAF,Battery Electric Vehicle (BEV),Clean Alternative Fuel Vehicle Eligible,84,48.0,103935394,POINT (-122.2066 47.67887),PUGET SOUND ENERGY INC||CITY OF TACOMA - (WA),53033022604
YV4H60DN2P,King,Seattle,WA,98117,2023,VOLVO,XC60,Plug-in Hybrid Electric Vehicle (PHEV),Clean Alternative Fuel Vehicle Eligible,35,36.0,238881926,POINT (-122.38418 47.70044),CITY OF SEATTLE - (WA)|CITY OF TACOMA - (WA),53033002900
5YJ3E1EA6J,King,Federal Way,WA,98003,2018,TESLA,MODEL 3,Battery Electric Vehicle (BEV),Clean Alternative Fuel Vehicle Eligible,215,30.0,144696982,POINT (-122.3303 47.30151),PUGET SOUND ENERGY INC||CITY OF TACOMA - (WA),53033030102
1G1FZ6S07K,King,Seattle,WA,98115,2019,CHEVROLET,BOLT EV,Battery Electric Vehicle (BEV),Clean Alternative Fuel Vehicle Eligible,238,46.0,8561472,POINT (-122.31676 47.68156),PUGET SOUND ENERGY INC||CITY OF TACOMA - (WA),53033004000
1C4JJXP6XP,Clallam,Port Angeles,WA,98363,2023,JEEP,WRANGLER,Plug-in Hybrid Electric Vehicle (PHEV),Not eligible due to low battery range,21,24.0,240879929,POINT (-123.6784 48.12031),BONNEVILLE POWER ADMINISTRATION||CITY OF PORT ANGELES - (WA),53009000700
2C4RC1N71J,King,Seattle,WA,98177,2018,CHRYSLER,PACIFICA,Plug-in Hybrid Electric Vehicle (PHEV),Clean Alternative Fuel Vehicle Eligible,33,36.0,152766799,POINT (-122.37238 47.74068),CITY OF SEATTLE - (WA)|CITY OF TACOMA - (WA),53033001600
5YJSA1E24G,Pierce,Gig Harbor,WA,98335,2016,TESLA,MODEL S,Battery Electric Vehicle (BEV),Clean Alternative Fuel Vehicle Eligible,210,26.0,109597876,POINT (-122.58009 47.328),BONNEVILLE POWER ADMINISTRATION||CITY OF TACOMA - (WA)||PENINSULA LIGHT COMPANY,53053072408
KNDPYDDHXS,King,Burien,WA,98166,2025,KIA,SPORTAGE,Plug-in Hybrid Electric Vehicle (PHEV),Clean Alternative Fuel Vehicle Eligible,34,34.0,285466688,POINT (-122.33942 47.46864),PUGET SOUND ENERGY INC||CITY OF TACOMA - (WA),53033027902
5YJ3E1EB3J,King,Bellevue,WA,98004,2018,TESLA,MODEL 3,Battery Electric Vehicle (BEV),Clean Alternative Fuel Vehicle Eligible,215,48.0,476258618,POINT (-122.1872 47.61001),PUGET SOUND ENERGY INC||CITY OF TACOMA - (WA),53033024002
JTMFB3FV8N,King,Kent,WA,98031,2022,TOYOTA,RAV4 PRIME (PHEV),Plug-in Hybrid Electric Vehicle (PHEV),Clean Alternative Fuel Vehicle Eligible,42,33.0,211081839,POINT (-122.17743 47.41185),PUGET SOUND ENERGY INC||CITY OF TACOMA - (WA),53033029305
5YJXCAE49G,Snohomish,Everett,WA,98208,2016,TESLA,MODEL X,Battery Electric Vehicle (BEV),Clean Alternative Fuel Vehicle Eligible,200,44.0,155317956,POINT (-122.18637 47.89251),PUGET SOUND ENERGY INC,53061041606
1G1RD6E41D,King,Seattle,WA,98125,2013,CHEVROLET,VOLT,Plug-in Hybrid Electric Vehicle (PHEV),Clean Alternative Fuel Vehicle Eligible,38,46.0,157593159,POINT (-122.30253 47.72656),CITY OF SEATTLE - (WA)|CITY OF TACOMA - (WA),53033000601
1C4RJXN63R,King,Seattle,WA,98107,2024,JEEP,WRANGLER,Plug-in Hybrid Electric Vehicle (PHEV),Not eligible due to low battery range,21,43.0,271361429,POINT (-122.38591 47.67597),CITY OF SEATTLE - (WA)|CITY OF TACOMA - (WA),53033003400
KNDCS3LF4S,Kitsap,Olalla,WA,98359,2025,KIA,NIRO,Plug-in Hybrid Electric Vehicle (PHEV),Clean Alternative Fuel Vehicle Eligible,33,26.0,286614331,POINT (-122.54729 47.42602),PUGET SOUND ENERGY INC,53035092802
5YJ3E1EB8K,Thurston,Tumwater,WA,98501,2019,TESLA,MODEL 3,Battery Electric Vehicle (BEV),Clean Alternative Fuel Vehicle Eligible,220,22.0,170512401,POINT (-122.89165 47.03954),PUGET SOUND ENERGY INC,53067010802
KNDPYDDH4R,King,Kirkland,WA,98034,2024,KIA,SPORTAGE,Plug-in Hybrid Electric Vehicle (PHEV),Clean Alternative Fuel Vehicle Eligible,34,45.0,264459569,POINT (-122.22901 47.72201),PUGET SOUND ENERGY INC||CITY OF TACOMA - (WA),53033021904
JTDKARFP3H,Mason,Shelton,WA,98584,2017,TOYOTA,PRIUS PRIME (PHEV),Plug-in Hybrid Electric Vehicle (PHEV),Not eligible due to low battery range,25,35.0,261887664,POINT (-123.10616 47.21253),BONNEVILLE POWER ADMINISTRATION||CITY OF TACOMA - (WA)||PUD NO 3 OF MASON COUNTY,53045961300
1G1FZ6S08L,King,Normandy Park,WA,98166,2020,CHEVROLET,BOLT EV,Battery Electric Vehicle (BEV),Clean Alternative Fuel Vehicle Eligible,259,33.0,141701528,POINT (-122.33942 47.46864),PUGET SOUND ENERGY INC||CITY OF TACOMA - (WA),53033028600
1G1FW6S02J,King,Bothell,WA,98011,2018,CHEVROLET,BOLT EV,Battery Electric Vehicle (BEV),Clean Alternative Fuel Vehicle Eligible,238,1.0,211228314,POINT (-122.20563 47.76144),PUGET SOUND ENERGY INC||CITY OF TACOMA - (WA),53033021802
JTDKN3DP0E,Clark,Vancouver,WA,98664,2014,TOYOTA,PRIUS,Plug-in Hybrid Electric Vehicle (PHEV),Not eligible due to low battery range,6,49.0,288414143,POINT (-122.59219 45.62158),BONNEVILLE POWER ADMINISTRATION||PUD NO 1 OF CLARK COUNTY - (WA),53011041208
1C4JJXP60P,Whitman,Pullman,WA,99163,2023,JEEP,WRANGLER,Plug-in Hybrid Electric Vehicle (PHEV),Not eligible due to low battery range,21,9.0,244094602,POINT (-117.18147 46.73015),AVISTA CORP,53075000400
5YJ3E1EA2J,King,Kent,WA,98031,2018,TESLA,MODEL 3,Battery Electric Vehicle (BEV),Clean Alternative Fuel Vehicle Eligible,215,47.0,340208935,POINT (-122.17743 47.41185),PUGET SOUND ENERGY INC||CITY OF TACOMA - (WA),53033029407
1G1RA6S55H,King,Seattle,WA,98125,2017,CHEVROLET,VOLT,Plug-in Hybrid Electric Vehicle (PHEV),Clean Alternative Fuel Vehicle Eligible,53,46.0,235750308,POINT (-122.30253 47.72656),CITY OF SEATTLE - (WA)|CITY OF TACOMA - (WA),53033001000
1N4AZ0CP5D,King,Seattle,WA,98108,2013,NISSAN,LEAF,Battery Electric Vehicle (BEV),Clean Alternative Fuel Vehicle Eligible,75,11.0,240363777,POINT (-122.31449 47.53917),CITY OF SEATTLE - (WA)|CITY OF TACOMA - (WA),53033010402
WMWXP3C08M,King,Woodinville,WA,98072,2021,MINI,HARDTOP,Battery Electric Vehicle (BEV),Clean Alternative Fuel Vehicle Eligible,110,45.0,280514356,POINT (-122.15545 47.75448),PUGET SOUND ENERGY INC||CITY OF TACOMA - (WA),53033032326
5YJSA1E26J,King,Redmond,WA,98052,2018,TESLA,MODEL S,Battery Electric Vehicle (BEV),Clean Alternative Fuel Vehicle Eligible,249,45.0,475424666,POINT (-122.13158 47.67858),PUGET SOUND ENERGY INC||CITY OF TACOMA - (WA),53033032321
JTDKARFP4K,King,Seattle,WA,98115,2019,TOYOTA,PRIUS PRIME (PHEV),Plug-in Hybrid Electric Vehicle (PHEV),Not eligible due to low battery range,25,46.0,292890692,POINT (-122.31676 47.68156),CITY OF SEATTLE - (WA)|CITY OF TACOMA - (WA),53033000900
ZACPDFCW9R,King,Tukwila,WA,98188,2024,DODGE,HORNET,Plug-in Hybrid Electric Vehicle (PHEV),Clean Alternative Fuel Vehicle Eligible,32,11.0,262326949,POINT (-122.27979 47.44952),PUGET SOUND ENERGY INC||CITY OF TACOMA - (WA),53033028200
JTDKN3DP7D,Kitsap,Bainbridge Island,WA,98110,2013,TOYOTA,PRIUS,Plug-in Hybrid Electric Vehicle (PHEV),Not eligible due to low battery range,6,23.0,213495019,POINT (-122.521 47.62732),PUGET SOUND ENERGY INC,53035091002
YV4H60CF9R,Snohomish,Lake Stevens,WA,98258,2024,VOLVO,XC90,Plug-in Hybrid Electric Vehicle (PHEV),Clean Alternative Fuel Vehicle Eligible,32,44.0,259068267,POINT (-122.06402 48.01497),PUGET SOUND ENERGY INC,53061052607
1G1FY6S0XK,King,Kirkland,WA,98034,2019,CHEVROLET,BOLT EV,Battery Electric Vehicle (BEV),Clean Alternative Fuel Vehicle Eligible,238,45.0,124737140,POINT (-122.22901 47.72201),PUGET SOUND ENERGY INC||CITY OF TACOMA - (WA),53033022005
JTMFB3FV7S,King,Lake Forest Park,WA,98155,2025,TOYOTA,RAV4 PRIME (PHEV),Plug-in Hybrid Electric Vehicle (PHEV),Clean Alternative Fuel Vehicle Eligible,42,46.0,287371108,POINT (-122.30304 47.75494),CITY OF SEATTLE - (WA)|CITY OF TACOMA - (WA),53033021400
5YJ3E1EB2J,King,Bellevue,WA,98008,2018,TESLA,MODEL 3,Battery Electric Vehicle (BEV),Clean Alternative Fuel Vehicle Eligible,215,48.0,259539367,POINT (-122.11867 47.63131),PUGET SOUND ENERGY INC||CITY OF TACOMA - (WA),53033023000
5YJ3E1EA3J,Benton,Prosser,WA,99350,2018,TESLA,MODEL 3,Battery Electric Vehicle (BEV),Clean Alternative Fuel Vehicle Eligible,215,16.0,219665358,POINT (-119.76904 46.20663),BONNEVILLE POWER ADMINISTRATION||PUD NO 1 OF BENTON COUNTY,53005011801
1G1FY6S0XL,Walla Walla,Walla Walla,WA,99362,2020,CHEVROLET,BOLT EV,Battery Electric Vehicle (BEV),Clean Alternative Fuel Vehicle Eligible,259,16.0,144831837,POINT (-118.34261 46.07068),PACIFICORP,53071920702
2C4RC1S74P,Clallam,Sequim,WA,98382,2023,CHRYSLER,PACIFICA,Plug-in Hybrid Electric Vehicle (PHEV),Clean Alternative Fuel Vehicle Eligible,32,24.0,237974705,POINT (-123.10367 48.07965),BONNEVILLE POWER ADMINISTRATION||PUD NO 1 OF CLALLAM COUNTY,53009002301
5YJSA1E27L,King,Redmond,WA,98053,2020,TESLA,MODEL S,Battery Electric Vehicle (BEV),Clean Alternative Fuel Vehicle Eligible,330,45.0,267405729,POINT (-122.03287 47.68555),PUGET SOUND ENERGY INC||CITY OF TACOMA - (WA),53033032315
1N4BZ0CP8H,King,Burien,WA,98146,2017,NISSAN,LEAF,Battery Electric Vehicle (BEV),Clean Alternative Fuel Vehicle Eligible,107,34.0,154342961,POINT (-122.36322 47.49736),CITY OF SEATTLE - (WA)|CITY OF TACOMA - (WA),53033026700
YV4H60CE4R,Snohomish,Mill Creek,WA,98012,2024,VOLVO,XC90,Plug-in Hybrid Electric Vehicle (PHEV),Clean Alternative Fuel Vehicle Eligible,32,44.0,276558488,POINT (-122.20105 47.84423),PUGET SOUND ENERGY INC,53061052008
5YJYGDEE9L,San Juan,Friday Harbor,WA,98250,2020,TESLA,MODEL Y,Battery Electric Vehicle (BEV),Clean Alternative Fuel Vehicle Eligible,291,40.0,117812236,POINT (-123.01648 48.53448),BONNEVILLE POWER ADMINISTRATION||ORCAS POWER & LIGHT COOP,53055960400
5YJSA1E23L,King,Auburn,WA,98002,2020,TESLA,MODEL S,Battery Electric Vehicle (BEV),Clean Alternative Fuel Vehicle Eligible,330,47.0,233829270,POINT (-122.2229 47.307),PUGET SOUND ENERGY INC||CITY OF TACOMA - (WA),53033030503
JTJHKCFZ7N,Clark,Brush Prairie,WA,98606,2022,LEXUS,NX,Plug-in Hybrid Electric Vehicle (PHEV),Clean Alternative Fuel Vehicle Eligible,37,17.0,288094215,POINT (-122.54578 45.73473),BONNEVILLE POWER ADMINISTRATION||PUD NO 1 OF CLARK COUNTY - (WA),53011040709
KNDCM3LD8N,Pierce,Tacoma,WA,98418,2022,KIA,NIRO,Plug-in Hybrid Electric Vehicle (PHEV),Not eligible due to low battery range,26,27.0,195126018,POINT (-122.44629 47.22283),BONNEVILLE POWER ADMINISTRATION||CITY OF TACOMA - (WA)||PENINSULA LIGHT COMPANY,53053062501
JTDACACUXR,King,Kirkland,WA,98034,2024,TOYOTA,PRIUS PRIME (PHEV),Plug-in Hybrid Electric Vehicle (PHEV),Clean Alternative Fuel Vehicle Eligible,39,45.0,264770005,POINT (-122.22901 47.72201),PUGET SOUND ENERGY INC||CITY OF TACOMA - (WA),53033022005
JM3KKEHA3R,Mason,Belfair,WA,98528,2024,MAZDA,CX-90,Plug-in Hybrid Electric Vehicle (PHEV),Not eligible due to low battery range,26,35.0,244702461,POINT (-122.82762 47.45056),BONNEVILLE POWER ADMINISTRATION||CITY OF TACOMA - (WA)||PUD NO 3 OF MASON COUNTY,53045960302
JA4T5UA93P,Clark,Vancouver,WA,98660,2023,MITSUBISHI,OUTLANDER,Plug-in Hybrid Electric Vehicle (PHEV),Clean Alternative Fuel Vehicle Eligible,38,49.0,265409224,POINT (-122.67156 45.63248),BONNEVILLE POWER ADMINISTRATION||PUD NO 1 OF CLARK COUNTY - (WA),53011042100
1C4JJXP64P,King,Auburn,WA,98092,2023,JEEP,WRANGLER,Plug-in Hybrid Electric Vehicle (PHEV),Not eligible due to low battery range,21,31.0,283207074,POINT (-122.18262 47.31825),PUGET SOUND ENERGY INC||CITY OF TACOMA - (WA),53033031000
JTDKAMFP3M,Clallam,Port Angeles,WA,98363,2021,TOYOTA,PRIUS PRIME (PHEV),Plug-in Hybrid Electric Vehicle (PHEV),Not eligible due to low battery range,25,24.0,267256209,POINT (-123.6784 48.12031),BONNEVILLE POWER ADMINISTRATION||CITY OF PORT ANGELES - (WA),53009000800
WBY7Z4C50J,Pierce,Auburn,WA,98092,2018,BMW,I3,Plug-in Hybrid Electric Vehicle (PHEV),Clean Alternative Fuel Vehicle Eligible,97,31.0,152534630,POINT (-122.18262 47.31825),PUGET SOUND ENERGY INC||CITY OF TACOMA - (WA),53053070316
5YJXCBE27K,Clark,Vancouver,WA,98664,2019,TESLA,MODEL X,Battery Electric Vehicle (BEV),Clean Alternative Fuel Vehicle Eligible,289,49.0,476536455,POINT (-122.59219 45.62158),BONNEVILLE POWER ADMINISTRATION||PUD NO 1 OF CLARK COUNTY - (WA),53011041206
1N4AZ0CP2D,King,Seattle,WA,98107,2013,NISSAN,LEAF,Battery Electric Vehicle (BEV),Clean Alternative Fuel Vehicle Eligible,75,36.0,229501429,POINT (-122.38591 47.67597),CITY OF SEATTLE - (WA)|CITY OF TACOMA - (WA),53033003302
JHMZC5F12J,King,Bellevue,WA,98004,2018,HONDA,CLARITY,Plug-in Hybrid Electric Vehicle (PHEV),Clean Alternative Fuel Vehicle Eligible,47,48.0,182682468,POINT (-122.1872 47.61001),PUGET SOUND ENERGY INC||CITY OF TACOMA - (WA),53033024001
KM8K53AG2K,King,Renton,WA,98058,2019,HYUNDAI,KONA,Battery Electric Vehicle (BEV),Clean Alternative Fuel Vehicle Eligible,258,11.0,290761271,POINT (-122.08747 47.4466),PUGET SOUND ENERGY INC||CITY OF TACOMA - (WA),53033031910
5UXTA6C09P,Snohomish,Monroe,WA,98272,2023,BMW,X5,Plug-in Hybrid Electric Vehicle (PHEV),Clean Alternative Fuel Vehicle Eligible,30,39.0,219007323,POINT (-121.98087 47.8526),PUGET SOUND ENERGY INC,53061052203
WAUTPBFF0H,King,Issaquah,WA,98027,2017,AUDI,A3,Plug-in Hybrid Electric Vehicle (PHEV),Not eligible due to low battery range,16,41.0,177565916,POINT (-122.03439 47.5301),PUGET SOUND ENERGY INC||CITY OF TACOMA - (WA),53033023404
5YJSA1H19F,Clark,Vancouver,WA,98686,2015,TESLA,MODEL S,Battery Electric Vehicle (BEV),Clean Alternative Fuel Vehicle Eligible,208,49.0,286910025,POINT (-122.62731 45.71668),BONNEVILLE POWER ADMINISTRATION||PUD NO 1 OF CLARK COUNTY - (WA),53011040803
1N4AZ0CP0D,Clark,Battle Ground,WA,98604,2013,NISSAN,LEAF,Battery Electric Vehicle (BEV),Clean Alternative Fuel Vehicle Eligible,75,18.0,242678754,POINT (-122.5331 45.78092),BONNEVILLE POWER ADMINISTRATION||PUD NO 1 OF CLARK COUNTY - (WA),53011040102
5UXTA6C0XM,King,Woodinville,WA,98072,2021,BMW,X5,Plug-in Hybrid Electric Vehicle (PHEV),Clean Alternative Fuel Vehicle Eligible,30,45.0,170561121,POINT (-122.15545 47.75448),PUGET SOUND ENERGY INC||CITY OF TACOMA - (WA),53033021906
ZACPDFCW2R,King,Tukwila,WA,98188,2024,DODGE,HORNET,Plug-in Hybrid Electric Vehicle (PHEV),Clean Alternative Fuel Vehicle Eligible,32,11.0,261110720,POINT (-122.27979 47.44952),PUGET SOUND ENERGY INC||CITY OF TACOMA - (WA),53033028200
5YJXCBE25G,King,Kent,WA,98030,2016,TESLA,MODEL X,Battery Electric Vehicle (BEV),Clean Alternative Fuel Vehicle Eligible,200,47.0,182502253,POINT (-122.19975 47.37483),PUGET SOUND ENERGY INC||CITY OF TACOMA - (WA),53033029603
KNDJP3AE9F,Pierce,Graham,WA,98338,2015,KIA,SOUL,Battery Electric Vehicle (BEV),Clean Alternative Fuel Vehicle Eligible,93,2.0,236592625,POINT (-122.29477 47.05703),"BONNEVILLE POWER ADMINISTRATION||CITY OF TACOMA - (WA)||OHOP MUTUAL LIGHT COMPANY, INC|PENINSULA LIGHT COMPANY",53053073117
WDDUG6DB6H,Clark,Vancouver,WA,98684,2017,MERCEDES-BENZ,S-CLASS,Plug-in Hybrid Electric Vehicle (PHEV),Not eligible due to low battery range,12,17.0,216893029,POINT (-122.48723 45.63701),BONNEVILLE POWER ADMINISTRATION||PUD NO 1 OF CLARK COUNTY - (WA),53011041319
JTMFB3FV8P,Snohomish,Mukilteo,WA,98275,2023,TOYOTA,RAV4 PRIME (PHEV),Plug-in Hybrid Electric Vehicle (PHEV),Clean Alternative Fuel Vehicle Eligible,42,21.0,276111125,POINT (-122.29196 47.89908),PUGET SOUND ENERGY INC,53061042006
JTJCJMGA6R,King,Kent,WA,98030,2024,LEXUS,RX,Plug-in Hybrid Electric Vehicle (PHEV),Clean Alternative Fuel Vehicle Eligible,37,33.0,269848554,POINT (-122.19975 47.37483),PUGET SOUND ENERGY INC||CITY OF TACOMA - (WA),53033029702
1G1RF6E46D,Clark,Vancouver,WA,98685,2013,CHEVROLET,VOLT,Plug-in Hybrid Electric Vehicle (PHEV),Clean Alternative Fuel Vehicle Eligible,38,49.0,1562389,POINT (-122.70303 45.70954),BONNEVILLE POWER ADMINISTRATION||PUD NO 1 OF CLARK COUNTY - (WA),53011040908
1N4AZ0CP5F,Pierce,University Place,WA,98466,2015,NISSAN,LEAF,Battery Electric Vehicle (BEV),Clean Alternative Fuel Vehicle Eligible,84,28.0,138924215,POINT (-122.53781 47.23075),BONNEVILLE POWER ADMINISTRATION||CITY OF TACOMA - (WA)||PENINSULA LIGHT COMPANY,53053072309
1C4JJXR62P,Kitsap,Poulsbo,WA,98370,2023,JEEP,WRANGLER,Plug-in Hybrid Electric Vehicle (PHEV),Not eligible due to low battery range,21,23.0,261141681,POINT (-122.64681 47.73689),PUGET SOUND ENERGY INC,53035090202
JN1AZ0CP3C,Thurston,Tenino,WA,98589,2012,NISSAN,LEAF,Battery Electric Vehicle (BEV),Clean Alternative Fuel Vehicle Eligible,73,20.0,4494416,POINT (-122.85135 46.85752),PUGET SOUND ENERGY INC,53067012620
W1NKM5GB5S,King,Bellevue,WA,98004,2025,MERCEDES-BENZ,GLC-CLASS,Plug-in Hybrid Electric Vehicle (PHEV),Clean Alternative Fuel Vehicle Eligible,54,48.0,276643370,POINT (-122.1872 47.61001),PUGET SOUND ENERGY INC||CITY OF TACOMA - (WA),53033024002
W1NKM5GB5S,King,Auburn,WA,98002,2025,MERCEDES-BENZ,GLC-CLASS,Plug-in Hybrid Electric Vehicle (PHEV),Clean Alternative Fuel Vehicle Eligible,54,47.0,282142577,POINT (-122.2229 47.307),PUGET SOUND ENERGY INC||CITY OF TACOMA - (WA),53033030504
WBY7Z4C53J,San Juan,Eastsound,WA,98245,2018,BMW,I3,Plug-in Hybrid Electric Vehicle (PHEV),Clean Alternative Fuel Vehicle Eligible,97,40.0,475841733,POINT (-122.91109 48.69389),BONNEVILLE POWER ADMINISTRATION||ORCAS POWER & LIGHT COOP,53055960103
2C4RC1S71P,Clark,Vancouver,WA,98685,2023,CHRYSLER,PACIFICA,Plug-in Hybrid Electric Vehicle (PHEV),Clean Alternative Fuel Vehicle Eligible,32,18.0,267290222,POINT (-122.70303 45.70954),BONNEVILLE POWER ADMINISTRATION||PUD NO 1 OF CLARK COUNTY - (WA),53011040910
ZACPDFCW1R,King,Tukwila,WA,98188,2024,DODGE,HORNET,Plug-in Hybrid Electric Vehicle (PHEV),Clean Alternative Fuel Vehicle Eligible,32,11.0,261554128,POINT (-122.27979 47.44952),PUGET SOUND ENERGY INC||CITY OF TACOMA - (WA),53033028200
1N4AZ0CP8G,Spokane,Spokane,WA,99223,2016,NISSAN,LEAF,Battery Electric Vehicle (BEV),Clean Alternative Fuel Vehicle Eligible,84,6.0,186442210,POINT (-117.36043 47.63396),MODERN ELECTRIC WATER COMPANY,53063004701
1G1FW6S00J,Jefferson,Port Townsend,WA,98368,2018,CHEVROLET,BOLT EV,Battery Electric Vehicle (BEV),Clean Alternative Fuel Vehicle Eligible,238,24.0,250816261,POINT (-122.77263 48.1212),BONNEVILLE POWER ADMINISTRATION||PUGET SOUND ENERGY INC||PUD NO 1 OF JEFFERSON COUNTY,53031950603
1C4RJYE63P,Snohomish,Arlington,WA,98223,2023,JEEP,GRAND CHEROKEE,Plug-in Hybrid Electric Vehicle (PHEV),Not eligible due to low battery range,25,39.0,269186501,POINT (-122.1264 48.19471),BONNEVILLE POWER ADMINISTRATION||PUD 1 OF SNOHOMISH COUNTY,53061053507
1C4JJXN69P,King,Tukwila,WA,98188,2023,JEEP,WRANGLER,Plug-in Hybrid Electric Vehicle (PHEV),Not eligible due to low battery range,21,11.0,235146495,POINT (-122.27979 47.44952),PUGET SOUND ENERGY INC||CITY OF TACOMA - (WA),53033028200
5YJSA1H28F,King,Bellevue,WA,98004,2015,TESLA,MODEL S,Battery Electric Vehicle (BEV),Clean Alternative Fuel Vehicle Eligible,208,48.0,204407500,POINT (-122.1872 47.61001),PUGET SOUND ENERGY INC||CITY OF TACOMA - (WA),53033024001
5YJ3E1EA6K,Walla Walla,Walla Walla,WA,99362,2019,TESLA,MODEL 3,Battery Electric Vehicle (BEV),Clean Alternative Fuel Vehicle Eligible,220,16.0,236222892,POINT (-118.34261 46.07068),PACIFICORP,53071920802
1C4RJXN6XR,King,Kent,WA,98031,2024,JEEP,WRANGLER,Plug-in Hybrid Electric Vehicle (PHEV),Not eligible due to low battery range,21,47.0,257721880,POINT (-122.17743 47.41185),PUGET SOUND ENERGY INC||CITY OF TACOMA - (WA),53033029408
1G1FY6S0XL,King,Federal Way,WA,98003,2020,CHEVROLET,BOLT EV,Battery Electric Vehicle (BEV),Clean Alternative Fuel Vehicle Eligible,259,30.0,120264532,POINT (-122.3303 47.30151),PUGET SOUND ENERGY INC||CITY OF TACOMA - (WA),53033030006
5YJYGDEE7L,Snohomish,Marysville,WA,98270,2020,TESLA,MODEL Y,Battery Electric Vehicle (BEV),Clean Alternative Fuel Vehicle Eligible,291,38.0,253356736,POINT (-122.1769 48.06114),PUGET SOUND ENERGY INC,53061052805
5UX43EU0XS,King,Redmond,WA,98053,2025,BMW,X5,Plug-in Hybrid Electric Vehicle (PHEV),Clean Alternative Fuel Vehicle Eligible,40,45.0,278173822,POINT (-122.03287 47.68555),PUGET SOUND ENERGY INC||CITY OF TACOMA - (WA),53033032333
KNDCS3LF7P,King,Redmond,WA,98053,2023,KIA,NIRO,Plug-in Hybrid Electric Vehicle (PHEV),Clean Alternative Fuel Vehicle Eligible,33,45.0,240355930,POINT (-122.03287 47.68555),PUGET SOUND ENERGY INC||CITY OF TACOMA - (WA),53033032332
JN1AZ0CP9B,King,Seattle,WA,98125,2011,NISSAN,LEAF,Battery Electric Vehicle (BEV),Clean Alternative Fuel Vehicle Eligible,73,46.0,104008236,POINT (-122.30253 47.72656),CITY OF SEATTLE - (WA)|CITY OF TACOMA - (WA),53033000700
1G1RB6E47F,Benton,West Richland,WA,99353,2015,CHEVROLET,VOLT,Plug-in Hybrid Electric Vehicle (PHEV),Clean Alternative Fuel Vehicle Eligible,38,8.0,132502989,POINT (-119.33836 46.29696),BONNEVILLE POWER ADMINISTRATION||PUD NO 1 OF BENTON COUNTY,53005010705
KNDPZDDH4S,Pierce,South Hill,WA,98375,2025,KIA,SPORTAGE,Plug-in Hybrid Electric Vehicle (PHEV),Clean Alternative Fuel Vehicle Eligible,34,2.0,281475568,POINT (-122.30855 47.10424),BONNEVILLE POWER ADMINISTRATION||CITY OF TACOMA - (WA)||ELMHURST MUTUAL POWER & LIGHT CO|PENINSULA LIGHT COMPANY,53053073120
1G1RA6S51J,King,Bellevue,WA,98008,2018,CHEVROLET,VOLT,Plug-in Hybrid Electric Vehicle (PHEV),Clean Alternative Fuel Vehicle Eligible,53,48.0,199258342,POINT (-122.11867 47.63131),PUGET SOUND ENERGY INC||CITY OF TACOMA - (WA),53033023000
1G1FZ6S05K,King,Seattle,WA,98103,2019,CHEVROLET,BOLT EV,Battery Electric Vehicle (BEV),Clean Alternative Fuel Vehicle Eligible,238,46.0,278573669,POINT (-122.35436 47.67596),CITY OF SEATTLE - (WA)|CITY OF TACOMA - (WA),53033002700
YV4BR00K3M,Kitsap,Bainbridge Island,WA,98110,2021,VOLVO,XC90,Plug-in Hybrid Electric Vehicle (PHEV),Not eligible due to low battery range,18,23.0,270765190,POINT (-122.521 47.62732),PUGET SOUND ENERGY INC,53035090800
1N4AZ1CP2J,Pierce,Roy,WA,98580,2018,NISSAN,LEAF,Battery Electric Vehicle (BEV),Clean Alternative Fuel Vehicle Eligible,151,2.0,175294542,POINT (-122.54332 47.00328),BONNEVILLE POWER ADMINISTRATION||CITY OF TACOMA - (WA)||PENINSULA LIGHT COMPANY,53053073001
JTDKN3DP2F,King,Seattle,WA,98133,2015,TOYOTA,PRIUS,Plug-in Hybrid Electric Vehicle (PHEV),Not eligible due to low battery range,6,32.0,295500796,POINT (-122.33364 47.73709),CITY OF SEATTLE - (WA)|CITY OF TACOMA - (WA),53033000402
JTMEB3FV7M,King,Kirkland,WA,98034,2021,TOYOTA,RAV4 PRIME (PHEV),Plug-in Hybrid Electric Vehicle (PHEV),Clean Alternative Fuel Vehicle Eligible,42,1.0,161666928,POINT (-122.22901 47.72201),PUGET SOUND ENERGY INC||CITY OF TACOMA - (WA),53033022300
5YJYGDEF0L,Clark,Vancouver,WA,98686,2020,TESLA,MODEL Y,Battery Electric Vehicle (BEV),Clean Alternative Fuel Vehicle Eligible,291,17.0,150192381,POINT (-122.62731 45.71668),BONNEVILLE POWER ADMINISTRATION||PUD NO 1 OF CLARK COUNTY - (WA),53011040812
5YJ3E1EAXL,Benton,Richland,WA,99352,2020,TESLA,MODEL 3,Battery Electric Vehicle (BEV),Clean Alternative Fuel Vehicle Eligible,266,8.0,1914083,POINT (-119.27372 46.27391),BONNEVILLE POWER ADMINISTRATION||CITY OF RICHLAND - (WA),53005010819
1G1RC6S53J,King,Kirkland,WA,98034,2018,CHEVROLET,VOLT,Plug-in Hybrid Electric Vehicle (PHEV),Clean Alternative Fuel Vehicle Eligible,53,45.0,131316398,POINT (-122.22901 47.72201),PUGET SOUND ENERGY INC||CITY OF TACOMA - (WA),53033021904
5YJ3E1EB8J,Pacific,Bay Center,WA,98586,2018,TESLA,MODEL 3,Battery Electric Vehicle (BEV),Clean Alternative Fuel Vehicle Eligible,215,19.0,283274050,POINT (-123.81184 46.66563),BONNEVILLE POWER ADMINISTRATION||PUD NO 2 OF PACIFIC COUNTY,53049950301
5YJSA1E26H,King,Bellevue,WA,98004,2017,TESLA,MODEL S,Battery Electric Vehicle (BEV),Clean Alternative Fuel Vehicle Eligible,210,41.0,270225322,POINT (-122.1872 47.61001),PUGET SOUND ENERGY INC||CITY OF TACOMA - (WA),53033023901
3MW39FS02P,King,Kirkland,WA,98034,2023,BMW,330E,Plug-in Hybrid Electric Vehicle (PHEV),Not eligible due to low battery range,20,45.0,226055007,POINT (-122.22901 47.72201),PUGET SOUND ENERGY INC||CITY OF TACOMA - (WA),53033022005
JTMEB3FV3N,Jefferson,Port Townsend,WA,98368,2022,TOYOTA,RAV4 PRIME (PHEV),Plug-in Hybrid Electric Vehicle (PHEV),Clean Alternative Fuel Vehicle Eligible,42,24.0,251320044,POINT (-122.77263 48.1212),BONNEVILLE POWER ADMINISTRATION||PUGET SOUND ENERGY INC||PUD NO 1 OF JEFFERSON COUNTY,53031950502
1G1FW6S04H,San Juan,Friday Harbor,WA,98250,2017,CHEVROLET,BOLT EV,Battery Electric Vehicle (BEV),Clean Alternative Fuel Vehicle Eligible,238,40.0,9159706,POINT (-123.01648 48.53448),BONNEVILLE POWER ADMINISTRATION||ORCAS POWER & LIGHT COOP,53055960302
ZACPDFCW7R,King,Tukwila,WA,98188,2024,DODGE,HORNET,Plug-in Hybrid Electric Vehicle (PHEV),Clean Alternative Fuel Vehicle Eligible,32,11.0,261856304,POINT (-122.27979 47.44952),PUGET SOUND ENERGY INC||CITY OF TACOMA - (WA),53033028200
YV4H60CL2N,King,Bellevue,WA,98006,2022,VOLVO,XC90,Plug-in Hybrid Electric Vehicle (PHEV),Clean Alternative Fuel Vehicle Eligible,35,41.0,286657773,POINT (-122.12096 47.55584),PUGET SOUND ENERGY INC||CITY OF TACOMA - (WA),53033024902
WBY1Z2C50F,Kitsap,Bainbridge Island,WA,98110,2015,BMW,I3,Battery Electric Vehicle (BEV),Clean Alternative Fuel Vehicle Eligible,81,23.0,172140335,POINT (-122.521 47.62732),PUGET SOUND ENERGY INC,53035091002
WVWKP7AU8G,King,Bellevue,WA,98006,2016,VOLKSWAGEN,E-GOLF,Battery Electric Vehicle (BEV),Clean Alternative Fuel Vehicle Eligible,83,41.0,273228112,POINT (-122.12096 47.55584),PUGET SOUND ENERGY INC||CITY OF TACOMA - (WA),53033024901
5UX43EU06R,King,Seattle,WA,98125,2024,BMW,X5,Plug-in Hybrid Electric Vehicle (PHEV),Clean Alternative Fuel Vehicle Eligible,39,46.0,259900721,POINT (-122.30253 47.72656),CITY OF SEATTLE - (WA)|CITY OF TACOMA - (WA),53033000202
1G1RA6S54J,Kitsap,Port Orchard,WA,98367,2018,CHEVROLET,VOLT,Plug-in Hybrid Electric Vehicle (PHEV),Clean Alternative Fuel Vehicle Eligible,53,35.0,120344556,POINT (-122.68471 47.50524),PUGET SOUND ENERGY INC,53035092901
KNDRJDLH1N,King,Kent,WA,98031,2022,KIA,SORENTO,Plug-in Hybrid Electric Vehicle (PHEV),Clean Alternative Fuel Vehicle Eligible,32,47.0,182183305,POINT (-122.17743 47.41185),PUGET SOUND ENERGY INC||CITY OF TACOMA - (WA),53033029403
ZACPDFCW4R,King,Tukwila,WA,98188,2024,DODGE,HORNET,Plug-in Hybrid Electric Vehicle (PHEV),Clean Alternative Fuel Vehicle Eligible,32,11.0,262809368,POINT (-122.27979 47.44952),PUGET SOUND ENERGY INC||CITY OF TACOMA - (WA),53033028200
5YJ3E1EB5L,King,Woodinville,WA,98072,2020,TESLA,MODEL 3,Battery Electric Vehicle (BEV),Clean Alternative Fuel Vehicle Eligible,322,45.0,126001606,POINT (-122.15545 47.75448),PUGET SOUND ENERGY INC||CITY OF TACOMA - (WA),53033032311
1N4BZ0CP0G,King,Kent,WA,98030,2016,NISSAN,LEAF,Battery Electric Vehicle (BEV),Clean Alternative Fuel Vehicle Eligible,84,47.0,317546960,POINT (-122.19975 47.37483),PUGET SOUND ENERGY INC||CITY OF TACOMA - (WA),53033029603
ZACPDFCWXR,Mason,Shelton,WA,98584,2024,DODGE,HORNET,Plug-in Hybrid Electric Vehicle (PHEV),Clean Alternative Fuel Vehicle Eligible,32,35.0,264827433,POINT (-123.10616 47.21253),BONNEVILLE POWER ADMINISTRATION||CITY OF TACOMA - (WA)||PUD NO 3 OF MASON COUNTY,53045960800
WBY1Z6C59H,King,Seattle,WA,98144,2017,BMW,I3,Battery Electric Vehicle (BEV),Clean Alternative Fuel Vehicle Eligible,81,37.0,208920449,POINT (-122.30866 47.57874),CITY OF SEATTLE - (WA)|CITY OF TACOMA - (WA),53033009500
WA1E2AFY3M,Whatcom,Ferndale,WA,98248,2021,AUDI,Q5 E,Plug-in Hybrid Electric Vehicle (PHEV),Not eligible due to low battery range,18,42.0,169401634,POINT (-122.5945 48.84787),PUGET SOUND ENERGY INC||PUD NO 1 OF WHATCOM COUNTY,53073010600
KNDPZDDH0S,Snohomish,Bothell,WA,98012,2025,KIA,SPORTAGE,Plug-in Hybrid Electric Vehicle (PHEV),Clean Alternative Fuel Vehicle Eligible,34,44.0,287106032,POINT (-122.20105 47.84423),PUGET SOUND ENERGY INC,53061052007
7JRH60FZ3N,King,Kirkland,WA,98033,2022,VOLVO,S60,Plug-in Hybrid Electric Vehicle (PHEV),Clean Alternative Fuel Vehicle Eligible,41,45.0,264323167,POINT (-122.2066 47.67887),PUGET SOUND ENERGY INC||CITY OF TACOMA - (WA),53033022006
JHMZC5F3XM,Cowlitz,Kelso,WA,98626,2021,HONDA,CLARITY,Plug-in Hybrid Electric Vehicle (PHEV),Clean Alternative Fuel Vehicle Eligible,47,20.0,185522732,POINT (-122.89867 46.14424),BONNEVILLE POWER ADMINISTRATION||PUD NO 1 OF COWLITZ COUNTY,53015001700
5YJ3E1EB4J,King,Sammamish,WA,98074,2018,TESLA,MODEL 3,Battery Electric Vehicle (BEV),Clean Alternative Fuel Vehicle Eligible,215,45.0,123481263,POINT (-122.02054 47.60326),PUGET SOUND ENERGY INC||CITY OF TACOMA - (WA),53033032318
5YJ3E1EB5L,King,Kirkland,WA,98033,2020,TESLA,MODEL 3,Battery Electric Vehicle (BEV),Clean Alternative Fuel Vehicle Eligible,322,48.0,104611307,POINT (-122.2066 47.67887),PUGET SOUND ENERGY INC||CITY OF TACOMA - (WA),53033022501
1N4AZ0CP0F,Snohomish,Everett,WA,98208,2015,NISSAN,LEAF,Battery Electric Vehicle (BEV),Clean Alternative Fuel Vehicle Eligible,84,44.0,186291850,POINT (-122.18637 47.89251),PUGET SOUND ENERGY INC,53061041606
YV4BR0CK6L,Kittitas,South Cle Elum,WA,98943,2020,VOLVO,XC90,Plug-in Hybrid Electric Vehicle (PHEV),Not eligible due to low battery range,18,13.0,144747165,POINT (-120.94822 47.18891),PUGET SOUND ENERGY INC,53037975102
1G1FZ6S07L,King,Seattle,WA,98125,2020,CHEVROLET,BOLT EV,Battery Electric Vehicle (BEV),Clean Alternative Fuel Vehicle Eligible,259,46.0,152533930,POINT (-122.30253 47.72656),CITY OF SEATTLE - (WA)|CITY OF TACOMA - (WA),53033002200
1N4AZ0CP5D,Clark,Vancouver,WA,98684,2013,NISSAN,LEAF,Battery Electric Vehicle (BEV),Clean Alternative Fuel Vehicle Eligible,75,17.0,208940490,POINT (-122.48723 45.63701),BONNEVILLE POWER ADMINISTRATION||PUD NO 1 OF CLARK COUNTY - (WA),53011041336
5YJYGDEE5L,King,Federal Way,WA,98023,2020,TESLA,MODEL Y,Battery Electric Vehicle (BEV),Clean Alternative Fuel Vehicle Eligible,291,30.0,254828514,POINT (-122.36217 47.31011),PUGET SOUND ENERGY INC||CITY OF TACOMA - (WA),53033030310
1C4RJXP64R,Snohomish,Lake Stevens,WA,98258,2024,JEEP,WRANGLER,Plug-in Hybrid Electric Vehicle (PHEV),Not eligible due to low battery range,21,44.0,261204695,POINT (-122.06402 48.01497),PUGET SOUND ENERGY INC,53061052606
JTMAB3FV0P,King,Bothell,WA,98011,2023,TOYOTA,RAV4 PRIME (PHEV),Plug-in Hybrid Electric Vehicle (PHEV),Clean Alternative Fuel Vehicle Eligible,42,1.0,241367150,POINT (-122.20563 47.76144),PUGET SOUND ENERGY INC||CITY OF TACOMA - (WA),53033021905
JTDACACU5S,Thurston,Olympia,WA,98502,2025,TOYOTA,PRIUS PRIME (PHEV),Plug-in Hybrid Electric Vehicle (PHEV),Clean Alternative Fuel Vehicle Eligible,39,35.0,278115491,POINT (-122.92333 47.03779),PUGET SOUND ENERGY INC,53067011901
1G1RD6E41D,Benton,Kennewick,WA,99336,2013,CHEVROLET,VOLT,Plug-in Hybrid Electric Vehicle (PHEV),Clean Alternative Fuel Vehicle Eligible,38,8.0,7145582,POINT (-119.11698 46.20837),BONNEVILLE POWER ADMINISTRATION||PUD NO 1 OF BENTON COUNTY,53005010816
JTDACACU6R,Clark,Battle Ground,WA,98604,2024,TOYOTA,PRIUS PRIME (PHEV),Plug-in Hybrid Electric Vehicle (PHEV),Clean Alternative Fuel Vehicle Eligible,39,18.0,260523616,POINT (-122.5331 45.78092),BONNEVILLE POWER ADMINISTRATION||PUD NO 1 OF CLARK COUNTY - (WA),53011040416
W1NKM5GB0T,King,Newcastle,WA,98056,2026,MERCEDES-BENZ,GLC-CLASS,Plug-in Hybrid Electric Vehicle (PHEV),Clean Alternative Fuel Vehicle Eligible,54,41.0,286494939,POINT (-122.18839 47.51197),PUGET SOUND ENERGY INC||CITY OF TACOMA - (WA),53033024703
1C4JJXR60N,Clark,Camas,WA,98607,2022,JEEP,WRANGLER,Plug-in Hybrid Electric Vehicle (PHEV),Not eligible due to low battery range,22,18.0,197461442,POINT (-122.40199 45.58694),BONNEVILLE POWER ADMINISTRATION||PUD NO 1 OF CLARK COUNTY - (WA),53011040608
WP1BN2AY3R,King,Woodinville,WA,98077,2024,PORSCHE,CAYENNE,Plug-in Hybrid Electric Vehicle (PHEV),Clean Alternative Fuel Vehicle Eligible,55,45.0,270186010,POINT (-122.07326 47.75425),PUGET SOUND ENERGY INC||CITY OF TACOMA - (WA),53033032326
JN1AZ0CP1B,Stevens,Nine Mile Falls,WA,99026,2011,NISSAN,LEAF,Battery Electric Vehicle (BEV),Clean Alternative Fuel Vehicle Eligible,73,7.0,213324779,POINT (-117.54392 47.77676),NO KNOWN ELECTRIC UTILITY SERVICE,53065951402
1FADP5CU6D,King,Bellevue,WA,98007,2013,FORD,C-MAX,Plug-in Hybrid Electric Vehicle (PHEV),Not eligible due to low battery range,19,48.0,476301437,POINT (-122.12056 47.61334),PUGET SOUND ENERGY INC||CITY OF TACOMA - (WA),53033023201
YV4H60DL6R,King,Seattle,WA,98178,2024,VOLVO,XC60,Plug-in Hybrid Electric Vehicle (PHEV),Clean Alternative Fuel Vehicle Eligible,35,37.0,267878733,POINT (-122.25031 47.49481),CITY OF SEATTLE - (WA)|CITY OF TACOMA - (WA),53033011902
1G1FW6S00J,Pierce,Gig Harbor,WA,98332,2018,CHEVROLET,BOLT EV,Battery Electric Vehicle (BEV),Clean Alternative Fuel Vehicle Eligible,238,26.0,268671889,POINT (-122.58964 47.34235),BONNEVILLE POWER ADMINISTRATION||CITY OF TACOMA - (WA)||PENINSULA LIGHT COMPANY,53053072509
3MW39FS07R,King,Bellevue,WA,98004,2024,BMW,330E,Plug-in Hybrid Electric Vehicle (PHEV),Not eligible due to low battery range,20,41.0,261390111,POINT (-122.1872 47.61001),PUGET SOUND ENERGY INC||CITY OF TACOMA - (WA),53033023901
5YJXCDE23J,King,Beaux Arts,WA,98004,2018,TESLA,MODEL X,Battery Electric Vehicle (BEV),Clean Alternative Fuel Vehicle Eligible,238,41.0,337510379,POINT (-122.1872 47.61001),PUGET SOUND ENERGY INC||CITY OF TACOMA - (WA),53033023901
5YJXCDE27H,Snohomish,Marysville,WA,98271,2017,TESLA,MODEL X,Battery Electric Vehicle (BEV),Clean Alternative Fuel Vehicle Eligible,200,38.0,218319307,POINT (-122.17138 48.10433),PUGET SOUND ENERGY INC,53061940002
1N4BZ1CP4L,King,Bellevue,WA,98008,2020,NISSAN,LEAF,Battery Electric Vehicle (BEV),Clean Alternative Fuel Vehicle Eligible,215,48.0,132811493,POINT (-122.11867 47.63131),PUGET SOUND ENERGY INC||CITY OF TACOMA - (WA),53033023403
SALK19F41R,Snohomish,Bothell,WA,98012,2024,LAND ROVER,RANGE ROVER,Plug-in Hybrid Electric Vehicle (PHEV),Clean Alternative Fuel Vehicle Eligible,59,1.0,261648278,POINT (-122.20105 47.84423),PUGET SOUND ENERGY INC,53061052107
5YJSA1E28J,Clark,Camas,WA,98607,2018,TESLA,MODEL S,Battery Electric Vehicle (BEV),Clean Alternative Fuel Vehicle Eligible,249,18.0,284286026,POINT (-122.40199 45.58694),BONNEVILLE POWER ADMINISTRATION||PUD NO 1 OF CLARK COUNTY - (WA),53011040609
1N4AZ0CP7G,King,Seattle,WA,98117,2016,NISSAN,LEAF,Battery Electric Vehicle (BEV),Clean Alternative Fuel Vehicle Eligible,84,36.0,9968388,POINT (-122.38418 47.70044),CITY OF SEATTLE - (WA)|CITY OF TACOMA - (WA),53033001702
2C4RC1L78P,King,Redmond,WA,98052,2023,CHRYSLER,PACIFICA,Plug-in Hybrid Electric Vehicle (PHEV),Clean Alternative Fuel Vehicle Eligible,32,45.0,278189075,POINT (-122.13158 47.67858),PUGET SOUND ENERGY INC||CITY OF TACOMA - (WA),53033032326
JTMFB3FV8R,King,Redmond,WA,98053,2024,TOYOTA,RAV4 PRIME (PHEV),Plug-in Hybrid Electric Vehicle (PHEV),Clean Alternative Fuel Vehicle Eligible,42,45.0,269781130,POINT (-122.03287 47.68555),PUGET SOUND ENERGY INC||CITY OF TACOMA - (WA),53033032328
5YJSA1CG2D,King,Kirkland,WA,98033,2013,TESLA,MODEL S,Battery Electric Vehicle (BEV),Clean Alternative Fuel Vehicle Eligible,208,48.0,220918155,POINT (-122.2066 47.67887),PUGET SOUND ENERGY INC||CITY OF TACOMA - (WA),53033022701
YV4H60RC4S,Pierce,Dupont,WA,98327,2025,VOLVO,XC60,Plug-in Hybrid Electric Vehicle (PHEV),Clean Alternative Fuel Vehicle Eligible,35,28.0,275739509,POINT (-122.62954 47.09583),PUGET SOUND ENERGY INC||CITY OF TACOMA - (WA),53053072802
5YJ3E1EB9J,Benton,Kennewick,WA,99337,2018,TESLA,MODEL 3,Battery Electric Vehicle (BEV),Clean Alternative Fuel Vehicle Eligible,215,8.0,273028661,POINT (-119.14432 46.18741),BONNEVILLE POWER ADMINISTRATION||PUD NO 1 OF BENTON COUNTY,53005011402
1N4AZ1BP6L,Spokane,Colbert,WA,99005,2020,NISSAN,LEAF,Battery Electric Vehicle (BEV),Clean Alternative Fuel Vehicle Eligible,149,7.0,268046334,POINT (-117.35414 47.83743),BONNEVILLE POWER ADMINISTRATION||INLAND POWER & LIGHT COMPANY,53063010305
KNDPYDDH7R,Kitsap,Bremerton,WA,98312,2024,KIA,SPORTAGE,Plug-in Hybrid Electric Vehicle (PHEV),Clean Alternative Fuel Vehicle Eligible,34,26.0,274823412,POINT (-122.65223 47.57192),PUGET SOUND ENERGY INC,53035081100
JTDKARFP8K,King,Renton,WA,98056,2019,TOYOTA,PRIUS PRIME (PHEV),Plug-in Hybrid Electric Vehicle (PHEV),Not eligible due to low battery range,25,11.0,273821572,POINT (-122.18839 47.51197),PUGET SOUND ENERGY INC||CITY OF TACOMA - (WA),53033025401
WA1E2AFY7P,Spokane,Liberty Lake,WA,99019,2023,AUDI,Q5 E,Plug-in Hybrid Electric Vehicle (PHEV),Not eligible due to low battery range,23,4.0,224438511,POINT (-117.1015 47.66829),BONNEVILLE POWER ADMINISTRATION||AVISTA CORP||INLAND POWER & LIGHT COMPANY,53063013204
1G1RD6E48F,King,Bellevue,WA,98005,2015,CHEVROLET,VOLT,Plug-in Hybrid Electric Vehicle (PHEV),Clean Alternative Fuel Vehicle Eligible,38,41.0,266976853,POINT (-122.1621 47.64441),PUGET SOUND ENERGY INC||CITY OF TACOMA - (WA),53033023604
JTDACACU7S,Franklin,Pasco,WA,99301,2025,TOYOTA,PRIUS PRIME (PHEV),Plug-in Hybrid Electric Vehicle (PHEV),Clean Alternative Fuel Vehicle Eligible,39,16.0,278765434,POINT (-119.09467 46.23542),BONNEVILLE POWER ADMINISTRATION||PUD NO 1 OF FRANKLIN COUNTY,53021020503
1N4AZ0CP3G,King,Shoreline,WA,98177,2016,NISSAN,LEAF,Battery Electric Vehicle (BEV),Clean Alternative Fuel Vehicle Eligible,84,32.0,269980476,POINT (-122.37238 47.74068),CITY OF SEATTLE - (WA)|CITY OF TACOMA - (WA),53033020800
5YJSA1H23F,King,Kirkland,WA,98034,2015,TESLA,MODEL S,Battery Electric Vehicle (BEV),Clean Alternative Fuel Vehicle Eligible,208,45.0,144687952,POINT (-122.22901 47.72201),PUGET SOUND ENERGY INC||CITY OF TACOMA - (WA),53033021904
1FADP5CU5D,King,Seattle,WA,98115,2013,FORD,C-MAX,Plug-in Hybrid Electric Vehicle (PHEV),Not eligible due to low battery range,19,46.0,178669802,POINT (-122.31676 47.68156),CITY OF SEATTLE - (WA)|CITY OF TACOMA - (WA),53033002200
KNDRMDLH8N,Mason,Elma,WA,98541,2022,KIA,SORENTO,Plug-in Hybrid Electric Vehicle (PHEV),Clean Alternative Fuel Vehicle Eligible,32,35.0,186156351,POINT (-123.40382 47.00379),BONNEVILLE POWER ADMINISTRATION||CITY OF TACOMA - (WA)||PUD NO 3 OF MASON COUNTY,53045960202
1G1RB6S50H,Pierce,Longbranch,WA,98351,2017,CHEVROLET,VOLT,Plug-in Hybrid Electric Vehicle (PHEV),Clean Alternative Fuel Vehicle Eligible,53,26.0,152148174,POINT (-122.75907 47.21508),BONNEVILLE POWER ADMINISTRATION||CITY OF TACOMA - (WA)||PENINSULA LIGHT COMPANY,53053072603
5UXTA6C04P,King,Woodinville,WA,98072,2023,BMW,X5,Plug-in Hybrid Electric Vehicle (PHEV),Clean Alternative Fuel Vehicle Eligible,30,45.0,218117105,POINT (-122.15545 47.75448),PUGET SOUND ENERGY INC||CITY OF TACOMA - (WA),53033032311
JTDKAMFP1M,Whatcom,Bellingham,WA,98225,2021,TOYOTA,PRIUS PRIME (PHEV),Plug-in Hybrid Electric Vehicle (PHEV),Not eligible due to low battery range,25,42.0,153969553,POINT (-122.47091 48.75256),PUGET SOUND ENERGY INC||PUD NO 1 OF WHATCOM COUNTY,53073000401
1C4RJXN6XR,King,Seattle,WA,98122,2024,JEEP,WRANGLER,Plug-in Hybrid Electric Vehicle (PHEV),Not eligible due to low battery range,21,43.0,258826550,POINT (-122.31009 47.60803),CITY OF SEATTLE - (WA)|CITY OF TACOMA - (WA),53033008402
JTMFB3FV6N,King,Issaquah,WA,98027,2022,TOYOTA,RAV4 PRIME (PHEV),Plug-in Hybrid Electric Vehicle (PHEV),Clean Alternative Fuel Vehicle Eligible,42,5.0,253437432,POINT (-122.03439 47.5301),PUGET SOUND ENERGY INC||CITY OF TACOMA - (WA),53033025006
1N4AZ0CP4D,King,Seattle,WA,98178,2013,NISSAN,LEAF,Battery Electric Vehicle (BEV),Clean Alternative Fuel Vehicle Eligible,75,37.0,275788411,POINT (-122.25031 47.49481),PUGET SOUND ENERGY INC||CITY OF TACOMA - (WA),53033026001
1FMCU0KZ9N,Snohomish,Bothell,WA,98021,2022,FORD,ESCAPE,Plug-in Hybrid Electric Vehicle (PHEV),Clean Alternative Fuel Vehicle Eligible,38,1.0,193681967,POINT (-122.18384 47.8031),PUGET SOUND ENERGY INC,53061051916
JTJHKCFZ2T,Pierce,Gig Harbor,WA,98332,2026,LEXUS,NX,Plug-in Hybrid Electric Vehicle (PHEV),Clean Alternative Fuel Vehicle Eligible,37,26.0,287887120,POINT (-122.58964 47.34235),BONNEVILLE POWER ADMINISTRATION||CITY OF TACOMA - (WA)||PENINSULA LIGHT COMPANY,53053072509
JTMAB3FV7P,King,Seattle,WA,98125,2023,TOYOTA,RAV4 PRIME (PHEV),Plug-in Hybrid Electric Vehicle (PHEV),Clean Alternative Fuel Vehicle Eligible,42,46.0,245536336,POINT (-122.30253 47.72656),CITY OF SEATTLE - (WA)|CITY OF TACOMA - (WA),53033001000
JTMFB3FV6R,Snohomish,Lynnwood,WA,98087,2024,TOYOTA,RAV4 PRIME (PHEV),Plug-in Hybrid Electric Vehicle (PHEV),Clean Alternative Fuel Vehicle Eligible,42,21.0,267291083,POINT (-122.27981 47.85727),PUGET SOUND ENERGY INC,53061041703
1N4BZ0CP6H,King,Seattle,WA,98177,2017,NISSAN,LEAF,Battery Electric Vehicle (BEV),Clean Alternative Fuel Vehicle Eligible,107,36.0,263450638,POINT (-122.37238 47.74068),CITY OF SEATTLE - (WA)|CITY OF TACOMA - (WA),53033001600
1N4AZ0CP6F,King,Redmond,WA,98052,2015,NISSAN,LEAF,Battery Electric Vehicle (BEV),Clean Alternative Fuel Vehicle Eligible,84,45.0,177326635,POINT (-122.13158 47.67858),PUGET SOUND ENERGY INC||CITY OF TACOMA - (WA),53033032322
JTMEB3FV6M,King,Seattle,WA,98106,2021,TOYOTA,RAV4 PRIME (PHEV),Plug-in Hybrid Electric Vehicle (PHEV),Clean Alternative Fuel Vehicle Eligible,42,34.0,123167243,POINT (-122.35163 47.54287),CITY OF SEATTLE - (WA)|CITY OF TACOMA - (WA),53033026500
5UX43EU03S,Pierce,Bonney Lake,WA,98391,2025,BMW,X5,Plug-in Hybrid Electric Vehicle (PHEV),Clean Alternative Fuel Vehicle Eligible,40,31.0,278385817,POINT (-122.17144 47.19175),PUGET SOUND ENERGY INC||CITY OF TACOMA - (WA),53053070208
ZACPDFCW1R,King,Tukwila,WA,98188,2024,DODGE,HORNET,Plug-in Hybrid Electric Vehicle (PHEV),Clean Alternative Fuel Vehicle Eligible,32,11.0,262333921,POINT (-122.27979 47.44952),PUGET SOUND ENERGY INC||CITY OF TACOMA - (WA),53033028200
5YJ3E1EC6L,Kittitas,Ellensburg,WA,98926,2020,TESLA,MODEL 3,Battery Electric Vehicle (BEV),Clean Alternative Fuel Vehicle Eligible,308,13.0,107269802,POINT (-120.54872 46.99703),BONNEVILLE POWER ADMINISTRATION||CITY OF ELLENSBURG - (WA),53037975403
5YJ3E1EB3J,King,Federal Way,WA,98023,2018,TESLA,MODEL 3,Battery Electric Vehicle (BEV),Clean Alternative Fuel Vehicle Eligible,215,30.0,270952986,POINT (-122.36217 47.31011),PUGET SOUND ENERGY INC||CITY OF TACOMA - (WA),53033030310
SAL119F43S,Jefferson,Port Townsend,WA,98368,2025,LAND ROVER,RANGE ROVER SPORT,Plug-in Hybrid Electric Vehicle (PHEV),Clean Alternative Fuel Vehicle Eligible,58,24.0,279146948,POINT (-122.77263 48.1212),BONNEVILLE POWER ADMINISTRATION||PUGET SOUND ENERGY INC||PUD NO 1 OF JEFFERSON COUNTY,53031950604
JHMZC5F11J,King,Issaquah,WA,98027,2018,HONDA,CLARITY,Plug-in Hybrid Electric Vehicle (PHEV),Clean Alternative Fuel Vehicle Eligible,47,5.0,146358005,POINT (-122.03439 47.5301),PUGET SOUND ENERGY INC||CITY OF TACOMA - (WA),53033032103
JM3KKBHA2R,King,Kirkland,WA,98033,2024,MAZDA,CX-90,Plug-in Hybrid Electric Vehicle (PHEV),Not eligible due to low battery range,26,48.0,258258311,POINT (-122.2066 47.67887),PUGET SOUND ENERGY INC||CITY OF TACOMA - (WA),53033022501
1C4JJXP64M,Yakima,Outlook,WA,98938,2021,JEEP,WRANGLER,Plug-in Hybrid Electric Vehicle (PHEV),Not eligible due to low battery range,25,15.0,186111467,POINT (-120.08511 46.3294),BONNEVILLE POWER ADMINISTRATION||PACIFICORP||BENTON RURAL ELECTRIC ASSN,53077002202
1G1RC6S58G,Thurston,Rainier,WA,98576,2016,CHEVROLET,VOLT,Plug-in Hybrid Electric Vehicle (PHEV),Clean Alternative Fuel Vehicle Eligible,53,2.0,477446126,POINT (-122.68993 46.88897),PUGET SOUND ENERGY INC,53067012530
5YJ3E1EB7K,King,Kirkland,WA,98034,2019,TESLA,MODEL 3,Battery Electric Vehicle (BEV),Clean Alternative Fuel Vehicle Eligible,220,45.0,145479820,POINT (-122.22901 47.72201),PUGET SOUND ENERGY INC||CITY OF TACOMA - (WA),53033022003
JHMZC5F14J,San Juan,Friday Harbor,WA,98250,2018,HONDA,CLARITY,Plug-in Hybrid Electric Vehicle (PHEV),Clean Alternative Fuel Vehicle Eligible,47,40.0,8036269,POINT (-123.01648 48.53448),BONNEVILLE POWER ADMINISTRATION||ORCAS POWER & LIGHT COOP,53055960302
JM3KKEHA7R,King,Kirkland,WA,98034,2024,MAZDA,CX-90,Plug-in Hybrid Electric Vehicle (PHEV),Not eligible due to low battery range,26,45.0,264505937,POINT (-122.22901 47.72201),PUGET SOUND ENERGY INC||CITY OF TACOMA - (WA),53033022005
1C4RJYC6XP,Spokane,Newman Lake,WA,99025,2023,JEEP,GRAND CHEROKEE,Plug-in Hybrid Electric Vehicle (PHEV),Not eligible due to low battery range,25,4.0,261913774,POINT (-117.06882 47.7251),BONNEVILLE POWER ADMINISTRATION||AVISTA CORP||INLAND POWER & LIGHT COMPANY,53063010102
JHMZC5F10J,King,Seattle,WA,98177,2018,HONDA,CLARITY,Plug-in Hybrid Electric Vehicle (PHEV),Clean Alternative Fuel Vehicle Eligible,47,36.0,349042060,POINT (-122.37238 47.74068),CITY OF SEATTLE - (WA)|CITY OF TACOMA - (WA),53033001600
5YJ3E1EBXK,King,Seattle,WA,98109,2019,TESLA,MODEL 3,Battery Electric Vehicle (BEV),Clean Alternative Fuel Vehicle Eligible,220,36.0,313845262,POINT (-122.35022 47.63824),CITY OF SEATTLE - (WA)|CITY OF TACOMA - (WA),53033006701
1G1FX6S00H,King,Auburn,WA,98092,2017,CHEVROLET,BOLT EV,Battery Electric Vehicle (BEV),Clean Alternative Fuel Vehicle Eligible,238,47.0,348463594,POINT (-122.18262 47.31825),PUGET SOUND ENERGY INC||CITY OF TACOMA - (WA),53033031206
2C4RC1L7XP,King,Seattle,WA,98108,2023,CHRYSLER,PACIFICA,Plug-in Hybrid Electric Vehicle (PHEV),Clean Alternative Fuel Vehicle Eligible,32,33.0,268703403,POINT (-122.31449 47.53917),CITY OF SEATTLE - (WA)|CITY OF TACOMA - (WA),53033026400
5UXTA6C05P,Clark,Battle Ground,WA,98604,2023,BMW,X5,Plug-in Hybrid Electric Vehicle (PHEV),Clean Alternative Fuel Vehicle Eligible,30,18.0,274055092,POINT (-122.5331 45.78092),BONNEVILLE POWER ADMINISTRATION||PUD NO 1 OF CLARK COUNTY - (WA),53011040416
5UXKT0C32H,King,Issaquah,WA,98027,2017,BMW,X5,Plug-in Hybrid Electric Vehicle (PHEV),Not eligible due to low battery range,14,5.0,9817860,POINT (-122.03439 47.5301),PUGET SOUND ENERGY INC||CITY OF TACOMA - (WA),53033032103
5YJ3E1EA7K,King,Seattle,WA,98107,2019,TESLA,MODEL 3,Battery Electric Vehicle (BEV),Clean Alternative Fuel Vehicle Eligible,220,36.0,320538704,POINT (-122.38591 47.67597),CITY OF SEATTLE - (WA)|CITY OF TACOMA - (WA),53033004702
1G1FZ6S07L,King,Seattle,WA,98112,2020,CHEVROLET,BOLT EV,Battery Electric Vehicle (BEV),Clean Alternative Fuel Vehicle Eligible,259,43.0,110289105,POINT (-122.30207 47.64085),CITY OF SEATTLE - (WA)|CITY OF TACOMA - (WA),53033006400
55SWF4HB9J,King,Seattle,WA,98146,2018,MERCEDES-BENZ,C-CLASS,Plug-in Hybrid Electric Vehicle (PHEV),Not eligible due to low battery range,8,34.0,250583189,POINT (-122.36322 47.49736),CITY OF SEATTLE - (WA)|CITY OF TACOMA - (WA),53033012000
5YJ3E1EBXJ,Snohomish,Edmonds,WA,98020,2018,TESLA,MODEL 3,Battery Electric Vehicle (BEV),Clean Alternative Fuel Vehicle Eligible,215,32.0,147452469,POINT (-122.37689 47.81116),PUGET SOUND ENERGY INC,53061050600
3FA6P0SU2F,Clark,Vancouver,WA,98665,2015,FORD,FUSION,Plug-in Hybrid Electric Vehicle (PHEV),Not eligible due to low battery range,19,49.0,261464997,POINT (-122.64443 45.67871),BONNEVILLE POWER ADMINISTRATION||PUD NO 1 OF CLARK COUNTY - (WA),53011041010
WP1AH2AY7P,San Juan,Friday Harbor,WA,98250,2023,PORSCHE,CAYENNE,Plug-in Hybrid Electric Vehicle (PHEV),Not eligible due to low battery range,14,40.0,230817604,POINT (-123.01648 48.53448),BONNEVILLE POWER ADMINISTRATION||ORCAS POWER & LIGHT COOP,53055960301
KNDRJDLH6N,Benton,Kennewick,WA,99338,2022,KIA,SORENTO,Plug-in Hybrid Electric Vehicle (PHEV),Clean Alternative Fuel Vehicle Eligible,32,8.0,209571204,POINT (-119.3118 46.20665),BONNEVILLE POWER ADMINISTRATION||PUD NO 1 OF BENTON COUNTY,53005010815
5YJ3E1EB8L,King,Seattle,WA,98146,2020,TESLA,MODEL 3,Battery Electric Vehicle (BEV),Clean Alternative Fuel Vehicle Eligible,322,34.0,6263603,POINT (-122.36322 47.49736),CITY OF SEATTLE - (WA)|CITY OF TACOMA - (WA),53033012000
WAUTPBFF6G,King,Bellevue,WA,98008,2016,AUDI,A3,Plug-in Hybrid Electric Vehicle (PHEV),Not eligible due to low battery range,16,48.0,262667625,POINT (-122.11867 47.63131),PUGET SOUND ENERGY INC||CITY OF TACOMA - (WA),53033023100
YV4BR00L5M,King,Seattle,WA,98146,2021,VOLVO,XC90,Plug-in Hybrid Electric Vehicle (PHEV),Not eligible due to low battery range,18,34.0,142534829,POINT (-122.36322 47.49736),CITY OF SEATTLE - (WA)|CITY OF TACOMA - (WA),53033012100
JTMAB3FV1R,Snohomish,Everett,WA,98204,2024,TOYOTA,RAV4 PRIME (PHEV),Plug-in Hybrid Electric Vehicle (PHEV),Clean Alternative Fuel Vehicle Eligible,42,21.0,267611781,POINT (-122.27557 47.88936),PUGET SOUND ENERGY INC,53061041809
5YJ3E1EA9K,Snohomish,Everett,WA,98201,2019,TESLA,MODEL 3,Battery Electric Vehicle (BEV),Clean Alternative Fuel Vehicle Eligible,220,38.0,270108639,POINT (-122.20596 47.97659),PUGET SOUND ENERGY INC,53061040300
1G1FX6S04J,King,Kirkland,WA,98033,2018,CHEVROLET,BOLT EV,Battery Electric Vehicle (BEV),Clean Alternative Fuel Vehicle Eligible,238,48.0,345858005,POINT (-122.2066 47.67887),PUGET SOUND ENERGY INC||CITY OF TACOMA - (WA),53033022701
JTDKARFP0H,King,Tukwila,WA,98168,2017,TOYOTA,PRIUS PRIME (PHEV),Plug-in Hybrid Electric Vehicle (PHEV),Not eligible due to low battery range,25,11.0,249698690,POINT (-122.29411 47.48924),CITY OF SEATTLE - (WA)|CITY OF TACOMA - (WA),53033027300
1N4AZ0CP9D,Spokane,Spokane,WA,99205,2013,NISSAN,LEAF,Battery Electric Vehicle (BEV),Clean Alternative Fuel Vehicle Eligible,75,3.0,161992876,POINT (-117.45674 47.69963),MODERN ELECTRIC WATER COMPANY,53063001100
1N4AZ0CPXF,King,Seattle,WA,98125,2015,NISSAN,LEAF,Battery Electric Vehicle (BEV),Clean Alternative Fuel Vehicle Eligible,84,46.0,6503584,POINT (-122.30253 47.72656),CITY OF SEATTLE - (WA)|CITY OF TACOMA - (WA),53033001202
5YJ3E1EA2J,Franklin,Pasco,WA,99301,2018,TESLA,MODEL 3,Battery Electric Vehicle (BEV),Clean Alternative Fuel Vehicle Eligible,215,9.0,282095159,POINT (-119.09467 46.23542),BONNEVILLE POWER ADMINISTRATION||PUD NO 1 OF FRANKLIN COUNTY,53021020605
2C4RC1L74N,Garfield,Pomeroy,WA,99347,2022,CHRYSLER,PACIFICA,Plug-in Hybrid Electric Vehicle (PHEV),Clean Alternative Fuel Vehicle Eligible,32,9.0,283410256,POINT (-117.58937 46.47398),PACIFICORP,53023970300
1G1RA6E45F,Spokane,Spokane,WA,99205,2015,CHEVROLET,VOLT,Plug-in Hybrid Electric Vehicle (PHEV),Clean Alternative Fuel Vehicle Eligible,38,3.0,265043124,POINT (-117.45674 47.69963),MODERN ELECTRIC WATER COMPANY,53063001100
5YJ3E1EAXL,King,Bothell,WA,98011,2020,TESLA,MODEL 3,Battery Electric Vehicle (BEV),Clean Alternative Fuel Vehicle Eligible,266,1.0,3434763,POINT (-122.20563 47.76144),PUGET SOUND ENERGY INC||CITY OF TACOMA - (WA),53033021804
YV4H600N3P,King,Seattle,WA,98115,2023,VOLVO,XC90,Plug-in Hybrid Electric Vehicle (PHEV),Clean Alternative Fuel Vehicle Eligible,32,46.0,244068884,POINT (-122.31676 47.68156),CITY OF SEATTLE - (WA)|CITY OF TACOMA - (WA),53033002500
5YJ3E1EBXL,King,Kirkland,WA,98034,2020,TESLA,MODEL 3,Battery Electric Vehicle (BEV),Clean Alternative Fuel Vehicle Eligible,322,1.0,6327611,POINT (-122.22901 47.72201),PUGET SOUND ENERGY INC||CITY OF TACOMA - (WA),53033022300
5YJ3E1EA5L,King,Bellevue,WA,98004,2020,TESLA,MODEL 3,Battery Electric Vehicle (BEV),Clean Alternative Fuel Vehicle Eligible,266,48.0,7842985,POINT (-122.1872 47.61001),PUGET SOUND ENERGY INC||CITY OF TACOMA - (WA),53033024001
1FADP5EU9H,Island,Camano Island,WA,98282,2017,FORD,C-MAX,Plug-in Hybrid Electric Vehicle (PHEV),Not eligible due to low battery range,20,10.0,117115897,POINT (-122.40049 48.23986),BONNEVILLE POWER ADMINISTRATION||PUD 1 OF SNOHOMISH COUNTY,53029971600
5YJYGDEF1L,King,Seattle,WA,98125,2020,TESLA,MODEL Y,Battery Electric Vehicle (BEV),Clean Alternative Fuel Vehicle Eligible,291,46.0,127123447,POINT (-122.30253 47.72656),CITY OF SEATTLE - (WA)|CITY OF TACOMA - (WA),53033000900
KMHE54L29G,Clallam,Sequim,WA,98382,2016,HYUNDAI,SONATA,Plug-in Hybrid Electric Vehicle (PHEV),Not eligible due to low battery range,27,24.0,1437033,POINT (-123.10367 48.07965),BONNEVILLE POWER ADMINISTRATION||PUD NO 1 OF CLALLAM COUNTY,53009001701
5UX43EU03T,King,Fall City,WA,98024,2026,BMW,X5,Plug-in Hybrid Electric Vehicle (PHEV),Clean Alternative Fuel Vehicle Eligible,38,5.0,282439419,POINT (-121.89086 47.56812),PUGET SOUND ENERGY INC||CITY OF TACOMA - (WA),53033032500
1G1FW6S01L,Douglas,East Wenatchee,WA,98802,2020,CHEVROLET,BOLT EV,Battery Electric Vehicle (BEV),Clean Alternative Fuel Vehicle Eligible,259,12.0,171320873,POINT (-120.29473 47.41515),PUD NO 1 OF DOUGLAS COUNTY,53017950400
KNDRMDJH1T,King,Bothell,WA,98011,2026,KIA,SORENTO,Plug-in Hybrid Electric Vehicle (PHEV),Clean Alternative Fuel Vehicle Eligible,30,1.0,286732792,POINT (-122.20563 47.76144),PUGET SOUND ENERGY INC||CITY OF TACOMA - (WA),53033022001
5YJ3E1EA1L,Snohomish,Snohomish,WA,98290,2020,TESLA,MODEL 3,Battery Electric Vehicle (BEV),Clean Alternative Fuel Vehicle Eligible,266,39.0,3280203,POINT (-122.09305 47.91265),PUGET SOUND ENERGY INC,53061052206
5YJ3E1EA5K,Island,Camano Island,WA,98282,2019,TESLA,MODEL 3,Battery Electric Vehicle (BEV),Clean Alternative Fuel Vehicle Eligible,220,10.0,131737413,POINT (-122.40049 48.23986),BONNEVILLE POWER ADMINISTRATION||PUD 1 OF SNOHOMISH COUNTY,53029971500
1FADP5CU0E,King,Sammamish,WA,98075,2014,FORD,C-MAX,Plug-in Hybrid Electric Vehicle (PHEV),Not eligible due to low battery range,19,41.0,103055886,POINT (-122.03539 47.61344),PUGET SOUND ENERGY INC||CITY OF TACOMA - (WA),53033032224
1G1RC6S59H,King,Kirkland,WA,98033,2017,CHEVROLET,VOLT,Plug-in Hybrid Electric Vehicle (PHEV),Clean Alternative Fuel Vehicle Eligible,53,48.0,256547434,POINT (-122.2066 47.67887),PUGET SOUND ENERGY INC||CITY OF TACOMA - (WA),53033022604
WVWKR7AUXK,King,Duvall,WA,98019,2019,VOLKSWAGEN,E-GOLF,Battery Electric Vehicle (BEV),Clean Alternative Fuel Vehicle Eligible,125,45.0,149135724,POINT (-121.98609 47.74068),PUGET SOUND ENERGY INC||CITY OF TACOMA - (WA),53033032402
5YJXCDE23L,Lewis,Centralia,WA,98531,2020,TESLA,MODEL X,Battery Electric Vehicle (BEV),Clean Alternative Fuel Vehicle Eligible,289,20.0,102067703,POINT (-122.95266 46.72895),PUGET SOUND ENERGY INC||CITY OF TACOMA - (WA),53041970300
KM8S6DA26P,King,Seattle,WA,98168,2023,HYUNDAI,SANTA FE,Plug-in Hybrid Electric Vehicle (PHEV),Clean Alternative Fuel Vehicle Eligible,30,33.0,273448003,POINT (-122.29411 47.48924),CITY OF SEATTLE - (WA)|CITY OF TACOMA - (WA),53033026400
5YJ3E1EB1J,San Juan,Lopez Island,WA,98261,2018,TESLA,MODEL 3,Battery Electric Vehicle (BEV),Clean Alternative Fuel Vehicle Eligible,215,40.0,148419624,POINT (-122.9143 48.52357),BONNEVILLE POWER ADMINISTRATION||ORCAS POWER & LIGHT COOP,53055960501
1G1RB6S50H,Clark,Battle Ground,WA,98604,2017,CHEVROLET,VOLT,Plug-in Hybrid Electric Vehicle (PHEV),Clean Alternative Fuel Vehicle Eligible,53,18.0,224367342,POINT (-122.5331 45.78092),BONNEVILLE POWER ADMINISTRATION||PUD NO 1 OF CLARK COUNTY - (WA),53011040504
JTJKKCFZXS,Pierce,Tacoma,WA,98407,2025,LEXUS,NX,Plug-in Hybrid Electric Vehicle (PHEV),Clean Alternative Fuel Vehicle Eligible,37,27.0,281077009,POINT (-122.54304 47.31803),BONNEVILLE POWER ADMINISTRATION||CITY OF TACOMA - (WA)||PENINSULA LIGHT COMPANY,53053060500
JTDACACU5R,Clark,Vancouver,WA,98662,2024,TOYOTA,PRIUS PRIME (PHEV),Plug-in Hybrid Electric Vehicle (PHEV),Clean Alternative Fuel Vehicle Eligible,39,17.0,272077550,POINT (-122.57722 45.64251),BONNEVILLE POWER ADMINISTRATION||PUD NO 1 OF CLARK COUNTY - (WA),53011040709
1C4RJXN66R,King,Renton,WA,98059,2024,JEEP,WRANGLER,Plug-in Hybrid Electric Vehicle (PHEV),Not eligible due to low battery range,21,11.0,274293351,POINT (-122.11589 47.50243),PUGET SOUND ENERGY INC||CITY OF TACOMA - (WA),53033025103
1FMCU0E10S,King,Kent,WA,98032,2025,FORD,ESCAPE,Plug-in Hybrid Electric Vehicle (PHEV),Clean Alternative Fuel Vehicle Eligible,37,33.0,278769788,POINT (-122.23741 47.3807),PUGET SOUND ENERGY INC||CITY OF TACOMA - (WA),53033029203
1N4AZ0CP7F,Clark,Vancouver,WA,98686,2015,NISSAN,LEAF,Battery Electric Vehicle (BEV),Clean Alternative Fuel Vehicle Eligible,84,49.0,136056987,POINT (-122.62731 45.71668),BONNEVILLE POWER ADMINISTRATION||PUD NO 1 OF CLARK COUNTY - (WA),53011040803
5UX43EU02R,King,Seattle,WA,98112,2024,BMW,X5,Plug-in Hybrid Electric Vehicle (PHEV),Clean Alternative Fuel Vehicle Eligible,39,43.0,260970993,POINT (-122.30207 47.64085),CITY OF SEATTLE - (WA)|CITY OF TACOMA - (WA),53033006200
1G1FY6S0XL,Clark,Vancouver,WA,98664,2020,CHEVROLET,BOLT EV,Battery Electric Vehicle (BEV),Clean Alternative Fuel Vehicle Eligible,259,49.0,284971886,POINT (-122.59219 45.62158),BONNEVILLE POWER ADMINISTRATION||PUD NO 1 OF CLARK COUNTY - (WA),53011041208
5YJSA1E22J,King,Kirkland,WA,98033,2018,TESLA,MODEL S,Battery Electric Vehicle (BEV),Clean Alternative Fuel Vehicle Eligible,249,48.0,349179337,POINT (-122.2066 47.67887),PUGET SOUND ENERGY INC||CITY OF TACOMA - (WA),53033022501
5YJ3E1EA7J,King,Seattle,WA,98112,2018,TESLA,MODEL 3,Battery Electric Vehicle (BEV),Clean Alternative Fuel Vehicle Eligible,215,43.0,249440712,POINT (-122.30207 47.64085),CITY OF SEATTLE - (WA)|CITY OF TACOMA - (WA),53033006400
1N4AZ0CP9F,Skagit,Anacortes,WA,98221,2015,NISSAN,LEAF,Battery Electric Vehicle (BEV),Clean Alternative Fuel Vehicle Eligible,84,40.0,131698115,POINT (-122.61216 48.51749),PUGET SOUND ENERGY INC,53057940500
5YJ3E1EB3J,King,Bellevue,WA,98006,2018,TESLA,MODEL 3,Battery Electric Vehicle (BEV),Clean Alternative Fuel Vehicle Eligible,215,41.0,5818088,POINT (-122.12096 47.55584),PUGET SOUND ENERGY INC||CITY OF TACOMA - (WA),53033024902
YV4H60CZ4N,Snohomish,Edmonds,WA,98026,2022,VOLVO,XC90,Plug-in Hybrid Electric Vehicle (PHEV),Clean Alternative Fuel Vehicle Eligible,35,21.0,200559467,POINT (-122.31768 47.87166),PUGET SOUND ENERGY INC,53061050101
1FMCU0E19P,King,Seattle,WA,98109,2023,FORD,ESCAPE,Plug-in Hybrid Electric Vehicle (PHEV),Clean Alternative Fuel Vehicle Eligible,37,36.0,261149829,POINT (-122.35022 47.63824),CITY OF SEATTLE - (WA)|CITY OF TACOMA - (WA),53033006701
1N4AZ1CP4K,Pierce,Gig Harbor,WA,98335,2019,NISSAN,LEAF,Battery Electric Vehicle (BEV),Clean Alternative Fuel Vehicle Eligible,150,26.0,214895348,POINT (-122.58009 47.328),BONNEVILLE POWER ADMINISTRATION||CITY OF TACOMA - (WA)||PENINSULA LIGHT COMPANY,53053072406
1N4AZ0CP2D,King,Redmond,WA,98052,2013,NISSAN,LEAF,Battery Electric Vehicle (BEV),Clean Alternative Fuel Vehicle Eligible,75,48.0,251648211,POINT (-122.13158 47.67858),PUGET SOUND ENERGY INC||CITY OF TACOMA - (WA),53033032324
2C4RC1L75M,King,Sammamish,WA,98029,2021,CHRYSLER,PACIFICA,Plug-in Hybrid Electric Vehicle (PHEV),Clean Alternative Fuel Vehicle Eligible,32,5.0,257774562,POINT (-122.01656 47.57118),PUGET SOUND ENERGY INC||CITY OF TACOMA - (WA),53033032211
1G1FY6S09L,King,Seattle,WA,98126,2020,CHEVROLET,BOLT EV,Battery Electric Vehicle (BEV),Clean Alternative Fuel Vehicle Eligible,259,34.0,257566186,POINT (-122.36893 47.54701),CITY OF SEATTLE - (WA)|CITY OF TACOMA - (WA),53033009600
5YJ3E1EAXH,King,Seattle,WA,98109,2017,TESLA,MODEL 3,Battery Electric Vehicle (BEV),Clean Alternative Fuel Vehicle Eligible,220,36.0,294940782,POINT (-122.35022 47.63824),CITY OF SEATTLE - (WA)|CITY OF TACOMA - (WA),53033007002
1N4BZ0CP6G,San Juan,Friday Harbor,WA,98250,2016,NISSAN,LEAF,Battery Electric Vehicle (BEV),Clean Alternative Fuel Vehicle Eligible,84,40.0,162809685,POINT (-123.01648 48.53448),BONNEVILLE POWER ADMINISTRATION||ORCAS POWER & LIGHT COOP,53055960302
WP1AN2AY0T,King,Bellevue,WA,98004,2026,PORSCHE,CAYENNE,Plug-in Hybrid Electric Vehicle (PHEV),Not eligible due to low battery range,27,41.0,285160116,POINT (-122.1872 47.61001),PUGET SOUND ENERGY INC||CITY OF TACOMA - (WA),53033023902
JTDKN3DP4D,King,Seattle,WA,98103,2013,TOYOTA,PRIUS,Plug-in Hybrid Electric Vehicle (PHEV),Not eligible due to low battery range,6,43.0,190043339,POINT (-122.35436 47.67596),CITY OF SEATTLE - (WA)|CITY OF TACOMA - (WA),53033003601
1G1RA6E40D,Mason,Allyn,WA,98524,2013,CHEVROLET,VOLT,Plug-in Hybrid Electric Vehicle (PHEV),Clean Alternative Fuel Vehicle Eligible,38,35.0,213425369,POINT (-122.82984 47.38173),BONNEVILLE POWER ADMINISTRATION||CITY OF TACOMA - (WA)||PUD NO 3 OF MASON COUNTY,53045960401
JTDACACU3P,Lewis,Chehalis,WA,98532,2023,TOYOTA,PRIUS PRIME (PHEV),Plug-in Hybrid Electric Vehicle (PHEV),Clean Alternative Fuel Vehicle Eligible,39,20.0,249833615,POINT (-122.96462 46.6621),BONNEVILLE POWER ADMINISTRATION||CITY OF TACOMA - (WA)||PUD NO 1 OF LEWIS COUNTY,53041970100
JTJHKCFZ3R,King,Kirkland,WA,98033,2024,LEXUS,NX,Plug-in Hybrid Electric Vehicle (PHEV),Clean Alternative Fuel Vehicle Eligible,37,45.0,268518771,POINT (-122.2066 47.67887),PUGET SOUND ENERGY INC||CITY OF TACOMA - (WA),53033022402
JTDKARFP9L,Spokane,Spokane Valley,WA,99212,2020,TOYOTA,PRIUS PRIME (PHEV),Plug-in Hybrid Electric Vehicle (PHEV),Not eligible due to low battery range,25,4.0,332517552,POINT (-117.31205 47.66648),BONNEVILLE POWER ADMINISTRATION||INLAND POWER & LIGHT COMPANY,53063012300
1C4RJXR61R,King,Redmond,WA,98053,2024,JEEP,WRANGLER,Plug-in Hybrid Electric Vehicle (PHEV),Not eligible due to low battery range,21,45.0,273471040,POINT (-122.03287 47.68555),PUGET SOUND ENERGY INC||CITY OF TACOMA - (WA),53033032327
ZACPDFCW0R,King,Tukwila,WA,98188,2024,DODGE,HORNET,Plug-in Hybrid Electric Vehicle (PHEV),Clean Alternative Fuel Vehicle Eligible,32,11.0,261641628,POINT (-122.27979 47.44952),PUGET SOUND ENERGY INC||CITY OF TACOMA - (WA),53033028200
KNDJX3AE5G,San Juan,Eastsound,WA,98245,2016,KIA,SOUL,Battery Electric Vehicle (BEV),Clean Alternative Fuel Vehicle Eligible,93,40.0,349657647,POINT (-122.91109 48.69389),BONNEVILLE POWER ADMINISTRATION||ORCAS POWER & LIGHT COOP,53055960101
5YJ3E1EB9L,King,Sammamish,WA,98075,2020,TESLA,MODEL 3,Battery Electric Vehicle (BEV),Clean Alternative Fuel Vehicle Eligible,322,41.0,104978079,POINT (-122.03539 47.61344),PUGET SOUND ENERGY INC||CITY OF TACOMA - (WA),53033032213
1C4RJYB60R,Lewis,Centralia,WA,98531,2024,JEEP,GRAND CHEROKEE,Plug-in Hybrid Electric Vehicle (PHEV),Not eligible due to low battery range,25,20.0,259658052,POINT (-122.95266 46.72895),BONNEVILLE POWER ADMINISTRATION||CITY OF CENTRALIA - (WA)|CITY OF TACOMA - (WA),53041970700
5YJSA1E29K,King,Redmond,WA,98053,2019,TESLA,MODEL S,Battery Electric Vehicle (BEV),Clean Alternative Fuel Vehicle Eligible,270,45.0,133854780,POINT (-122.03287 47.68555),PUGET SOUND ENERGY INC||CITY OF TACOMA - (WA),53033032332
ZACPDFCW9R,King,Tukwila,WA,98188,2024,DODGE,HORNET,Plug-in Hybrid Electric Vehicle (PHEV),Clean Alternative Fuel Vehicle Eligible,32,11.0,261481496,POINT (-122.27979 47.44952),PUGET SOUND ENERGY INC||CITY OF TACOMA - (WA),53033028200
5YJXCBE43L,Kitsap,Silverdale,WA,98383,2020,TESLA,MODEL X,Battery Electric Vehicle (BEV),Clean Alternative Fuel Vehicle Eligible,293,23.0,122860748,POINT (-122.69275 47.65171),PUGET SOUND ENERGY INC,53035091206
5YJXCAE22J,King,Auburn,WA,98002,2018,TESLA,MODEL X,Battery Electric Vehicle (BEV),Clean Alternative Fuel Vehicle Eligible,238,47.0,2786332,POINT (-122.2229 47.307),PUGET SOUND ENERGY INC||CITY OF TACOMA - (WA),53033030504
5YJSA1DP7D,Snohomish,Lynnwood,WA,98087,2013,TESLA,MODEL S,Battery Electric Vehicle (BEV),Clean Alternative Fuel Vehicle Eligible,208,21.0,109992088,POINT (-122.27981 47.85727),PUGET SOUND ENERGY INC,53061051804
5YJ3E1EA2L,King,Maple Valley,WA,98038,2020,TESLA,MODEL 3,Battery Electric Vehicle (BEV),Clean Alternative Fuel Vehicle Eligible,266,5.0,254095719,POINT (-122.04526 47.39394),PUGET SOUND ENERGY INC||CITY OF TACOMA - (WA),53033031604
JTDKN3DP5C,King,Seattle,WA,98102,2012,TOYOTA,PRIUS,Plug-in Hybrid Electric Vehicle (PHEV),Not eligible due to low battery range,6,43.0,279154508,POINT (-122.32427 47.63433),CITY OF SEATTLE - (WA)|CITY OF TACOMA - (WA),53033007406
5YJ3E1EB6L,King,Bothell,WA,98011,2020,TESLA,MODEL 3,Battery Electric Vehicle (BEV),Clean Alternative Fuel Vehicle Eligible,322,1.0,102484021,POINT (-122.20563 47.76144),PUGET SOUND ENERGY INC||CITY OF TACOMA - (WA),53033021804
JTJCJMGAXT,King,Sammamish,WA,98075,2026,LEXUS,RX,Plug-in Hybrid Electric Vehicle (PHEV),Clean Alternative Fuel Vehicle Eligible,38,41.0,287273997,POINT (-122.03539 47.61344),PUGET SOUND ENERGY INC||CITY OF TACOMA - (WA),53033032207
1N4AZ1CP9K,King,Seattle,WA,98125,2019,NISSAN,LEAF,Battery Electric Vehicle (BEV),Clean Alternative Fuel Vehicle Eligible,150,46.0,190034687,POINT (-122.30253 47.72656),CITY OF SEATTLE - (WA)|CITY OF TACOMA - (WA),53033001100
2C4RC1N78K,King,Seattle,WA,98144,2019,CHRYSLER,PACIFICA,Plug-in Hybrid Electric Vehicle (PHEV),Clean Alternative Fuel Vehicle Eligible,32,37.0,475263659,POINT (-122.30866 47.57874),CITY OF SEATTLE - (WA)|CITY OF TACOMA - (WA),53033010002
1G1RC6S53J,Snohomish,Bothell,WA,98012,2018,CHEVROLET,VOLT,Plug-in Hybrid Electric Vehicle (PHEV),Clean Alternative Fuel Vehicle Eligible,53,21.0,317384798,POINT (-122.20105 47.84423),PUGET SOUND ENERGY INC,53061051921
5YJ3E1EB3K,Pierce,Tacoma,WA,98407,2019,TESLA,MODEL 3,Battery Electric Vehicle (BEV),Clean Alternative Fuel Vehicle Eligible,220,27.0,203479111,POINT (-122.54304 47.31803),BONNEVILLE POWER ADMINISTRATION||CITY OF TACOMA - (WA)||PENINSULA LIGHT COMPANY,53053060400
YV4H60CEXR,Clark,Vancouver,WA,98685,2024,VOLVO,XC90,Plug-in Hybrid Electric Vehicle (PHEV),Clean Alternative Fuel Vehicle Eligible,32,18.0,261215727,POINT (-122.70303 45.70954),BONNEVILLE POWER ADMINISTRATION||PUD NO 1 OF CLARK COUNTY - (WA),53011040907
5YJ3E1EB5L,Snohomish,Bothell,WA,98012,2020,TESLA,MODEL 3,Battery Electric Vehicle (BEV),Clean Alternative Fuel Vehicle Eligible,322,1.0,1854562,POINT (-122.20105 47.84423),PUGET SOUND ENERGY INC,53061051934
JM3KJEHA3S,King,Redmond,WA,98052,2025,MAZDA,CX-70,Plug-in Hybrid Electric Vehicle (PHEV),Not eligible due to low battery range,26,48.0,269814758,POINT (-122.13158 47.67858),PUGET SOUND ENERGY INC||CITY OF TACOMA - (WA),53033032313
KNDCD3LD7L,Thurston,Olympia,WA,98512,2020,KIA,NIRO,Plug-in Hybrid Electric Vehicle (PHEV),Not eligible due to low battery range,26,35.0,166789304,POINT (-123.04078 46.94792),PUGET SOUND ENERGY INC,53067011822
5YJ3E1EA4L,Thurston,Olympia,WA,98513,2020,TESLA,MODEL 3,Battery Electric Vehicle (BEV),Clean Alternative Fuel Vehicle Eligible,266,2.0,3656299,POINT (-122.80933 46.99531),PUGET SOUND ENERGY INC,53067012420
1G1FZ6S06L,King,Federal Way,WA,98003,2020,CHEVROLET,BOLT EV,Battery Electric Vehicle (BEV),Clean Alternative Fuel Vehicle Eligible,259,30.0,161418757,POINT (-122.3303 47.30151),PUGET SOUND ENERGY INC||CITY OF TACOMA - (WA),53033030007
5YJXCBE45L,Clark,Woodland,WA,98674,2020,TESLA,MODEL X,Battery Electric Vehicle (BEV),Clean Alternative Fuel Vehicle Eligible,293,20.0,276425782,POINT (-122.74017 45.9094),BONNEVILLE POWER ADMINISTRATION||PUD NO 1 OF CLARK COUNTY - (WA),53011040201
1G1FY6S01K,Clark,Ridgefield,WA,98642,2019,CHEVROLET,BOLT EV,Battery Electric Vehicle (BEV),Clean Alternative Fuel Vehicle Eligible,238,17.0,166130807,POINT (-122.74595 45.81539),BONNEVILLE POWER ADMINISTRATION||PUD NO 1 OF CLARK COUNTY - (WA),53011040412
5UX43EU07R,King,Bellevue,WA,98006,2024,BMW,X5,Plug-in Hybrid Electric Vehicle (PHEV),Clean Alternative Fuel Vehicle Eligible,39,41.0,262314377,POINT (-122.12096 47.55584),PUGET SOUND ENERGY INC||CITY OF TACOMA - (WA),53033025008
1G1FX6S02J,King,Redmond,WA,98052,2018,CHEVROLET,BOLT EV,Battery Electric Vehicle (BEV),Clean Alternative Fuel Vehicle Eligible,238,48.0,240511722,POINT (-122.13158 47.67858),PUGET SOUND ENERGY INC||CITY OF TACOMA - (WA),53033032325
JTJCJMGA2R,King,Kirkland,WA,98034,2024,LEXUS,RX,Plug-in Hybrid Electric Vehicle (PHEV),Clean Alternative Fuel Vehicle Eligible,37,45.0,261307420,POINT (-122.22901 47.72201),PUGET SOUND ENERGY INC||CITY OF TACOMA - (WA),53033022006
2C4RC1N72J,King,Bellevue,WA,98006,2018,CHRYSLER,PACIFICA,Plug-in Hybrid Electric Vehicle (PHEV),Clean Alternative Fuel Vehicle Eligible,33,41.0,117256205,POINT (-122.12096 47.55584),PUGET SOUND ENERGY INC||CITY OF TACOMA - (WA),53033024704
5YJ3E1EB2J,Snohomish,Snohomish,WA,98290,2018,TESLA,MODEL 3,Battery Electric Vehicle (BEV),Clean Alternative Fuel Vehicle Eligible,215,44.0,124586164,POINT (-122.09305 47.91265),PUGET SOUND ENERGY INC,53061052301
3FA6P0SU5E,Snohomish,Everett,WA,98204,2014,FORD,FUSION,Plug-in Hybrid Electric Vehicle (PHEV),Not eligible due to low battery range,19,21.0,101310695,POINT (-122.27557 47.88936),PUGET SOUND ENERGY INC,53061041905
SADHC2S17L,Pierce,Tacoma,WA,98444,2020,JAGUAR,I-PACE,Battery Electric Vehicle (BEV),Clean Alternative Fuel Vehicle Eligible,234,29.0,100770295,POINT (-122.43827 47.154),BONNEVILLE POWER ADMINISTRATION||CITY OF TACOMA - (WA)||ELMHURST MUTUAL POWER & LIGHT CO|PENINSULA LIGHT COMPANY,53053071503
WBY7Z2C5XJ,Mason,Shelton,WA,98584,2018,BMW,I3,Battery Electric Vehicle (BEV),Clean Alternative Fuel Vehicle Eligible,114,35.0,196838421,POINT (-123.10616 47.21253),BONNEVILLE POWER ADMINISTRATION||CITY OF TACOMA - (WA)||PUD NO 3 OF MASON COUNTY,53045960900
JTDKARFP2H,Clallam,Sequim,WA,98382,2017,TOYOTA,PRIUS PRIME (PHEV),Plug-in Hybrid Electric Vehicle (PHEV),Not eligible due to low battery range,25,24.0,348302034,POINT (-123.10367 48.07965),BONNEVILLE POWER ADMINISTRATION||PUD NO 1 OF CLALLAM COUNTY,53009002301
1N4BZ0CP3H,King,Seattle,WA,98146,2017,NISSAN,LEAF,Battery Electric Vehicle (BEV),Clean Alternative Fuel Vehicle Eligible,107,34.0,349849881,POINT (-122.36322 47.49736),CITY OF SEATTLE - (WA)|CITY OF TACOMA - (WA),53033012000
1C4RJYB69R,Pierce,Gig Harbor,WA,98332,2024,JEEP,GRAND CHEROKEE,Plug-in Hybrid Electric Vehicle (PHEV),Not eligible due to low battery range,25,26.0,272720717,POINT (-122.58964 47.34235),BONNEVILLE POWER ADMINISTRATION||CITY OF TACOMA - (WA)||PENINSULA LIGHT COMPANY,53053072507
5YJ3E1EB5J,King,Redmond,WA,98052,2018,TESLA,MODEL 3,Battery Electric Vehicle (BEV),Clean Alternative Fuel Vehicle Eligible,215,48.0,475684856,POINT (-122.13158 47.67858),PUGET SOUND ENERGY INC||CITY OF TACOMA - (WA),53033032313
WBY1Z8C35H,King,Seattle,WA,98178,2017,BMW,I3,Plug-in Hybrid Electric Vehicle (PHEV),Clean Alternative Fuel Vehicle Eligible,97,37.0,174035550,POINT (-122.25031 47.49481),CITY OF SEATTLE - (WA)|CITY OF TACOMA - (WA),53033011902
2C4RC1S70R,Lewis,Centralia,WA,98531,2024,CHRYSLER,PACIFICA,Plug-in Hybrid Electric Vehicle (PHEV),Clean Alternative Fuel Vehicle Eligible,32,20.0,264670857,POINT (-122.95266 46.72895),BONNEVILLE POWER ADMINISTRATION||CITY OF CENTRALIA - (WA)|CITY OF TACOMA - (WA),53041970700
YV4H60DW6P,Snohomish,Snohomish,WA,98290,2023,VOLVO,XC60,Plug-in Hybrid Electric Vehicle (PHEV),Clean Alternative Fuel Vehicle Eligible,35,44.0,286590335,POINT (-122.09305 47.91265),PUGET SOUND ENERGY INC,53061052302
ZACPDFCW8R,King,Tukwila,WA,98188,2024,DODGE,HORNET,Plug-in Hybrid Electric Vehicle (PHEV),Clean Alternative Fuel Vehicle Eligible,32,11.0,262711935,POINT (-122.27979 47.44952),PUGET SOUND ENERGY INC||CITY OF TACOMA - (WA),53033028200
5YJ3E1EA9J,Island,Clinton,WA,98236,2018,TESLA,MODEL 3,Battery Electric Vehicle (BEV),Clean Alternative Fuel Vehicle Eligible,215,10.0,203050396,POINT (-122.35803 47.9796),PUGET SOUND ENERGY INC,53029972000
JTMAB3FV1R,Stevens,Colville,WA,99114,2024,TOYOTA,RAV4 PRIME (PHEV),Plug-in Hybrid Electric Vehicle (PHEV),Clean Alternative Fuel Vehicle Eligible,42,7.0,262975030,POINT (-117.90454 48.54657),AVISTA CORP,53065950200
JTDKARFP3H,Clark,Battle Ground,WA,98604,2017,TOYOTA,PRIUS PRIME (PHEV),Plug-in Hybrid Electric Vehicle (PHEV),Not eligible due to low battery range,25,18.0,141177991,POINT (-122.5331 45.78092),BONNEVILLE POWER ADMINISTRATION||PUD NO 1 OF CLARK COUNTY - (WA),53011040203
JTDKAMFP6M,King,Seattle,WA,98125,2021,TOYOTA,PRIUS PRIME (PHEV),Plug-in Hybrid Electric Vehicle (PHEV),Not eligible due to low battery range,25,46.0,280621127,POINT (-122.30253 47.72656),CITY OF SEATTLE - (WA)|CITY OF TACOMA - (WA),53033000900
WBY1Z4C52F,Clark,Vancouver,WA,98685,2015,BMW,I3,Plug-in Hybrid Electric Vehicle (PHEV),Clean Alternative Fuel Vehicle Eligible,72,18.0,326636369,POINT (-122.70303 45.70954),BONNEVILLE POWER ADMINISTRATION||PUD NO 1 OF CLARK COUNTY - (WA),53011040907
1N4AZ1CP5K,King,Bellevue,WA,98007,2019,NISSAN,LEAF,Battery Electric Vehicle (BEV),Clean Alternative Fuel Vehicle Eligible,150,48.0,8786550,POINT (-122.12056 47.61334),PUGET SOUND ENERGY INC||CITY OF TACOMA - (WA),53033023201
5YJ3E1EB0K,Pierce,Tacoma,WA,98422,2019,TESLA,MODEL 3,Battery Electric Vehicle (BEV),Clean Alternative Fuel Vehicle Eligible,220,27.0,476409783,POINT (-122.37683 47.28642),BONNEVILLE POWER ADMINISTRATION||CITY OF TACOMA - (WA)||PENINSULA LIGHT COMPANY,53053940005
3MW39FS08P,Clark,Vancouver,WA,98664,2023,BMW,330E,Plug-in Hybrid Electric Vehicle (PHEV),Not eligible due to low battery range,20,49.0,237922667,POINT (-122.59219 45.62158),BONNEVILLE POWER ADMINISTRATION||PUD NO 1 OF CLARK COUNTY - (WA),53011041208
1G1FX6S07H,King,Seattle,WA,98117,2017,CHEVROLET,BOLT EV,Battery Electric Vehicle (BEV),Clean Alternative Fuel Vehicle Eligible,238,36.0,125832836,POINT (-122.38418 47.70044),CITY OF SEATTLE - (WA)|CITY OF TACOMA - (WA),53033001500
KM8K23AG6L,King,Seattle,WA,98122,2020,HYUNDAI,KONA,Battery Electric Vehicle (BEV),Clean Alternative Fuel Vehicle Eligible,258,37.0,144798433,POINT (-122.31009 47.60803),CITY OF SEATTLE - (WA)|CITY OF TACOMA - (WA),53033008800
2C4RC1L72P,King,Seattle,WA,98125,2023,CHRYSLER,PACIFICA,Plug-in Hybrid Electric Vehicle (PHEV),Clean Alternative Fuel Vehicle Eligible,32,46.0,256302819,POINT (-122.30253 47.72656),CITY OF SEATTLE - (WA)|CITY OF TACOMA - (WA),53033001000
5YJXCBE23G,Island,Freeland,WA,98249,2016,TESLA,MODEL X,Battery Electric Vehicle (BEV),Clean Alternative Fuel Vehicle Eligible,200,10.0,5827664,POINT (-122.52664 48.00956),PUGET SOUND ENERGY INC,53029971301
5YJYGDEFXL,Snohomish,Mukilteo,WA,98275,2020,TESLA,MODEL Y,Battery Electric Vehicle (BEV),Clean Alternative Fuel Vehicle Eligible,291,21.0,281033189,POINT (-122.29196 47.89908),PUGET SOUND ENERGY INC,53061041301
1C4JJXN68P,King,Tukwila,WA,98188,2023,JEEP,WRANGLER,Plug-in Hybrid Electric Vehicle (PHEV),Not eligible due to low battery range,21,11.0,236487506,POINT (-122.27979 47.44952),PUGET SOUND ENERGY INC||CITY OF TACOMA - (WA),53033028200
3C3CFFGE8F,King,Seattle,WA,98122,2015,FIAT,500,Battery Electric Vehicle (BEV),Clean Alternative Fuel Vehicle Eligible,87,37.0,175470158,POINT (-122.31009 47.60803),CITY OF SEATTLE - (WA)|CITY OF TACOMA - (WA),53033007700
JM3KKDHA4R,Pierce,Eatonville,WA,98328,2024,MAZDA,CX-90,Plug-in Hybrid Electric Vehicle (PHEV),Not eligible due to low battery range,26,2.0,286664647,POINT (-122.26832 46.86733),BONNEVILLE POWER ADMINISTRATION||TOWN OF EATONVILLE - (WA)|CITY OF TACOMA - (WA),53053073200
JTDKN3DP5C,Spokane,Spokane,WA,99218,2012,TOYOTA,PRIUS,Plug-in Hybrid Electric Vehicle (PHEV),Not eligible due to low battery range,6,6.0,261694912,POINT (-117.41144 47.74549),BONNEVILLE POWER ADMINISTRATION||AVISTA CORP||INLAND POWER & LIGHT COMPANY,53063011203
WP0AE2A70J,Clark,Brush Prairie,WA,98606,2018,PORSCHE,PANAMERA,Plug-in Hybrid Electric Vehicle (PHEV),Not eligible due to low battery range,16,18.0,476340952,POINT (-122.54578 45.73473),BONNEVILLE POWER ADMINISTRATION||PUD NO 1 OF CLARK COUNTY - (WA),53011040603
JTDKN3DP5C,Kitsap,Poulsbo,WA,98370,2012,TOYOTA,PRIUS,Plug-in Hybrid Electric Vehicle (PHEV),Not eligible due to low battery range,6,23.0,145752246,POINT (-122.64681 47.73689),PUGET SOUND ENERGY INC,53035940100
5YJ3E1EA6J,King,Newcastle,WA,98056,2018,TESLA,MODEL 3,Battery Electric Vehicle (BEV),Clean Alternative Fuel Vehicle Eligible,215,41.0,301611649,POINT (-122.18839 47.51197),PUGET SOUND ENERGY INC||CITY OF TACOMA - (WA),53033024703
ZACPDFCW7R,King,Tukwila,WA,98188,2024,DODGE,HORNET,Plug-in Hybrid Electric Vehicle (PHEV),Clean Alternative Fuel Vehicle Eligible,32,11.0,269536599,POINT (-122.27979 47.44952),PUGET SOUND ENERGY INC||CITY OF TACOMA - (WA),53033028200
1N4AZ1CP9J,Clark,Vancouver,WA,98682,2018,NISSAN,LEAF,Battery Electric Vehicle (BEV),Clean Alternative Fuel Vehicle Eligible,151,17.0,195677905,POINT (-122.55149 45.69345),BONNEVILLE POWER ADMINISTRATION||PUD NO 1 OF CLARK COUNTY - (WA),53011040604
1G1FX6S05H,Island,Camano Island,WA,98282,2017,CHEVROLET,BOLT EV,Battery Electric Vehicle (BEV),Clean Alternative Fuel Vehicle Eligible,238,10.0,348774058,POINT (-122.40049 48.23986),BONNEVILLE POWER ADMINISTRATION||PUD 1 OF SNOHOMISH COUNTY,53029971700
1N4AZ0CP9F,King,Seattle,WA,98125,2015,NISSAN,LEAF,Battery Electric Vehicle (BEV),Clean Alternative Fuel Vehicle Eligible,84,46.0,289313363,POINT (-122.30253 47.72656),CITY OF SEATTLE - (WA)|CITY OF TACOMA - (WA),53033001000
5TDACAC66R,King,Bellevue,WA,98006,2024,LEXUS,TX,Plug-in Hybrid Electric Vehicle (PHEV),Clean Alternative Fuel Vehicle Eligible,33,41.0,263135764,POINT (-122.12096 47.55584),PUGET SOUND ENERGY INC||CITY OF TACOMA - (WA),53033023902
WAUUPBFF6G,Kitsap,Silverdale,WA,98383,2016,AUDI,A3,Plug-in Hybrid Electric Vehicle (PHEV),Not eligible due to low battery range,16,35.0,232184557,POINT (-122.69275 47.65171),PUGET SOUND ENERGY INC,53035091302
5YJ3E1EB0L,King,Renton,WA,98058,2020,TESLA,MODEL 3,Battery Electric Vehicle (BEV),Clean Alternative Fuel Vehicle Eligible,322,11.0,260923379,POINT (-122.08747 47.4466),PUGET SOUND ENERGY INC||CITY OF TACOMA - (WA),53033025803
WBY1Z4C57F,King,Seattle,WA,98125,2015,BMW,I3,Plug-in Hybrid Electric Vehicle (PHEV),Clean Alternative Fuel Vehicle Eligible,72,46.0,227510867,POINT (-122.30253 47.72656),CITY OF SEATTLE - (WA)|CITY OF TACOMA - (WA),53033001100
ZACPDFCW1R,King,Tukwila,WA,98188,2024,DODGE,HORNET,Plug-in Hybrid Electric Vehicle (PHEV),Clean Alternative Fuel Vehicle Eligible,32,11.0,262699496,POINT (-122.27979 47.44952),PUGET SOUND ENERGY INC||CITY OF TACOMA - (WA),53033028200
1N4BZ1CP5K,King,Maple Valley,WA,98038,2019,NISSAN,LEAF,Battery Electric Vehicle (BEV),Clean Alternative Fuel Vehicle Eligible,150,5.0,2000498,POINT (-122.04526 47.39394),PUGET SOUND ENERGY INC||CITY OF TACOMA - (WA),53033032003
KM8JBDD21R,King,Burien,WA,98168,2024,HYUNDAI,TUCSON,Plug-in Hybrid Electric Vehicle (PHEV),Clean Alternative Fuel Vehicle Eligible,33,33.0,264347961,POINT (-122.29411 47.48924),CITY OF SEATTLE - (WA)|CITY OF TACOMA - (WA),53033027400
1G1RC6S51G,King,Seattle,WA,98177,2016,CHEVROLET,VOLT,Plug-in Hybrid Electric Vehicle (PHEV),Clean Alternative Fuel Vehicle Eligible,53,36.0,101738759,POINT (-122.37238 47.74068),CITY OF SEATTLE - (WA)|CITY OF TACOMA - (WA),53033001600
1G1RB6S56J,King,Bellevue,WA,98004,2018,CHEVROLET,VOLT,Plug-in Hybrid Electric Vehicle (PHEV),Clean Alternative Fuel Vehicle Eligible,53,41.0,474454438,POINT (-122.1872 47.61001),PUGET SOUND ENERGY INC||CITY OF TACOMA - (WA),53033023807
5YJXCBE23G,King,Kirkland,WA,98034,2016,TESLA,MODEL X,Battery Electric Vehicle (BEV),Clean Alternative Fuel Vehicle Eligible,200,45.0,101500332,POINT (-122.22901 47.72201),PUGET SOUND ENERGY INC||CITY OF TACOMA - (WA),53033022006
1G1FX6S08J,King,Kent,WA,98030,2018,CHEVROLET,BOLT EV,Battery Electric Vehicle (BEV),Clean Alternative Fuel Vehicle Eligible,238,47.0,474652076,POINT (-122.19975 47.37483),PUGET SOUND ENERGY INC||CITY OF TACOMA - (WA),53033029603
1FADP5CU1D,King,Seattle,WA,98133,2013,FORD,C-MAX,Plug-in Hybrid Electric Vehicle (PHEV),Not eligible due to low battery range,19,32.0,208315565,POINT (-122.33364 47.73709),CITY OF SEATTLE - (WA)|CITY OF TACOMA - (WA),53033000402
WMZ23BS0XN,King,Seattle,WA,98122,2022,MINI,COUNTRYMAN,Plug-in Hybrid Electric Vehicle (PHEV),Not eligible due to low battery range,17,37.0,276968576,POINT (-122.31009 47.60803),CITY OF SEATTLE - (WA)|CITY OF TACOMA - (WA),53033007800
5YJ3E1EA3K,Thurston,Olympia,WA,98502,2019,TESLA,MODEL 3,Battery Electric Vehicle (BEV),Clean Alternative Fuel Vehicle Eligible,220,35.0,298828463,POINT (-122.92333 47.03779),PUGET SOUND ENERGY INC,53067011902
5UX43EU01R,Pierce,Bonney Lake,WA,98391,2024,BMW,X5,Plug-in Hybrid Electric Vehicle (PHEV),Clean Alternative Fuel Vehicle Eligible,39,31.0,281047861,POINT (-122.17144 47.19175),PUGET SOUND ENERGY INC||CITY OF TACOMA - (WA),53053070208
1G1RD6E40E,Snohomish,Marysville,WA,98271,2014,CHEVROLET,VOLT,Plug-in Hybrid Electric Vehicle (PHEV),Clean Alternative Fuel Vehicle Eligible,38,38.0,191268108,POINT (-122.17138 48.10433),PUGET SOUND ENERGY INC,53061052807
YV4H60DP9P,King,Seattle,WA,98107,2023,VOLVO,XC60,Plug-in Hybrid Electric Vehicle (PHEV),Clean Alternative Fuel Vehicle Eligible,35,36.0,236538578,POINT (-122.38591 47.67597),CITY OF SEATTLE - (WA)|CITY OF TACOMA - (WA),53033003302
WVWKR7AU1K,King,Kirkland,WA,98033,2019,VOLKSWAGEN,E-GOLF,Battery Electric Vehicle (BEV),Clean Alternative Fuel Vehicle Eligible,125,45.0,221438612,POINT (-122.2066 47.67887),PUGET SOUND ENERGY INC||CITY OF TACOMA - (WA),53033022401
ZACPDFCWXR,King,Tukwila,WA,98188,2024,DODGE,HORNET,Plug-in Hybrid Electric Vehicle (PHEV),Clean Alternative Fuel Vehicle Eligible,32,11.0,260128403,POINT (-122.27979 47.44952),PUGET SOUND ENERGY INC||CITY OF TACOMA - (WA),53033028200
5YJ3E1EB6J,King,Bellevue,WA,98006,2018,TESLA,MODEL 3,Battery Electric Vehicle (BEV),Clean Alternative Fuel Vehicle Eligible,215,41.0,476175388,POINT (-122.12096 47.55584),PUGET SOUND ENERGY INC||CITY OF TACOMA - (WA),53033024902
WA1LAAGE0K,King,Auburn,WA,98002,2019,AUDI,E-TRON,Battery Electric Vehicle (BEV),Clean Alternative Fuel Vehicle Eligible,204,47.0,280532059,POINT (-122.2229 47.307),PUGET SOUND ENERGY INC||CITY OF TACOMA - (WA),53033030504
5YJ3E1EB0L,Pierce,Gig Harbor,WA,98335,2020,TESLA,MODEL 3,Battery Electric Vehicle (BEV),Clean Alternative Fuel Vehicle Eligible,322,26.0,112955489,POINT (-122.58009 47.328),BONNEVILLE POWER ADMINISTRATION||CITY OF TACOMA - (WA)||PENINSULA LIGHT COMPANY,53053072408
1C4JJXR62P,Kitsap,Port Orchard,WA,98367,2023,JEEP,WRANGLER,Plug-in Hybrid Electric Vehicle (PHEV),Not eligible due to low battery range,21,26.0,245465118,POINT (-122.68471 47.50524),PUGET SOUND ENERGY INC,53035092902
WBAJB1C54J,King,Kent,WA,98030,2018,BMW,530E,Plug-in Hybrid Electric Vehicle (PHEV),Not eligible due to low battery range,14,47.0,166802800,POINT (-122.19975 47.37483),PUGET SOUND ENERGY INC||CITY OF TACOMA - (WA),53033029604
JTDKARFP4H,King,Tukwila,WA,98168,2017,TOYOTA,PRIUS PRIME (PHEV),Plug-in Hybrid Electric Vehicle (PHEV),Not eligible due to low battery range,25,11.0,106576501,POINT (-122.29411 47.48924),CITY OF SEATTLE - (WA)|CITY OF TACOMA - (WA),53033027200
WVWKR7AU3K,King,Woodinville,WA,98072,2019,VOLKSWAGEN,E-GOLF,Battery Electric Vehicle (BEV),Clean Alternative Fuel Vehicle Eligible,125,45.0,144881586,POINT (-122.15545 47.75448),PUGET SOUND ENERGY INC||CITY OF TACOMA - (WA),53033032320
5YJSA1E2XH,Pierce,Gig Harbor,WA,98335,2017,TESLA,MODEL S,Battery Electric Vehicle (BEV),Clean Alternative Fuel Vehicle Eligible,210,26.0,478178431,POINT (-122.58009 47.328),BONNEVILLE POWER ADMINISTRATION||CITY OF TACOMA - (WA)||PENINSULA LIGHT COMPANY,53053072409
WA1E2AFY5R,Clark,Vancouver,WA,98662,2024,AUDI,Q5 E,Plug-in Hybrid Electric Vehicle (PHEV),Not eligible due to low battery range,23,17.0,265533642,POINT (-122.57722 45.64251),BONNEVILLE POWER ADMINISTRATION||PUD NO 1 OF CLARK COUNTY - (WA),53011040709
1N4AZ0CP1F,Pierce,Sumner,WA,98390,2015,NISSAN,LEAF,Battery Electric Vehicle (BEV),Clean Alternative Fuel Vehicle Eligible,84,31.0,143872298,POINT (-122.23972 47.2022),PUGET SOUND ENERGY INC||CITY OF TACOMA - (WA),53053073301
WBA8E1C5XJ,Snohomish,Lake Stevens,WA,98258,2018,BMW,330E,Plug-in Hybrid Electric Vehicle (PHEV),Not eligible due to low battery range,14,44.0,477183570,POINT (-122.06402 48.01497),PUGET SOUND ENERGY INC,53061052604
1C4RJXR69R,Spokane,Colbert,WA,99005,2024,JEEP,WRANGLER,Plug-in Hybrid Electric Vehicle (PHEV),Not eligible due to low battery range,21,7.0,269846384,POINT (-117.35414 47.83743),BONNEVILLE POWER ADMINISTRATION||INLAND POWER & LIGHT COMPANY,53063010305
JTDACACU9R,Thurston,Olympia,WA,98513,2024,TOYOTA,PRIUS PRIME (PHEV),Plug-in Hybrid Electric Vehicle (PHEV),Clean Alternative Fuel Vehicle Eligible,39,2.0,282356602,POINT (-122.80933 46.99531),PUGET SOUND ENERGY INC,53067012332
WBY7Z2C55J,Kitsap,Poulsbo,WA,98370,2018,BMW,I3,Battery Electric Vehicle (BEV),Clean Alternative Fuel Vehicle Eligible,114,23.0,210232879,POINT (-122.64681 47.73689),PUGET SOUND ENERGY INC,53035940100
1C4RJXN60R,Snohomish,Marysville,WA,98271,2024,JEEP,WRANGLER,Plug-in Hybrid Electric Vehicle (PHEV),Not eligible due to low battery range,21,38.0,264665257,POINT (-122.17138 48.10433),NO KNOWN ELECTRIC UTILITY SERVICE,53061940002
WA1F2AFY2R,Snohomish,Bothell,WA,98021,2024,AUDI,Q5 E,Plug-in Hybrid Electric Vehicle (PHEV),Not eligible due to low battery range,23,1.0,276998613,POINT (-122.18384 47.8031),PUGET SOUND ENERGY INC,53061051937
1N4BZ1CP2K,King,Kirkland,WA,98033,2019,NISSAN,LEAF,Battery Electric Vehicle (BEV),Clean Alternative Fuel Vehicle Eligible,150,48.0,243787925,POINT (-122.2066 47.67887),PUGET SOUND ENERGY INC||CITY OF TACOMA - (WA),53033022604
1G1RD6E49D,Snohomish,Edmonds,WA,98026,2013,CHEVROLET,VOLT,Plug-in Hybrid Electric Vehicle (PHEV),Clean Alternative Fuel Vehicle Eligible,38,21.0,111752140,POINT (-122.31768 47.87166),PUGET SOUND ENERGY INC,53061050404
1G1FZ6S02L,Jefferson,Port Ludlow,WA,98365,2020,CHEVROLET,BOLT EV,Battery Electric Vehicle (BEV),Clean Alternative Fuel Vehicle Eligible,259,24.0,116724835,POINT (-122.68475 47.92989),BONNEVILLE POWER ADMINISTRATION||PUGET SOUND ENERGY INC||PUD NO 1 OF JEFFERSON COUNTY,53031950301
YV4H60RM2T,Clark,Vancouver,WA,98685,2026,VOLVO,XC60,Plug-in Hybrid Electric Vehicle (PHEV),Clean Alternative Fuel Vehicle Eligible,35,18.0,289495650,POINT (-122.70303 45.70954),BONNEVILLE POWER ADMINISTRATION||PUD NO 1 OF CLARK COUNTY - (WA),53011040908
WBY1Z4C50F,King,Seattle,WA,98133,2015,BMW,I3,Plug-in Hybrid Electric Vehicle (PHEV),Clean Alternative Fuel Vehicle Eligible,72,32.0,280352292,POINT (-122.33364 47.73709),CITY OF SEATTLE - (WA)|CITY OF TACOMA - (WA),53033000404
1C4JJXP61M,Mason,Lilliwaup,WA,98555,2021,JEEP,WRANGLER,Plug-in Hybrid Electric Vehicle (PHEV),Not eligible due to low battery range,25,35.0,266699037,POINT (-123.0921 47.47203),BONNEVILLE POWER ADMINISTRATION||CITY OF TACOMA - (WA)||PUD NO 1 OF MASON COUNTY,53045960201
5YJ3E1EA4J,King,Bellevue,WA,98004,2018,TESLA,MODEL 3,Battery Electric Vehicle (BEV),Clean Alternative Fuel Vehicle Eligible,215,41.0,475798039,POINT (-122.1872 47.61001),PUGET SOUND ENERGY INC||CITY OF TACOMA - (WA),53033023807
WVWKP7AU4G,Pierce,Tacoma,WA,98404,2016,VOLKSWAGEN,E-GOLF,Battery Electric Vehicle (BEV),Clean Alternative Fuel Vehicle Eligible,83,27.0,120647516,POINT (-122.41249 47.21584),BONNEVILLE POWER ADMINISTRATION||CITY OF TACOMA - (WA)||PENINSULA LIGHT COMPANY,53053062300
5UX43EU00S,Yakima,Selah,WA,98942,2025,BMW,X5,Plug-in Hybrid Electric Vehicle (PHEV),Clean Alternative Fuel Vehicle Eligible,40,15.0,289220620,POINT (-120.53145 46.65405),PACIFICORP,53077003400
1G1RB6E49F,Spokane,Colbert,WA,99005,2015,CHEVROLET,VOLT,Plug-in Hybrid Electric Vehicle (PHEV),Clean Alternative Fuel Vehicle Eligible,38,7.0,246700947,POINT (-117.35414 47.83743),BONNEVILLE POWER ADMINISTRATION||INLAND POWER & LIGHT COMPANY,53063010305
JTMFB3FV4R,Clark,Vancouver,WA,98683,2024,TOYOTA,RAV4 PRIME (PHEV),Plug-in Hybrid Electric Vehicle (PHEV),Clean Alternative Fuel Vehicle Eligible,42,18.0,272135461,POINT (-122.49212 45.60365),BONNEVILLE POWER ADMINISTRATION||PUD NO 1 OF CLARK COUNTY - (WA),53011041329
JTMEB3FV8N,Clark,Vancouver,WA,98664,2022,TOYOTA,RAV4 PRIME (PHEV),Plug-in Hybrid Electric Vehicle (PHEV),Clean Alternative Fuel Vehicle Eligible,42,49.0,195651389,POINT (-122.59219 45.62158),BONNEVILLE POWER ADMINISTRATION||PUD NO 1 OF CLARK COUNTY - (WA),53011043100
JTJHKCFZ4S,Clark,Vancouver,WA,98665,2025,LEXUS,NX,Plug-in Hybrid Electric Vehicle (PHEV),Clean Alternative Fuel Vehicle Eligible,37,49.0,282541430,POINT (-122.64443 45.67871),BONNEVILLE POWER ADMINISTRATION||PUD NO 1 OF CLARK COUNTY - (WA),53011041008
5LMYJ8XY0M,King,Bellevue,WA,98004,2021,LINCOLN,AVIATOR,Plug-in Hybrid Electric Vehicle (PHEV),Not eligible due to low battery range,21,48.0,270037477,POINT (-122.1872 47.61001),PUGET SOUND ENERGY INC||CITY OF TACOMA - (WA),53033024002
1N4AZ1CP0J,Island,Langley,WA,98260,2018,NISSAN,LEAF,Battery Electric Vehicle (BEV),Clean Alternative Fuel Vehicle Eligible,151,10.0,474296539,POINT (-122.40618 48.0399),PUGET SOUND ENERGY INC,53029972000
ZACPDFCW6R,King,Tukwila,WA,98188,2024,DODGE,HORNET,Plug-in Hybrid Electric Vehicle (PHEV),Clean Alternative Fuel Vehicle Eligible,32,11.0,261402081,POINT (-122.27979 47.44952),PUGET SOUND ENERGY INC||CITY OF TACOMA - (WA),53033028200
5YJ3E1EB3J,King,Seattle,WA,98199,2018,TESLA,MODEL 3,Battery Electric Vehicle (BEV),Clean Alternative Fuel Vehicle Eligible,215,36.0,273607617,POINT (-122.40092 47.65908),CITY OF SEATTLE - (WA)|CITY OF TACOMA - (WA),53033005801
5YJ3E1EB2J,King,Maple Valley,WA,98038,2018,TESLA,MODEL 3,Battery Electric Vehicle (BEV),Clean Alternative Fuel Vehicle Eligible,215,5.0,308106158,POINT (-122.04526 47.39394),PUGET SOUND ENERGY INC||CITY OF TACOMA - (WA),53033031603
5YJ3E1EB7J,King,Lake Forest Park,WA,98155,2018,TESLA,MODEL 3,Battery Electric Vehicle (BEV),Clean Alternative Fuel Vehicle Eligible,215,46.0,307926958,POINT (-122.30304 47.75494),PUGET SOUND ENERGY INC||CITY OF TACOMA - (WA),53033021500
2C4RC1S73R,Lewis,Centralia,WA,98531,2024,CHRYSLER,PACIFICA,Plug-in Hybrid Electric Vehicle (PHEV),Clean Alternative Fuel Vehicle Eligible,32,20.0,261932191,POINT (-122.95266 46.72895),BONNEVILLE POWER ADMINISTRATION||CITY OF CENTRALIA - (WA)|CITY OF TACOMA - (WA),53041970700
YV4BR0CL5M,Clark,Vancouver,WA,98682,2021,VOLVO,XC90,Plug-in Hybrid Electric Vehicle (PHEV),Not eligible due to low battery range,18,17.0,273645704,POINT (-122.55149 45.69345),BONNEVILLE POWER ADMINISTRATION||PUD NO 1 OF CLARK COUNTY - (WA),53011041331
ZACPDFCW2R,King,Tukwila,WA,98188,2024,DODGE,HORNET,Plug-in Hybrid Electric Vehicle (PHEV),Clean Alternative Fuel Vehicle Eligible,32,11.0,261668823,POINT (-122.27979 47.44952),PUGET SOUND ENERGY INC||CITY OF TACOMA - (WA),53033028200
5UX43EU0XR,King,Kirkland,WA,98033,2024,BMW,X5,Plug-in Hybrid Electric Vehicle (PHEV),Clean Alternative Fuel Vehicle Eligible,39,48.0,282749589,POINT (-122.2066 47.67887),PUGET SOUND ENERGY INC||CITY OF TACOMA - (WA),53033022604
4JGFB4GB9S,King,Seattle,WA,98121,2025,MERCEDES-BENZ,GLE-CLASS,Plug-in Hybrid Electric Vehicle (PHEV),Clean Alternative Fuel Vehicle Eligible,49,36.0,274140023,POINT (-122.34468 47.61578),CITY OF SEATTLE - (WA)|CITY OF TACOMA - (WA),53033007201
1C4RJYB62P,Spokane,Cheney,WA,99004,2023,JEEP,GRAND CHEROKEE,Plug-in Hybrid Electric Vehicle (PHEV),Not eligible due to low battery range,25,6.0,278917964,POINT (-117.57445 47.48928),CITY OF CHENEY - (WA),53063014002
3MW39FS05P,King,Seattle,WA,98106,2023,BMW,330E,Plug-in Hybrid Electric Vehicle (PHEV),Not eligible due to low battery range,20,34.0,228823955,POINT (-122.35163 47.54287),CITY OF SEATTLE - (WA)|CITY OF TACOMA - (WA),53033026500
5YJSA1E28J,King,Redmond,WA,98052,2018,TESLA,MODEL S,Battery Electric Vehicle (BEV),Clean Alternative Fuel Vehicle Eligible,249,48.0,475470138,POINT (-122.13158 47.67858),PUGET SOUND ENERGY INC||CITY OF TACOMA - (WA),53033032325
1G1FY6S0XK,King,Seattle,WA,98136,2019,CHEVROLET,BOLT EV,Battery Electric Vehicle (BEV),Clean Alternative Fuel Vehicle Eligible,238,34.0,107012972,POINT (-122.38415 47.53755),CITY OF SEATTLE - (WA)|CITY OF TACOMA - (WA),53033011601
5YJ3E1EA3L,Island,Oak Harbor,WA,98277,2020,TESLA,MODEL 3,Battery Electric Vehicle (BEV),Clean Alternative Fuel Vehicle Eligible,266,10.0,128667003,POINT (-122.64682 48.29077),PUGET SOUND ENERGY INC,53029970700
5YJ3E1EB0J,King,Issaquah,WA,98027,2018,TESLA,MODEL 3,Battery Electric Vehicle (BEV),Clean Alternative Fuel Vehicle Eligible,215,5.0,289633501,POINT (-122.03439 47.5301),PUGET SOUND ENERGY INC||CITY OF TACOMA - (WA),53033032102
1G1FX6S09J,King,Kirkland,WA,98034,2018,CHEVROLET,BOLT EV,Battery Electric Vehicle (BEV),Clean Alternative Fuel Vehicle Eligible,238,45.0,176214846,POINT (-122.22901 47.72201),PUGET SOUND ENERGY INC||CITY OF TACOMA - (WA),53033022003
5UX43EU01S,King,Bellevue,WA,98006,2025,BMW,X5,Plug-in Hybrid Electric Vehicle (PHEV),Clean Alternative Fuel Vehicle Eligible,40,41.0,269854630,POINT (-122.12096 47.55584),PUGET SOUND ENERGY INC||CITY OF TACOMA - (WA),53033024704
7JRH60FD2S,King,Bothell,WA,98011,2025,VOLVO,S60,Plug-in Hybrid Electric Vehicle (PHEV),Clean Alternative Fuel Vehicle Eligible,41,1.0,274086137,POINT (-122.20563 47.76144),PUGET SOUND ENERGY INC||CITY OF TACOMA - (WA),53033022001
2C4RC1S7XR,Lewis,Centralia,WA,98531,2024,CHRYSLER,PACIFICA,Plug-in Hybrid Electric Vehicle (PHEV),Clean Alternative Fuel Vehicle Eligible,32,20.0,263227170,POINT (-122.95266 46.72895),BONNEVILLE POWER ADMINISTRATION||CITY OF CENTRALIA - (WA)|CITY OF TACOMA - (WA),53041970700
1N4AZ0CPXF,Thurston,Olympia,WA,98501,2015,NISSAN,LEAF,Battery Electric Vehicle (BEV),Clean Alternative Fuel Vehicle Eligible,84,22.0,231585560,POINT (-122.89165 47.03954),PUGET SOUND ENERGY INC,53067011200
YV4BR0DL7N,Chelan,Leavenworth,WA,98826,2022,VOLVO,XC60,Plug-in Hybrid Electric Vehicle (PHEV),Not eligible due to low battery range,18,12.0,228225644,POINT (-120.65754 47.5982),PUD NO 1 OF CHELAN COUNTY,53007960202
1C4RJYB63P,Cowlitz,Kelso,WA,98626,2023,JEEP,GRAND CHEROKEE,Plug-in Hybrid Electric Vehicle (PHEV),Not eligible due to low battery range,25,19.0,256345582,POINT (-122.89867 46.14424),BONNEVILLE POWER ADMINISTRATION||PUD NO 1 OF COWLITZ COUNTY,53015000901
5YJ3E1EB8J,Pierce,Orting,WA,98360,2018,TESLA,MODEL 3,Battery Electric Vehicle (BEV),Clean Alternative Fuel Vehicle Eligible,215,2.0,194992199,POINT (-122.20166 47.09596),PUGET SOUND ENERGY INC||CITY OF TACOMA - (WA),53053070404
WA1VAAGE6K,King,Issaquah,WA,98027,2019,AUDI,E-TRON,Battery Electric Vehicle (BEV),Clean Alternative Fuel Vehicle Eligible,204,5.0,265863286,POINT (-122.03439 47.5301),PUGET SOUND ENERGY INC||CITY OF TACOMA - (WA),53033025006
5YJYGDEE6L,King,Burien,WA,98166,2020,TESLA,MODEL Y,Battery Electric Vehicle (BEV),Clean Alternative Fuel Vehicle Eligible,291,34.0,114311725,POINT (-122.33942 47.46864),PUGET SOUND ENERGY INC||CITY OF TACOMA - (WA),53033027600
ZACPDFCW1R,King,Tukwila,WA,98188,2024,DODGE,HORNET,Plug-in Hybrid Electric Vehicle (PHEV),Clean Alternative Fuel Vehicle Eligible,32,11.0,261525428,POINT (-122.27979 47.44952),PUGET SOUND ENERGY INC||CITY OF TACOMA - (WA),53033028200
1N4AZ1CP5J,Kitsap,Silverdale,WA,98383,2018,NISSAN,LEAF,Battery Electric Vehicle (BEV),Clean Alternative Fuel Vehicle Eligible,151,23.0,129309855,POINT (-122.69275 47.65171),PUGET SOUND ENERGY INC,53035091302
1C4RJYB62P,Pierce,Puyallup,WA,98374,2023,JEEP,GRAND CHEROKEE,Plug-in Hybrid Electric Vehicle (PHEV),Not eligible due to low battery range,25,25.0,252728934,POINT (-122.27504 47.13926),BONNEVILLE POWER ADMINISTRATION||CITY OF TACOMA - (WA)||PENINSULA LIGHT COMPANY,53053071212
YV4BR0DK3M,Kittitas,Ellensburg,WA,98926,2021,VOLVO,XC60,Plug-in Hybrid Electric Vehicle (PHEV),Not eligible due to low battery range,18,13.0,132537758,POINT (-120.54872 46.99703),PUGET SOUND ENERGY INC,53037975203
5YJ3E1EA3K,King,Bothell,WA,98011,2019,TESLA,MODEL 3,Battery Electric Vehicle (BEV),Clean Alternative Fuel Vehicle Eligible,220,1.0,477579392,POINT (-122.20563 47.76144),PUGET SOUND ENERGY INC||CITY OF TACOMA - (WA),53033021802
JTMAB3FVXM,King,Seattle,WA,98177,2021,TOYOTA,RAV4 PRIME (PHEV),Plug-in Hybrid Electric Vehicle (PHEV),Clean Alternative Fuel Vehicle Eligible,42,36.0,157483364,POINT (-122.37238 47.74068),CITY OF SEATTLE - (WA)|CITY OF TACOMA - (WA),53033001400
JN1AZ0CP0B,Jefferson,Port Townsend,WA,98368,2011,NISSAN,LEAF,Battery Electric Vehicle (BEV),Clean Alternative Fuel Vehicle Eligible,73,24.0,3607320,POINT (-122.77263 48.1212),BONNEVILLE POWER ADMINISTRATION||PUGET SOUND ENERGY INC||PUD NO 1 OF JEFFERSON COUNTY,53031950604
KM8S6DA22P,Clark,Ridgefield,WA,98642,2023,HYUNDAI,SANTA FE,Plug-in Hybrid Electric Vehicle (PHEV),Clean Alternative Fuel Vehicle Eligible,30,18.0,267880385,POINT (-122.74595 45.81539),BONNEVILLE POWER ADMINISTRATION||PUD NO 1 OF CLARK COUNTY - (WA),53011040303
5YJ3E1EB0L,Cowlitz,Kelso,WA,98626,2020,TESLA,MODEL 3,Battery Electric Vehicle (BEV),Clean Alternative Fuel Vehicle Eligible,322,20.0,278796640,POINT (-122.89867 46.14424),BONNEVILLE POWER ADMINISTRATION||PUD NO 1 OF COWLITZ COUNTY,53015001300
1FADP5FU4H,Cowlitz,Longview,WA,98632,2017,FORD,C-MAX,Plug-in Hybrid Electric Vehicle (PHEV),Not eligible due to low battery range,20,19.0,287604383,POINT (-122.95058 46.14681),BONNEVILLE POWER ADMINISTRATION||PUD NO 1 OF COWLITZ COUNTY,53015000902
5YJ3E1EBXJ,King,Seattle,WA,98109,2018,TESLA,MODEL 3,Battery Electric Vehicle (BEV),Clean Alternative Fuel Vehicle Eligible,215,36.0,110520665,POINT (-122.35022 47.63824),CITY OF SEATTLE - (WA)|CITY OF TACOMA - (WA),53033006000
1G1RC6S52G,Spokane,Spokane Valley,WA,99212,2016,CHEVROLET,VOLT,Plug-in Hybrid Electric Vehicle (PHEV),Clean Alternative Fuel Vehicle Eligible,53,4.0,476530813,POINT (-117.31205 47.66648),BONNEVILLE POWER ADMINISTRATION||INLAND POWER & LIGHT COMPANY,53063013401
1N4AZ0CP3G,King,Bellevue,WA,98006,2016,NISSAN,LEAF,Battery Electric Vehicle (BEV),Clean Alternative Fuel Vehicle Eligible,84,41.0,349586590,POINT (-122.12096 47.55584),PUGET SOUND ENERGY INC||CITY OF TACOMA - (WA),53033024901
ZASPATDWXR,Kitsap,Port Orchard,WA,98366,2024,ALFA ROMEO,TONALE,Plug-in Hybrid Electric Vehicle (PHEV),Clean Alternative Fuel Vehicle Eligible,33,26.0,265052553,POINT (-122.63847 47.54103),PUGET SOUND ENERGY INC,53035092704
5YJ3E1EB3K,Snohomish,Snohomish,WA,98290,2019,TESLA,MODEL 3,Battery Electric Vehicle (BEV),Clean Alternative Fuel Vehicle Eligible,220,44.0,116888082,POINT (-122.09305 47.91265),PUGET SOUND ENERGY INC,53061052502
1FMCU0LZXN,Kitsap,Bainbridge Island,WA,98110,2022,FORD,ESCAPE,Plug-in Hybrid Electric Vehicle (PHEV),Clean Alternative Fuel Vehicle Eligible,38,23.0,193742608,POINT (-122.521 47.62732),PUGET SOUND ENERGY INC,53035090700
JTDKARFP8J,King,Seattle,WA,98112,2018,TOYOTA,PRIUS PRIME (PHEV),Plug-in Hybrid Electric Vehicle (PHEV),Not eligible due to low battery range,25,43.0,229478504,POINT (-122.30207 47.64085),CITY OF SEATTLE - (WA)|CITY OF TACOMA - (WA),53033007600
JTDKN3DP8C,Snohomish,Edmonds,WA,98026,2012,TOYOTA,PRIUS,Plug-in Hybrid Electric Vehicle (PHEV),Not eligible due to low battery range,6,32.0,284539349,POINT (-122.31768 47.87166),PUGET SOUND ENERGY INC,53061050800
KNDJX3AE6H,Snohomish,Arlington,WA,98223,2017,KIA,SOUL,Battery Electric Vehicle (BEV),Clean Alternative Fuel Vehicle Eligible,93,39.0,305841469,POINT (-122.1264 48.19471),PUGET SOUND ENERGY INC,53061052709
1FADP5CU6F,Thurston,Lacey,WA,98503,2015,FORD,C-MAX,Plug-in Hybrid Electric Vehicle (PHEV),Not eligible due to low battery range,19,22.0,207042524,POINT (-122.82324 47.04437),PUGET SOUND ENERGY INC,53067011200
JN1AZ0CP0B,Clark,Vancouver,WA,98663,2011,NISSAN,LEAF,Battery Electric Vehicle (BEV),Clean Alternative Fuel Vehicle Eligible,73,49.0,189312084,POINT (-122.64695 45.65675),BONNEVILLE POWER ADMINISTRATION||PUD NO 1 OF CLARK COUNTY - (WA),53011041011
JTDKN3DP4E,King,Seattle,WA,98125,2014,TOYOTA,PRIUS,Plug-in Hybrid Electric Vehicle (PHEV),Not eligible due to low battery range,6,46.0,349952774,POINT (-122.30253 47.72656),CITY OF SEATTLE - (WA)|CITY OF TACOMA - (WA),53033000800
1N4AZ1CP0L,King,Kirkland,WA,98034,2020,NISSAN,LEAF,Battery Electric Vehicle (BEV),Clean Alternative Fuel Vehicle Eligible,149,1.0,102505413,POINT (-122.22901 47.72201),PUGET SOUND ENERGY INC||CITY OF TACOMA - (WA),53033022203
3FA6P0SU0G,Skagit,Sedro-Woolley,WA,98284,2016,FORD,FUSION,Plug-in Hybrid Electric Vehicle (PHEV),Not eligible due to low battery range,19,39.0,235926428,POINT (-122.23857 48.50879),PUGET SOUND ENERGY INC,53057951400
YV4BR0CK8M,King,Shoreline,WA,98133,2021,VOLVO,XC90,Plug-in Hybrid Electric Vehicle (PHEV),Not eligible due to low battery range,18,32.0,229882929,POINT (-122.33364 47.73709),CITY OF SEATTLE - (WA)|CITY OF TACOMA - (WA),53033020600
5YJSA1E29G,King,Bothell,WA,98011,2016,TESLA,MODEL S,Battery Electric Vehicle (BEV),Clean Alternative Fuel Vehicle Eligible,210,1.0,350359796,POINT (-122.20563 47.76144),PUGET SOUND ENERGY INC||CITY OF TACOMA - (WA),53033022001
WVWKP7AU6G,King,Seattle,WA,98125,2016,VOLKSWAGEN,E-GOLF,Battery Electric Vehicle (BEV),Clean Alternative Fuel Vehicle Eligible,83,46.0,264508352,POINT (-122.30253 47.72656),PUGET SOUND ENERGY INC||CITY OF TACOMA - (WA),53033000900
JTMFB3FV9S,Clark,Ridgefield,WA,98642,2025,TOYOTA,RAV4 PRIME (PHEV),Plug-in Hybrid Electric Vehicle (PHEV),Clean Alternative Fuel Vehicle Eligible,42,18.0,286799446,POINT (-122.74595 45.81539),BONNEVILLE POWER ADMINISTRATION||PUD NO 1 OF CLARK COUNTY - (WA),53011040305
JTMAB3FV4P,Pierce,Tacoma,WA,98407,2023,TOYOTA,RAV4 PRIME (PHEV),Plug-in Hybrid Electric Vehicle (PHEV),Clean Alternative Fuel Vehicle Eligible,42,27.0,253653746,POINT (-122.54304 47.31803),BONNEVILLE POWER ADMINISTRATION||CITY OF TACOMA - (WA)||PENINSULA LIGHT COMPANY,53053060400
5UXKT0C5XG,Thurston,Olympia,WA,98512,2016,BMW,X5,Plug-in Hybrid Electric Vehicle (PHEV),Not eligible due to low battery range,14,35.0,239283544,POINT (-123.04078 46.94792),PUGET SOUND ENERGY INC,53067011822
5YJSA1AG6D,Yakima,Toppenish,WA,98948,2013,TESLA,MODEL S,Battery Electric Vehicle (BEV),Clean Alternative Fuel Vehicle Eligible,208,15.0,167512019,POINT (-120.31298 46.37508),PACIFICORP,53077940005
WA1E2AFYXL,Benton,Kennewick,WA,99337,2020,AUDI,Q5 E,Plug-in Hybrid Electric Vehicle (PHEV),Not eligible due to low battery range,20,8.0,104476368,POINT (-119.14432 46.18741),BONNEVILLE POWER ADMINISTRATION||PUD NO 1 OF BENTON COUNTY,53005011505
1C4JJXN68P,King,Seattle,WA,98133,2023,JEEP,WRANGLER,Plug-in Hybrid Electric Vehicle (PHEV),Not eligible due to low battery range,21,46.0,249721489,POINT (-122.33364 47.73709),CITY OF SEATTLE - (WA)|CITY OF TACOMA - (WA),53033001201
5YJ3E1EA6J,King,Kirkland,WA,98033,2018,TESLA,MODEL 3,Battery Electric Vehicle (BEV),Clean Alternative Fuel Vehicle Eligible,215,45.0,204854219,POINT (-122.2066 47.67887),PUGET SOUND ENERGY INC||CITY OF TACOMA - (WA),53033022402
1N4AZ1CP8K,Clark,Vancouver,WA,98663,2019,NISSAN,LEAF,Battery Electric Vehicle (BEV),Clean Alternative Fuel Vehicle Eligible,150,49.0,477430698,POINT (-122.64695 45.65675),BONNEVILLE POWER ADMINISTRATION||PUD NO 1 OF CLARK COUNTY - (WA),53011041003
1G1FY6S0XK,Kitsap,Bremerton,WA,98337,2019,CHEVROLET,BOLT EV,Battery Electric Vehicle (BEV),Clean Alternative Fuel Vehicle Eligible,238,26.0,287994794,POINT (-122.62749 47.565),PUGET SOUND ENERGY INC,53035081200
ZACPDFCW5R,King,Tukwila,WA,98188,2024,DODGE,HORNET,Plug-in Hybrid Electric Vehicle (PHEV),Clean Alternative Fuel Vehicle Eligible,32,11.0,260855801,POINT (-122.27979 47.44952),PUGET SOUND ENERGY INC||CITY OF TACOMA - (WA),53033028200
WBY7Z8C52J,King,Seattle,WA,98103,2018,BMW,I3,Plug-in Hybrid Electric Vehicle (PHEV),Clean Alternative Fuel Vehicle Eligible,97,43.0,153817079,POINT (-122.35436 47.67596),CITY OF SEATTLE - (WA)|CITY OF TACOMA - (WA),53033004901
JTMAB3FV5R,Pierce,Lakewood,WA,98498,2024,TOYOTA,RAV4 PRIME (PHEV),Plug-in Hybrid Electric Vehicle (PHEV),Clean Alternative Fuel Vehicle Eligible,42,28.0,267089455,POINT (-122.54764 47.17669),BONNEVILLE POWER ADMINISTRATION||CITY OF TACOMA - (WA)||PENINSULA LIGHT COMPANY,53053072105
ZACPDFCW1R,King,Tukwila,WA,98188,2024,DODGE,HORNET,Plug-in Hybrid Electric Vehicle (PHEV),Clean Alternative Fuel Vehicle Eligible,32,11.0,261871732,POINT (-122.27979 47.44952),PUGET SOUND ENERGY INC||CITY OF TACOMA - (WA),53033028200
YV4H60DL1R,King,Seattle,WA,98115,2024,VOLVO,XC60,Plug-in Hybrid Electric Vehicle (PHEV),Clean Alternative Fuel Vehicle Eligible,35,46.0,268364680,POINT (-122.31676 47.68156),CITY OF SEATTLE - (WA)|CITY OF TACOMA - (WA),53033001900
JTDACACU8R,Skagit,Anacortes,WA,98221,2024,TOYOTA,PRIUS PRIME (PHEV),Plug-in Hybrid Electric Vehicle (PHEV),Clean Alternative Fuel Vehicle Eligible,39,40.0,273925452,POINT (-122.61216 48.51749),PUGET SOUND ENERGY INC,53057940403
JTMFB3FV3P,Thurston,Olympia,WA,98501,2023,TOYOTA,RAV4 PRIME (PHEV),Plug-in Hybrid Electric Vehicle (PHEV),Clean Alternative Fuel Vehicle Eligible,42,22.0,233586426,POINT (-122.89165 47.03954),PUGET SOUND ENERGY INC,53067011721
YV4H60RM0S,King,Redmond,WA,98052,2025,VOLVO,XC60,Plug-in Hybrid Electric Vehicle (PHEV),Clean Alternative Fuel Vehicle Eligible,35,45.0,272743894,POINT (-122.13158 47.67858),PUGET SOUND ENERGY INC||CITY OF TACOMA - (WA),53033032323
5UX43EU02S,King,Kirkland,WA,98034,2025,BMW,X5,Plug-in Hybrid Electric Vehicle (PHEV),Clean Alternative Fuel Vehicle Eligible,40,45.0,276842800,POINT (-122.22901 47.72201),PUGET SOUND ENERGY INC||CITY OF TACOMA - (WA),53033022005
5YJXCAE28H,King,Kirkland,WA,98033,2017,TESLA,MODEL X,Battery Electric Vehicle (BEV),Clean Alternative Fuel Vehicle Eligible,200,45.0,9059844,POINT (-122.2066 47.67887),PUGET SOUND ENERGY INC||CITY OF TACOMA - (WA),53033022006
LPSED3KA7M,King,Seattle,WA,98125,2021,POLESTAR,PS2,Battery Electric Vehicle (BEV),Clean Alternative Fuel Vehicle Eligible,233,46.0,289368453,POINT (-122.30253 47.72656),CITY OF SEATTLE - (WA)|CITY OF TACOMA - (WA),53033001202
5YJSA1E24L,King,Bellevue,WA,98004,2020,TESLA,MODEL S,Battery Electric Vehicle (BEV),Clean Alternative Fuel Vehicle Eligible,330,41.0,4745478,POINT (-122.1872 47.61001),PUGET SOUND ENERGY INC||CITY OF TACOMA - (WA),53033023901
5YJXCAE2XH,Thurston,Olympia,WA,98512,2017,TESLA,MODEL X,Battery Electric Vehicle (BEV),Clean Alternative Fuel Vehicle Eligible,200,35.0,249659105,POINT (-123.04078 46.94792),PUGET SOUND ENERGY INC,53067011822
WBA13AG09M,Clark,Camas,WA,98607,2021,BMW,530E,Plug-in Hybrid Electric Vehicle (PHEV),Not eligible due to low battery range,21,18.0,268385407,POINT (-122.40199 45.58694),BONNEVILLE POWER ADMINISTRATION||PUD NO 1 OF CLARK COUNTY - (WA),53011040608
JTDKARFP3H,King,Renton,WA,98055,2017,TOYOTA,PRIUS PRIME (PHEV),Plug-in Hybrid Electric Vehicle (PHEV),Not eligible due to low battery range,25,11.0,350005015,POINT (-122.19488 47.44035),PUGET SOUND ENERGY INC||CITY OF TACOMA - (WA),53033025806
5YJ3E1EA7K,Snohomish,Edmonds,WA,98020,2019,TESLA,MODEL 3,Battery Electric Vehicle (BEV),Clean Alternative Fuel Vehicle Eligible,220,32.0,144721202,POINT (-122.37689 47.81116),PUGET SOUND ENERGY INC,53061050800
5YJ3E1EAXJ,King,Bellevue,WA,98007,2018,TESLA,MODEL 3,Battery Electric Vehicle (BEV),Clean Alternative Fuel Vehicle Eligible,215,41.0,317299510,POINT (-122.12056 47.61334),PUGET SOUND ENERGY INC||CITY OF TACOMA - (WA),53033023604
5YJXCDE28H,King,Kirkland,WA,98034,2017,TESLA,MODEL X,Battery Electric Vehicle (BEV),Clean Alternative Fuel Vehicle Eligible,200,1.0,308216702,POINT (-122.22901 47.72201),PUGET SOUND ENERGY INC||CITY OF TACOMA - (WA),53033022203
5YJ3E1EA0J,King,Duvall,WA,98019,2018,TESLA,MODEL 3,Battery Electric Vehicle (BEV),Clean Alternative Fuel Vehicle Eligible,215,5.0,121505429,POINT (-121.98609 47.74068),PUGET SOUND ENERGY INC||CITY OF TACOMA - (WA),53033032402
5YJXCDE22K,King,Bellevue,WA,98004,2019,TESLA,MODEL X,Battery Electric Vehicle (BEV),Clean Alternative Fuel Vehicle Eligible,289,48.0,255706853,POINT (-122.1872 47.61001),PUGET SOUND ENERGY INC||CITY OF TACOMA - (WA),53033024001
1C4JJXP65N,Pierce,Spanaway,WA,98387,2022,JEEP,WRANGLER,Plug-in Hybrid Electric Vehicle (PHEV),Not eligible due to low battery range,21,29.0,218939024,POINT (-122.41046 47.06512),BONNEVILLE POWER ADMINISTRATION||CITY OF TACOMA - (WA)||PENINSULA LIGHT COMPANY,53053071417
JTMFB3FV7R,Pierce,Puyallup,WA,98371,2024,TOYOTA,RAV4 PRIME (PHEV),Plug-in Hybrid Electric Vehicle (PHEV),Clean Alternative Fuel Vehicle Eligible,42,25.0,260955509,POINT (-122.29521 47.19045),PUGET SOUND ENERGY INC||CITY OF TACOMA - (WA),53053071205
YV4H60DL7R,Pierce,Fox Island,WA,98333,2024,VOLVO,XC60,Plug-in Hybrid Electric Vehicle (PHEV),Clean Alternative Fuel Vehicle Eligible,35,26.0,285567488,POINT (-122.65107 47.27375),BONNEVILLE POWER ADMINISTRATION||CITY OF TACOMA - (WA)||PENINSULA LIGHT COMPANY,53053072410
5YJ3E1EBXK,King,Bothell,WA,98011,2019,TESLA,MODEL 3,Battery Electric Vehicle (BEV),Clean Alternative Fuel Vehicle Eligible,220,1.0,141142025,POINT (-122.20563 47.76144),PUGET SOUND ENERGY INC||CITY OF TACOMA - (WA),53033021804
5YJ3E1EB6K,King,Seattle,WA,98102,2019,TESLA,MODEL 3,Battery Electric Vehicle (BEV),Clean Alternative Fuel Vehicle Eligible,220,43.0,476479657,POINT (-122.32427 47.63433),CITY OF SEATTLE - (WA)|CITY OF TACOMA - (WA),53033006500
5YJSA1E20K,King,Kirkland,WA,98034,2019,TESLA,MODEL S,Battery Electric Vehicle (BEV),Clean Alternative Fuel Vehicle Eligible,270,1.0,477598341,POINT (-122.22901 47.72201),PUGET SOUND ENERGY INC||CITY OF TACOMA - (WA),53033022203
WMEEJ9AA6E,King,Redmond,WA,98052,2014,SMART,FORTWO ELECTRIC DRIVE,Battery Electric Vehicle (BEV),Clean Alternative Fuel Vehicle Eligible,58,48.0,348312072,POINT (-122.13158 47.67858),PUGET SOUND ENERGY INC||CITY OF TACOMA - (WA),53033032331
5YJYGDEF5L,King,Kirkland,WA,98033,2020,TESLA,MODEL Y,Battery Electric Vehicle (BEV),Clean Alternative Fuel Vehicle Eligible,291,48.0,103318561,POINT (-122.2066 47.67887),PUGET SOUND ENERGY INC||CITY OF TACOMA - (WA),53033022603
WBA8E1C33H,King,Seattle,WA,98146,2017,BMW,330E,Plug-in Hybrid Electric Vehicle (PHEV),Not eligible due to low battery range,14,34.0,171318430,POINT (-122.36322 47.49736),CITY OF SEATTLE - (WA)|CITY OF TACOMA - (WA),53033012100
3FA6P0PU9H,Kitsap,Bremerton,WA,98310,2017,FORD,FUSION,Plug-in Hybrid Electric Vehicle (PHEV),Not eligible due to low battery range,21,23.0,252532640,POINT (-122.61136 47.5752),PUGET SOUND ENERGY INC,53035080400
5YJSA1CG6D,King,Bellevue,WA,98004,2013,TESLA,MODEL S,Battery Electric Vehicle (BEV),Clean Alternative Fuel Vehicle Eligible,208,41.0,202149104,POINT (-122.1872 47.61001),PUGET SOUND ENERGY INC||CITY OF TACOMA - (WA),53033023902
LVYBC0ALXJ,Snohomish,Woodinville,WA,98072,2018,VOLVO,S90,Plug-in Hybrid Electric Vehicle (PHEV),Not eligible due to low battery range,21,1.0,273719078,POINT (-122.15545 47.75448),PUGET SOUND ENERGY INC,53061051926
WMZYU7C46J,King,Seattle,WA,98117,2018,MINI,COUNTRYMAN,Plug-in Hybrid Electric Vehicle (PHEV),Not eligible due to low battery range,12,36.0,255431879,POINT (-122.38418 47.70044),CITY OF SEATTLE - (WA)|CITY OF TACOMA - (WA),53033003100
1C4JJXR66M,King,Woodinville,WA,98072,2021,JEEP,WRANGLER,Plug-in Hybrid Electric Vehicle (PHEV),Not eligible due to low battery range,21,45.0,185611940,POINT (-122.15545 47.75448),PUGET SOUND ENERGY INC||CITY OF TACOMA - (WA),53033032311
5UXTA6C07N,King,Bellevue,WA,98008,2022,BMW,X5,Plug-in Hybrid Electric Vehicle (PHEV),Clean Alternative Fuel Vehicle Eligible,30,48.0,195985576,POINT (-122.11867 47.63131),PUGET SOUND ENERGY INC||CITY OF TACOMA - (WA),53033023100
JTMAB3FV6M,Thurston,Lacey,WA,98503,2021,TOYOTA,RAV4 PRIME (PHEV),Plug-in Hybrid Electric Vehicle (PHEV),Clean Alternative Fuel Vehicle Eligible,42,22.0,153729418,POINT (-122.82324 47.04437),PUGET SOUND ENERGY INC,53067011300
YV4H60DL5R,King,Redmond,WA,98052,2024,VOLVO,XC60,Plug-in Hybrid Electric Vehicle (PHEV),Clean Alternative Fuel Vehicle Eligible,35,45.0,259060938,POINT (-122.13158 47.67858),PUGET SOUND ENERGY INC||CITY OF TACOMA - (WA),53033032321
JHMZC5F10L,Clark,Vancouver,WA,98682,2020,HONDA,CLARITY,Plug-in Hybrid Electric Vehicle (PHEV),Clean Alternative Fuel Vehicle Eligible,47,17.0,142155856,POINT (-122.55149 45.69345),BONNEVILLE POWER ADMINISTRATION||PUD NO 1 OF CLARK COUNTY - (WA),53011040707
1N4BZ1CP7L,Pierce,Puyallup,WA,98372,2020,NISSAN,LEAF,Battery Electric Vehicle (BEV),Clean Alternative Fuel Vehicle Eligible,215,25.0,142280365,POINT (-122.25646 47.21259),PUGET SOUND ENERGY INC||CITY OF TACOMA - (WA),53053073406
3FA6P0SU8F,Benton,Richland,WA,99352,2015,FORD,FUSION,Plug-in Hybrid Electric Vehicle (PHEV),Not eligible due to low battery range,19,8.0,261269515,POINT (-119.27372 46.27391),BONNEVILLE POWER ADMINISTRATION||CITY OF RICHLAND - (WA),53005010600
5YJSA1DP8D,Snohomish,Stanwood,WA,98292,2013,TESLA,MODEL S,Battery Electric Vehicle (BEV),Clean Alternative Fuel Vehicle Eligible,208,10.0,111162012,POINT (-122.37265 48.24159),PUGET SOUND ENERGY INC,53061053202
JTDKARFP0L,King,Seattle,WA,98144,2020,TOYOTA,PRIUS PRIME (PHEV),Plug-in Hybrid Electric Vehicle (PHEV),Not eligible due to low battery range,25,37.0,178974491,POINT (-122.30866 47.57874),CITY OF SEATTLE - (WA)|CITY OF TACOMA - (WA),53033009000
1FADP5FU0H,King,Seattle,WA,98125,2017,FORD,C-MAX,Plug-in Hybrid Electric Vehicle (PHEV),Not eligible due to low battery range,20,46.0,350448402,POINT (-122.30253 47.72656),CITY OF SEATTLE - (WA)|CITY OF TACOMA - (WA),53033000800
1G1RB6S53J,King,Renton,WA,98055,2018,CHEVROLET,VOLT,Plug-in Hybrid Electric Vehicle (PHEV),Clean Alternative Fuel Vehicle Eligible,53,33.0,348624986,POINT (-122.19488 47.44035),PUGET SOUND ENERGY INC||CITY OF TACOMA - (WA),53033029309
5YJXCDE27L,King,Bellevue,WA,98004,2020,TESLA,MODEL X,Battery Electric Vehicle (BEV),Clean Alternative Fuel Vehicle Eligible,289,48.0,106405211,POINT (-122.1872 47.61001),PUGET SOUND ENERGY INC||CITY OF TACOMA - (WA),53033024001
KNDPYDDH2R,Snohomish,Marysville,WA,98270,2024,KIA,SPORTAGE,Plug-in Hybrid Electric Vehicle (PHEV),Clean Alternative Fuel Vehicle Eligible,34,38.0,262406847,POINT (-122.1769 48.06114),PUGET SOUND ENERGY INC,53061052905
KNDPZDAH0P,King,Seattle,WA,98125,2023,KIA,SPORTAGE,Plug-in Hybrid Electric Vehicle (PHEV),Clean Alternative Fuel Vehicle Eligible,34,46.0,237943758,POINT (-122.30253 47.72656),CITY OF SEATTLE - (WA)|CITY OF TACOMA - (WA),53033000201
5YJXCBE43G,King,Auburn,WA,98002,2016,TESLA,MODEL X,Battery Electric Vehicle (BEV),Clean Alternative Fuel Vehicle Eligible,200,47.0,349985275,POINT (-122.2229 47.307),PUGET SOUND ENERGY INC||CITY OF TACOMA - (WA),53033030504
5UX43EU07S,King,Bellevue,WA,98004,2025,BMW,X5,Plug-in Hybrid Electric Vehicle (PHEV),Clean Alternative Fuel Vehicle Eligible,40,41.0,282586160,POINT (-122.1872 47.61001),PUGET SOUND ENERGY INC||CITY OF TACOMA - (WA),53033023901
2C4RC1N73J,King,Bellevue,WA,98006,2018,CHRYSLER,PACIFICA,Plug-in Hybrid Electric Vehicle (PHEV),Clean Alternative Fuel Vehicle Eligible,33,41.0,474699403,POINT (-122.12096 47.55584),PUGET SOUND ENERGY INC||CITY OF TACOMA - (WA),53033024701
JTMEB3FV6P,Pierce,South Hill,WA,98373,2023,TOYOTA,RAV4 PRIME (PHEV),Plug-in Hybrid Electric Vehicle (PHEV),Clean Alternative Fuel Vehicle Eligible,42,25.0,259161836,POINT (-122.2988 47.13795),PUGET SOUND ENERGY INC||CITY OF TACOMA - (WA),53053071307
5YJSA1E20J,King,Seattle,WA,98121,2018,TESLA,MODEL S,Battery Electric Vehicle (BEV),Clean Alternative Fuel Vehicle Eligible,249,36.0,473919463,POINT (-122.34468 47.61578),CITY OF SEATTLE - (WA)|CITY OF TACOMA - (WA),53033007201
1G1FY6S01L,King,Bellevue,WA,98004,2020,CHEVROLET,BOLT EV,Battery Electric Vehicle (BEV),Clean Alternative Fuel Vehicle Eligible,259,48.0,252699597,POINT (-122.1872 47.61001),PUGET SOUND ENERGY INC||CITY OF TACOMA - (WA),53033023805
JTDKARFP8H,King,Bellevue,WA,98005,2017,TOYOTA,PRIUS PRIME (PHEV),Plug-in Hybrid Electric Vehicle (PHEV),Not eligible due to low battery range,25,48.0,280098297,POINT (-122.1621 47.64441),PUGET SOUND ENERGY INC||CITY OF TACOMA - (WA),53033023603
JTMAB3FV9M,King,Duvall,WA,98019,2021,TOYOTA,RAV4 PRIME (PHEV),Plug-in Hybrid Electric Vehicle (PHEV),Clean Alternative Fuel Vehicle Eligible,42,45.0,172826153,POINT (-121.98609 47.74068),PUGET SOUND ENERGY INC||CITY OF TACOMA - (WA),53033032402
ZACPDFCW9R,King,Tukwila,WA,98188,2024,DODGE,HORNET,Plug-in Hybrid Electric Vehicle (PHEV),Clean Alternative Fuel Vehicle Eligible,32,11.0,262244601,POINT (-122.27979 47.44952),PUGET SOUND ENERGY INC||CITY OF TACOMA - (WA),53033028200
JTMFB3FV8R,King,Shoreline,WA,98155,2024,TOYOTA,RAV4 PRIME (PHEV),Plug-in Hybrid Electric Vehicle (PHEV),Clean Alternative Fuel Vehicle Eligible,42,32.0,269595245,POINT (-122.30304 47.75494),CITY OF SEATTLE - (WA)|CITY OF TACOMA - (WA),53033021100
KNDCE3LG5K,Thurston,Yelm,WA,98597,2019,KIA,NIRO,Battery Electric Vehicle (BEV),Clean Alternative Fuel Vehicle Eligible,239,2.0,275199676,POINT (-122.60735 46.94239),PUGET SOUND ENERGY INC,53067012531
5LMTJ5DZ8R,Pierce,Dupont,WA,98327,2024,LINCOLN,CORSAIR,Plug-in Hybrid Electric Vehicle (PHEV),Not eligible due to low battery range,28,28.0,279377220,POINT (-122.62954 47.09583),PUGET SOUND ENERGY INC||CITY OF TACOMA - (WA),53053072802
1C4RJYD62P,Pierce,Orting,WA,98360,2023,JEEP,GRAND CHEROKEE,Plug-in Hybrid Electric Vehicle (PHEV),Not eligible due to low battery range,25,2.0,287515203,POINT (-122.20166 47.09596),PUGET SOUND ENERGY INC||CITY OF TACOMA - (WA),53053070403
1N4BZ0CP0H,King,Kirkland,WA,98034,2017,NISSAN,LEAF,Battery Electric Vehicle (BEV),Clean Alternative Fuel Vehicle Eligible,107,45.0,349425310,POINT (-122.22901 47.72201),PUGET SOUND ENERGY INC||CITY OF TACOMA - (WA),53033021903
1G1FX6S00J,Snohomish,Everett,WA,98208,2018,CHEVROLET,BOLT EV,Battery Electric Vehicle (BEV),Clean Alternative Fuel Vehicle Eligible,238,44.0,211037242,POINT (-122.18637 47.89251),PUGET SOUND ENERGY INC,53061041610
1N4BZ1CP3L,Pierce,Lake Tapps,WA,98391,2020,NISSAN,LEAF,Battery Electric Vehicle (BEV),Clean Alternative Fuel Vehicle Eligible,215,31.0,254424677,POINT (-122.17144 47.19175),PUGET SOUND ENERGY INC||CITY OF TACOMA - (WA),53053070315
1N4AZ1CP4J,Cowlitz,Kelso,WA,98626,2018,NISSAN,LEAF,Battery Electric Vehicle (BEV),Clean Alternative Fuel Vehicle Eligible,151,19.0,113254991,POINT (-122.89867 46.14424),BONNEVILLE POWER ADMINISTRATION||PUD NO 1 OF COWLITZ COUNTY,53015000901
KM8JBDD28R,Island,Coupeville,WA,98239,2024,HYUNDAI,TUCSON,Plug-in Hybrid Electric Vehicle (PHEV),Clean Alternative Fuel Vehicle Eligible,33,10.0,269895727,POINT (-122.68558 48.21857),PUGET SOUND ENERGY INC,53029971000
3FA6P0SUXD,King,Federal Way,WA,98003,2013,FORD,FUSION,Plug-in Hybrid Electric Vehicle (PHEV),Not eligible due to low battery range,19,30.0,154290587,POINT (-122.3303 47.30151),PUGET SOUND ENERGY INC||CITY OF TACOMA - (WA),53033030203
3FA6P0SU3H,Mason,Allyn,WA,98524,2017,FORD,FUSION,Plug-in Hybrid Electric Vehicle (PHEV),Not eligible due to low battery range,21,35.0,147330872,POINT (-122.82984 47.38173),BONNEVILLE POWER ADMINISTRATION||CITY OF TACOMA - (WA)||PUD NO 3 OF MASON COUNTY,53045960403
JTDACACU8T,Thurston,Yelm,WA,98597,2026,TOYOTA,PRIUS PRIME (PHEV),Plug-in Hybrid Electric Vehicle (PHEV),Clean Alternative Fuel Vehicle Eligible,44,2.0,287152568,POINT (-122.60735 46.94239),PUGET SOUND ENERGY INC,53067012412
1N4AZ0CP8F,Snohomish,Stanwood,WA,98292,2015,NISSAN,LEAF,Battery Electric Vehicle (BEV),Clean Alternative Fuel Vehicle Eligible,84,10.0,236648275,POINT (-122.37265 48.24159),BONNEVILLE POWER ADMINISTRATION||PUD 1 OF SNOHOMISH COUNTY,53061053201
5YJ3E1EB3K,Pierce,Bonney Lake,WA,98391,2019,TESLA,MODEL 3,Battery Electric Vehicle (BEV),Clean Alternative Fuel Vehicle Eligible,220,31.0,220286363,POINT (-122.17144 47.19175),PUGET SOUND ENERGY INC||CITY OF TACOMA - (WA),53053070208
5LMYJ9YY5L,Clark,Vancouver,WA,98662,2020,LINCOLN,AVIATOR,Plug-in Hybrid Electric Vehicle (PHEV),Not eligible due to low battery range,21,17.0,278636417,POINT (-122.57722 45.64251),BONNEVILLE POWER ADMINISTRATION||PUD NO 1 OF CLARK COUNTY - (WA),53011040703
JM3KKEHA7S,King,Renton,WA,98055,2025,MAZDA,CX-90,Plug-in Hybrid Electric Vehicle (PHEV),Not eligible due to low battery range,26,11.0,281743598,POINT (-122.19488 47.44035),PUGET SOUND ENERGY INC||CITY OF TACOMA - (WA),53033025703
1G1FZ6S04K,King,Bellevue,WA,98005,2019,CHEVROLET,BOLT EV,Battery Electric Vehicle (BEV),Clean Alternative Fuel Vehicle Eligible,238,48.0,141051081,POINT (-122.1621 47.64441),PUGET SOUND ENERGY INC||CITY OF TACOMA - (WA),53033023701
5UXTA6C06P,Snohomish,Edmonds,WA,98026,2023,BMW,X5,Plug-in Hybrid Electric Vehicle (PHEV),Clean Alternative Fuel Vehicle Eligible,30,21.0,282055350,POINT (-122.31768 47.87166),PUGET SOUND ENERGY INC,53061042005
5YJ3E1EA3J,King,Bellevue,WA,98004,2018,TESLA,MODEL 3,Battery Electric Vehicle (BEV),Clean Alternative Fuel Vehicle Eligible,215,48.0,278797214,POINT (-122.1872 47.61001),PUGET SOUND ENERGY INC||CITY OF TACOMA - (WA),53033024001
JTDKARFP7H,Thurston,Tumwater,WA,98501,2017,TOYOTA,PRIUS PRIME (PHEV),Plug-in Hybrid Electric Vehicle (PHEV),Not eligible due to low battery range,25,35.0,230048094,POINT (-122.89165 47.03954),PUGET SOUND ENERGY INC,53067011720
WP0AH2A72M,King,Bellevue,WA,98004,2021,PORSCHE,PANAMERA,Plug-in Hybrid Electric Vehicle (PHEV),Not eligible due to low battery range,17,41.0,193329328,POINT (-122.1872 47.61001),PUGET SOUND ENERGY INC||CITY OF TACOMA - (WA),53033023901
5UXTA6C0XN,King,Carnation,WA,98014,2022,BMW,X5,Plug-in Hybrid Electric Vehicle (PHEV),Clean Alternative Fuel Vehicle Eligible,30,5.0,199401233,POINT (-121.91353 47.64901),PUGET SOUND ENERGY INC||CITY OF TACOMA - (WA),53033032500
5YJSA1BG2D,Snohomish,Gold Bar,WA,98251,2013,TESLA,MODEL S,Battery Electric Vehicle (BEV),Clean Alternative Fuel Vehicle Eligible,208,39.0,215266824,POINT (-121.69743 47.85565),BONNEVILLE POWER ADMINISTRATION||PUD 1 OF SNOHOMISH COUNTY,53061053803
5YJSA1E22G,Jefferson,Nordland,WA,98358,2016,TESLA,MODEL S,Battery Electric Vehicle (BEV),Clean Alternative Fuel Vehicle Eligible,210,24.0,349792635,POINT (-122.69107 48.05105),BONNEVILLE POWER ADMINISTRATION||PUGET SOUND ENERGY INC||PUD NO 1 OF JEFFERSON COUNTY,53031950400
5YJ3E1EB4J,Snohomish,Snohomish,WA,98296,2018,TESLA,MODEL 3,Battery Electric Vehicle (BEV),Clean Alternative Fuel Vehicle Eligible,215,1.0,475873338,POINT (-122.1389 47.87115),PUGET SOUND ENERGY INC,53061052107
5YJYGDEE4L,Pierce,Gig Harbor,WA,98332,2020,TESLA,MODEL Y,Battery Electric Vehicle (BEV),Clean Alternative Fuel Vehicle Eligible,291,26.0,259820172,POINT (-122.58964 47.34235),BONNEVILLE POWER ADMINISTRATION||CITY OF TACOMA - (WA)||PENINSULA LIGHT COMPANY,53053072508
1N4AZ0CP6G,Kitsap,Kingston,WA,98346,2016,NISSAN,LEAF,Battery Electric Vehicle (BEV),Clean Alternative Fuel Vehicle Eligible,84,23.0,263430884,POINT (-122.4977 47.79802),PUGET SOUND ENERGY INC,53035090202
2C4RC1S79P,Jefferson,Port Townsend,WA,98368,2023,CHRYSLER,PACIFICA,Plug-in Hybrid Electric Vehicle (PHEV),Clean Alternative Fuel Vehicle Eligible,32,24.0,265840431,POINT (-122.77263 48.1212),BONNEVILLE POWER ADMINISTRATION||PUGET SOUND ENERGY INC||PUD NO 1 OF JEFFERSON COUNTY,53031950603
JHMZC5F38J,Okanogan,Winthrop,WA,98862,2018,HONDA,CLARITY,Plug-in Hybrid Electric Vehicle (PHEV),Clean Alternative Fuel Vehicle Eligible,47,12.0,110473933,POINT (-120.17739 48.47396),"OKANOGAN COUNTY ELEC COOP, INC",53047970900
KNDCE3LG9L,King,Bellevue,WA,98004,2020,KIA,NIRO,Battery Electric Vehicle (BEV),Clean Alternative Fuel Vehicle Eligible,239,48.0,219014694,POINT (-122.1872 47.61001),PUGET SOUND ENERGY INC||CITY OF TACOMA - (WA),53033023701
WBAJB1C51K,King,Seattle,WA,98144,2019,BMW,530E,Plug-in Hybrid Electric Vehicle (PHEV),Not eligible due to low battery range,15,37.0,198203505,POINT (-122.30866 47.57874),CITY OF SEATTLE - (WA)|CITY OF TACOMA - (WA),53033009500
YV4H60DM8R,King,Redmond,WA,98052,2024,VOLVO,XC60,Plug-in Hybrid Electric Vehicle (PHEV),Clean Alternative Fuel Vehicle Eligible,35,48.0,258871238,POINT (-122.13158 47.67858),PUGET SOUND ENERGY INC||CITY OF TACOMA - (WA),53033022606
1C4JJXP68N,Thurston,Rainier,WA,98576,2022,JEEP,WRANGLER,Plug-in Hybrid Electric Vehicle (PHEV),Not eligible due to low battery range,21,2.0,207224762,POINT (-122.68993 46.88897),PUGET SOUND ENERGY INC,53067012530
ZACPDFCW0R,King,Tukwila,WA,98188,2024,DODGE,HORNET,Plug-in Hybrid Electric Vehicle (PHEV),Clean Alternative Fuel Vehicle Eligible,32,11.0,261202616,POINT (-122.27979 47.44952),PUGET SOUND ENERGY INC||CITY OF TACOMA - (WA),53033028200
1N4AZ1CPXJ,King,Seattle,WA,98122,2018,NISSAN,LEAF,Battery Electric Vehicle (BEV),Clean Alternative Fuel Vehicle Eligible,151,37.0,474012570,POINT (-122.31009 47.60803),CITY OF SEATTLE - (WA)|CITY OF TACOMA - (WA),53033008800
1C4RJYB66R,Pierce,Gig Harbor,WA,98335,2024,JEEP,GRAND CHEROKEE,Plug-in Hybrid Electric Vehicle (PHEV),Not eligible due to low battery range,25,26.0,284652595,POINT (-122.58009 47.328),BONNEVILLE POWER ADMINISTRATION||CITY OF TACOMA - (WA)||PENINSULA LIGHT COMPANY,53053072407
1C4JJXP67M,King,Shoreline,WA,98155,2021,JEEP,WRANGLER,Plug-in Hybrid Electric Vehicle (PHEV),Not eligible due to low battery range,25,32.0,169437404,POINT (-122.30304 47.75494),CITY OF SEATTLE - (WA)|CITY OF TACOMA - (WA),53033020500
JTDKN3DP5E,Whatcom,Bellingham,WA,98229,2014,TOYOTA,PRIUS,Plug-in Hybrid Electric Vehicle (PHEV),Not eligible due to low battery range,6,40.0,180364537,POINT (-122.45486 48.7449),PUGET SOUND ENERGY INC||PUD NO 1 OF WHATCOM COUNTY,53073000700
ZACPDFCW4R,King,Tukwila,WA,98188,2024,DODGE,HORNET,Plug-in Hybrid Electric Vehicle (PHEV),Clean Alternative Fuel Vehicle Eligible,32,11.0,260245506,POINT (-122.27979 47.44952),PUGET SOUND ENERGY INC||CITY OF TACOMA - (WA),53033028200
W1NKM5GB0S,King,Seattle,WA,98112,2025,MERCEDES-BENZ,GLC-CLASS,Plug-in Hybrid Electric Vehicle (PHEV),Clean Alternative Fuel Vehicle Eligible,54,43.0,281294989,POINT (-122.30207 47.64085),CITY OF SEATTLE - (WA)|CITY OF TACOMA - (WA),53033006400
JTDKAMFP5M,Kitsap,Bainbridge Island,WA,98110,2021,TOYOTA,PRIUS PRIME (PHEV),Plug-in Hybrid Electric Vehicle (PHEV),Not eligible due to low battery range,25,23.0,249776663,POINT (-122.521 47.62732),PUGET SOUND ENERGY INC,53035090700
5YJ3E1EB1K,Yakima,Yakima,WA,98902,2019,TESLA,MODEL 3,Battery Electric Vehicle (BEV),Clean Alternative Fuel Vehicle Eligible,220,14.0,272512824,POINT (-120.51904 46.59783),PACIFICORP,53077001202
ZACPDFCWXR,Pierce,Orting,WA,98360,2024,DODGE,HORNET,Plug-in Hybrid Electric Vehicle (PHEV),Clean Alternative Fuel Vehicle Eligible,32,2.0,283009142,POINT (-122.20166 47.09596),PUGET SOUND ENERGY INC||CITY OF TACOMA - (WA),53053070404
5YJXCBE21J,Franklin,Pasco,WA,99301,2018,TESLA,MODEL X,Battery Electric Vehicle (BEV),Clean Alternative Fuel Vehicle Eligible,238,9.0,323791436,POINT (-119.09467 46.23542),BONNEVILLE POWER ADMINISTRATION||PUD NO 1 OF FRANKLIN COUNTY,53021020608
KL8CK6S07F,Whitman,Pullman,WA,99163,2015,CHEVROLET,SPARK,Battery Electric Vehicle (BEV),Clean Alternative Fuel Vehicle Eligible,82,9.0,193670662,POINT (-117.18147 46.73015),AVISTA CORP,53075000201
ZACPDFCW6R,King,Tukwila,WA,98188,2024,DODGE,HORNET,Plug-in Hybrid Electric Vehicle (PHEV),Clean Alternative Fuel Vehicle Eligible,32,11.0,260674781,POINT (-122.27979 47.44952),PUGET SOUND ENERGY INC||CITY OF TACOMA - (WA),53033028200
5YJ3E1EB8L,King,Newcastle,WA,98056,2020,TESLA,MODEL 3,Battery Electric Vehicle (BEV),Clean Alternative Fuel Vehicle Eligible,322,41.0,124614654,POINT (-122.18839 47.51197),PUGET SOUND ENERGY INC||CITY OF TACOMA - (WA),53033024703
KNDCC3LG2L,Snohomish,Bothell,WA,98012,2020,KIA,NIRO,Battery Electric Vehicle (BEV),Clean Alternative Fuel Vehicle Eligible,239,44.0,149040433,POINT (-122.20105 47.84423),PUGET SOUND ENERGY INC,53061052007
JTMAB3FV0R,King,Vashon,WA,98070,2024,TOYOTA,RAV4 PRIME (PHEV),Plug-in Hybrid Electric Vehicle (PHEV),Clean Alternative Fuel Vehicle Eligible,42,34.0,262425194,POINT (-122.4573 47.44929),PUGET SOUND ENERGY INC||CITY OF TACOMA - (WA),53033027702
5YJ3E1EA3J,King,Seattle,WA,98102,2018,TESLA,MODEL 3,Battery Electric Vehicle (BEV),Clean Alternative Fuel Vehicle Eligible,215,43.0,246107102,POINT (-122.32427 47.63433),CITY OF SEATTLE - (WA)|CITY OF TACOMA - (WA),53033007501
2C4RC1S72M,Clark,Vancouver,WA,98662,2021,CHRYSLER,PACIFICA,Plug-in Hybrid Electric Vehicle (PHEV),Clean Alternative Fuel Vehicle Eligible,32,17.0,145848034,POINT (-122.57722 45.64251),BONNEVILLE POWER ADMINISTRATION||PUD NO 1 OF CLARK COUNTY - (WA),53011040806
1FMCU0E1XP,Kitsap,Bremerton,WA,98312,2023,FORD,ESCAPE,Plug-in Hybrid Electric Vehicle (PHEV),Clean Alternative Fuel Vehicle Eligible,37,35.0,290393211,POINT (-122.65223 47.57192),PUGET SOUND ENERGY INC,53035080700
1N4AZ1CP3K,Mason,Shelton,WA,98584,2019,NISSAN,LEAF,Battery Electric Vehicle (BEV),Clean Alternative Fuel Vehicle Eligible,150,35.0,320532208,POINT (-123.10616 47.21253),BONNEVILLE POWER ADMINISTRATION||CITY OF TACOMA - (WA)||PUD NO 3 OF MASON COUNTY,53045961000
5YJSA1E26K,Pierce,Anderson Island,WA,98303,2019,TESLA,MODEL S,Battery Electric Vehicle (BEV),Clean Alternative Fuel Vehicle Eligible,270,28.0,281107389,POINT (-122.67876 47.17794),BONNEVILLE POWER ADMINISTRATION||CITY OF TACOMA - (WA)||PENINSULA LIGHT COMPANY,53053072603
YV4H60CX9P,Clark,Camas,WA,98607,2023,VOLVO,XC90,Plug-in Hybrid Electric Vehicle (PHEV),Clean Alternative Fuel Vehicle Eligible,32,14.0,231114110,POINT (-122.40199 45.58694),BONNEVILLE POWER ADMINISTRATION||PUD NO 1 OF CLARK COUNTY - (WA),53011040511
JM3KKBHA4S,Whatcom,Bellingham,WA,98226,2025,MAZDA,CX-90,Plug-in Hybrid Electric Vehicle (PHEV),Not eligible due to low battery range,26,40.0,273827235,POINT (-122.49756 48.7999),PUGET SOUND ENERGY INC||PUD NO 1 OF WHATCOM COUNTY,53073000803
JTJHKCFZ2S,King,Renton,WA,98055,2025,LEXUS,NX,Plug-in Hybrid Electric Vehicle (PHEV),Clean Alternative Fuel Vehicle Eligible,37,11.0,277387925,POINT (-122.19488 47.44035),PUGET SOUND ENERGY INC||CITY OF TACOMA - (WA),53033025806
5YJSA1E46H,King,Sammamish,WA,98075,2017,TESLA,MODEL S,Battery Electric Vehicle (BEV),Clean Alternative Fuel Vehicle Eligible,210,41.0,109811278,POINT (-122.03539 47.61344),PUGET SOUND ENERGY INC||CITY OF TACOMA - (WA),53033032207
1N4AZ0CP3F,King,Redmond,WA,98052,2015,NISSAN,LEAF,Battery Electric Vehicle (BEV),Clean Alternative Fuel Vehicle Eligible,84,45.0,204795,POINT (-122.13158 47.67858),PUGET SOUND ENERGY INC||CITY OF TACOMA - (WA),53033032321
1N4BZ0CPXG,Pierce,Tacoma,WA,98402,2016,NISSAN,LEAF,Battery Electric Vehicle (BEV),Clean Alternative Fuel Vehicle Eligible,84,27.0,219718180,POINT (-122.44164 47.25517),BONNEVILLE POWER ADMINISTRATION||CITY OF TACOMA - (WA)||PENINSULA LIGHT COMPANY,53053061501
1N4AZ1BPXL,Thurston,Olympia,WA,98501,2020,NISSAN,LEAF,Battery Electric Vehicle (BEV),Clean Alternative Fuel Vehicle Eligible,149,22.0,161849124,POINT (-122.89165 47.03954),PUGET SOUND ENERGY INC,53067010100
5YJ3E1EA1L,Benton,Kennewick,WA,99338,2020,TESLA,MODEL 3,Battery Electric Vehicle (BEV),Clean Alternative Fuel Vehicle Eligible,266,8.0,249964207,POINT (-119.3118 46.20665),BONNEVILLE POWER ADMINISTRATION||PUD NO 1 OF BENTON COUNTY,53005010815
5YJSA1S26F,King,Bellevue,WA,98004,2015,TESLA,MODEL S,Battery Electric Vehicle (BEV),Clean Alternative Fuel Vehicle Eligible,208,48.0,102700083,POINT (-122.1872 47.61001),PUGET SOUND ENERGY INC||CITY OF TACOMA - (WA),53033024001
JTDACACUXR,Snohomish,Lynnwood,WA,98087,2024,TOYOTA,PRIUS PRIME (PHEV),Plug-in Hybrid Electric Vehicle (PHEV),Clean Alternative Fuel Vehicle Eligible,39,21.0,281964700,POINT (-122.27981 47.85727),PUGET SOUND ENERGY INC,53061050102
1G1FW6S01H,Kitsap,Port Orchard,WA,98366,2017,CHEVROLET,BOLT EV,Battery Electric Vehicle (BEV),Clean Alternative Fuel Vehicle Eligible,238,26.0,143760585,POINT (-122.63847 47.54103),PUGET SOUND ENERGY INC,53035092600
5YJ3E1EB1J,King,Kent,WA,98030,2018,TESLA,MODEL 3,Battery Electric Vehicle (BEV),Clean Alternative Fuel Vehicle Eligible,215,33.0,122245910,POINT (-122.19975 47.37483),PUGET SOUND ENERGY INC||CITY OF TACOMA - (WA),53033029702
JTDACACU7R,Island,Camano Island,WA,98282,2024,TOYOTA,PRIUS PRIME (PHEV),Plug-in Hybrid Electric Vehicle (PHEV),Clean Alternative Fuel Vehicle Eligible,39,10.0,261414856,POINT (-122.40049 48.23986),BONNEVILLE POWER ADMINISTRATION||PUD 1 OF SNOHOMISH COUNTY,53029971500
2C4RC1N79J,King,Enumclaw,WA,98022,2018,CHRYSLER,PACIFICA,Plug-in Hybrid Electric Vehicle (PHEV),Clean Alternative Fuel Vehicle Eligible,33,5.0,256848042,POINT (-121.99136 47.20433),PUGET SOUND ENERGY INC||CITY OF TACOMA - (WA),53033031202
KNDCM3LD7K,King,Seattle,WA,98178,2019,KIA,NIRO,Plug-in Hybrid Electric Vehicle (PHEV),Not eligible due to low battery range,26,37.0,199384790,POINT (-122.25031 47.49481),PUGET SOUND ENERGY INC||CITY OF TACOMA - (WA),53033011902
5YJSA1E21G,King,Seattle,WA,98109,2016,TESLA,MODEL S,Battery Electric Vehicle (BEV),Clean Alternative Fuel Vehicle Eligible,210,36.0,269442533,POINT (-122.35022 47.63824),CITY OF SEATTLE - (WA)|CITY OF TACOMA - (WA),53033006701
1G1RB6E48F,Snohomish,Everett,WA,98208,2015,CHEVROLET,VOLT,Plug-in Hybrid Electric Vehicle (PHEV),Clean Alternative Fuel Vehicle Eligible,38,44.0,260182541,POINT (-122.18637 47.89251),PUGET SOUND ENERGY INC,53061041609
5YJYGDEF4L,Cowlitz,Woodland,WA,98674,2020,TESLA,MODEL Y,Battery Electric Vehicle (BEV),Clean Alternative Fuel Vehicle Eligible,291,20.0,121765010,POINT (-122.74017 45.9094),BONNEVILLE POWER ADMINISTRATION||PUD NO 1 OF COWLITZ COUNTY,53015001504
JTMFB3FV7R,King,Seattle,WA,98125,2024,TOYOTA,RAV4 PRIME (PHEV),Plug-in Hybrid Electric Vehicle (PHEV),Clean Alternative Fuel Vehicle Eligible,42,46.0,274145133,POINT (-122.30253 47.72656),CITY OF SEATTLE - (WA)|CITY OF TACOMA - (WA),53033000900
JTDKN3DP2F,Clark,Camas,WA,98607,2015,TOYOTA,PRIUS,Plug-in Hybrid Electric Vehicle (PHEV),Not eligible due to low battery range,6,18.0,285521974,POINT (-122.40199 45.58694),BONNEVILLE POWER ADMINISTRATION||PUD NO 1 OF CLARK COUNTY - (WA),53011041500
JTJCJMGA4R,Pierce,Tacoma,WA,98407,2024,LEXUS,RX,Plug-in Hybrid Electric Vehicle (PHEV),Clean Alternative Fuel Vehicle Eligible,37,27.0,271915059,POINT (-122.54304 47.31803),BONNEVILLE POWER ADMINISTRATION||CITY OF TACOMA - (WA)||PENINSULA LIGHT COMPANY,53053060300
5YJSA1E25H,Snohomish,Lynnwood,WA,98036,2017,TESLA,MODEL S,Battery Electric Vehicle (BEV),Clean Alternative Fuel Vehicle Eligible,210,32.0,187383808,POINT (-122.29245 47.82557),PUGET SOUND ENERGY INC,53061051500
5YJXCAE27H,King,Bellevue,WA,98004,2017,TESLA,MODEL X,Battery Electric Vehicle (BEV),Clean Alternative Fuel Vehicle Eligible,200,48.0,278498118,POINT (-122.1872 47.61001),PUGET SOUND ENERGY INC||CITY OF TACOMA - (WA),53033024002
1C4JJXP67N,Snohomish,Lynnwood,WA,98037,2022,JEEP,WRANGLER,Plug-in Hybrid Electric Vehicle (PHEV),Not eligible due to low battery range,21,32.0,198848940,POINT (-122.27734 47.83785),PUGET SOUND ENERGY INC,53061051701
3C3CFFGE2D,Snohomish,Everett,WA,98204,2013,FIAT,500,Battery Electric Vehicle (BEV),Clean Alternative Fuel Vehicle Eligible,87,38.0,110117962,POINT (-122.27557 47.88936),PUGET SOUND ENERGY INC,53061041907
JTDACACU4S,Pierce,South Hill,WA,98374,2025,TOYOTA,PRIUS PRIME (PHEV),Plug-in Hybrid Electric Vehicle (PHEV),Clean Alternative Fuel Vehicle Eligible,39,25.0,284819965,POINT (-122.27504 47.13926),PUGET SOUND ENERGY INC||CITY OF TACOMA - (WA),53053073123
JTDACACU5R,Grays Harbor,Aberdeen,WA,98520,2024,TOYOTA,PRIUS PRIME (PHEV),Plug-in Hybrid Electric Vehicle (PHEV),Clean Alternative Fuel Vehicle Eligible,39,19.0,281527501,POINT (-123.81619 46.97606),BONNEVILLE POWER ADMINISTRATION||PUD NO 1 OF GRAYS HARBOR COUNTY,53027001100
1G1FW6S04L,Kitsap,Bainbridge Island,WA,98110,2020,CHEVROLET,BOLT EV,Battery Electric Vehicle (BEV),Clean Alternative Fuel Vehicle Eligible,259,23.0,262794647,POINT (-122.521 47.62732),PUGET SOUND ENERGY INC,53035090800
YV4H60RC8S,King,Seattle,WA,98136,2025,VOLVO,XC60,Plug-in Hybrid Electric Vehicle (PHEV),Clean Alternative Fuel Vehicle Eligible,35,34.0,282377427,POINT (-122.38415 47.53755),CITY OF SEATTLE - (WA)|CITY OF TACOMA - (WA),53033012000
KNDJX3AEXG,Whatcom,Blaine,WA,98230,2016,KIA,SOUL,Battery Electric Vehicle (BEV),Clean Alternative Fuel Vehicle Eligible,93,42.0,4857324,POINT (-122.74823 48.99405),PUGET SOUND ENERGY INC||PUD NO 1 OF WHATCOM COUNTY,53073010408
1C4RJXN6XR,Pierce,Bonney Lake,WA,98391,2024,JEEP,WRANGLER,Plug-in Hybrid Electric Vehicle (PHEV),Not eligible due to low battery range,21,31.0,253269418,POINT (-122.17144 47.19175),PUGET SOUND ENERGY INC||CITY OF TACOMA - (WA),53053070309
1N4BZ1CP1K,Clark,Vancouver,WA,98683,2019,NISSAN,LEAF,Battery Electric Vehicle (BEV),Clean Alternative Fuel Vehicle Eligible,150,17.0,477488665,POINT (-122.49212 45.60365),BONNEVILLE POWER ADMINISTRATION||PUD NO 1 OF CLARK COUNTY - (WA),53011041309
5YJXCAE45G,King,Shoreline,WA,98177,2016,TESLA,MODEL X,Battery Electric Vehicle (BEV),Clean Alternative Fuel Vehicle Eligible,200,32.0,3989646,POINT (-122.37238 47.74068),CITY OF SEATTLE - (WA)|CITY OF TACOMA - (WA),53033020900
1N4BZ1CP5K,King,Issaquah,WA,98029,2019,NISSAN,LEAF,Battery Electric Vehicle (BEV),Clean Alternative Fuel Vehicle Eligible,150,5.0,148904227,POINT (-122.01656 47.57118),PUGET SOUND ENERGY INC||CITY OF TACOMA - (WA),53033032221
5UX43EU07S,King,Sammamish,WA,98075,2025,BMW,X5,Plug-in Hybrid Electric Vehicle (PHEV),Clean Alternative Fuel Vehicle Eligible,40,41.0,278398676,POINT (-122.03539 47.61344),PUGET SOUND ENERGY INC||CITY OF TACOMA - (WA),53033032215
1N4AZ0CP1D,King,Bellevue,WA,98005,2013,NISSAN,LEAF,Battery Electric Vehicle (BEV),Clean Alternative Fuel Vehicle Eligible,75,41.0,238673585,POINT (-122.1621 47.64441),PUGET SOUND ENERGY INC||CITY OF TACOMA - (WA),53033023604
5UX43EU08R,King,Seattle,WA,98101,2024,BMW,X5,Plug-in Hybrid Electric Vehicle (PHEV),Clean Alternative Fuel Vehicle Eligible,39,43.0,258394972,POINT (-122.34223 47.61085),CITY OF SEATTLE - (WA)|CITY OF TACOMA - (WA),53033008101
JTMFB3FV9R,Whatcom,Bellingham,WA,98229,2024,TOYOTA,RAV4 PRIME (PHEV),Plug-in Hybrid Electric Vehicle (PHEV),Clean Alternative Fuel Vehicle Eligible,42,40.0,268341062,POINT (-122.45486 48.7449),PUGET SOUND ENERGY INC||PUD NO 1 OF WHATCOM COUNTY,53073001101
1N4AZ0CPXF,Whatcom,Bellingham,WA,98225,2015,NISSAN,LEAF,Battery Electric Vehicle (BEV),Clean Alternative Fuel Vehicle Eligible,84,40.0,175456284,POINT (-122.47091 48.75256),PUGET SOUND ENERGY INC||PUD NO 1 OF WHATCOM COUNTY,53073001101
1G1RA6E44E,Kitsap,Poulsbo,WA,98370,2014,CHEVROLET,VOLT,Plug-in Hybrid Electric Vehicle (PHEV),Clean Alternative Fuel Vehicle Eligible,38,23.0,334999941,POINT (-122.64681 47.73689),PUGET SOUND ENERGY INC,53035090201
JTDKN3DP8C,King,Pacific,WA,98047,2012,TOYOTA,PRIUS,Plug-in Hybrid Electric Vehicle (PHEV),Not eligible due to low battery range,6,30.0,245882311,POINT (-122.24692 47.26465),PUGET SOUND ENERGY INC||CITY OF TACOMA - (WA),53033030902
JHMZC5F37J,King,Sammamish,WA,98075,2018,HONDA,CLARITY,Plug-in Hybrid Electric Vehicle (PHEV),Clean Alternative Fuel Vehicle Eligible,47,41.0,475454115,POINT (-122.03539 47.61344),PUGET SOUND ENERGY INC||CITY OF TACOMA - (WA),53033032207
5YJSA1E4XK,King,Seattle,WA,98177,2019,TESLA,MODEL S,Battery Electric Vehicle (BEV),Clean Alternative Fuel Vehicle Eligible,270,32.0,281992861,POINT (-122.37238 47.74068),CITY OF SEATTLE - (WA)|CITY OF TACOMA - (WA),53033000500
5YJXCDE4XL,Thurston,Olympia,WA,98502,2020,TESLA,MODEL X,Battery Electric Vehicle (BEV),Clean Alternative Fuel Vehicle Eligible,289,22.0,127274675,POINT (-122.92333 47.03779),PUGET SOUND ENERGY INC,53067011100
5YJXCBE23G,Yakima,Selah,WA,98942,2016,TESLA,MODEL X,Battery Electric Vehicle (BEV),Clean Alternative Fuel Vehicle Eligible,200,15.0,204901763,POINT (-120.53145 46.65405),PACIFICORP,53077003400
WBY8P2C04L,Island,Langley,WA,98260,2020,BMW,I3,Battery Electric Vehicle (BEV),Clean Alternative Fuel Vehicle Eligible,153,10.0,261423732,POINT (-122.40618 48.0399),PUGET SOUND ENERGY INC,53029972000
5YJ3E1EA1K,Thurston,Yelm,WA,98597,2019,TESLA,MODEL 3,Battery Electric Vehicle (BEV),Clean Alternative Fuel Vehicle Eligible,220,2.0,233872691,POINT (-122.60735 46.94239),PUGET SOUND ENERGY INC,53067012421
5YJ3E1EBXJ,King,Bellevue,WA,98004,2018,TESLA,MODEL 3,Battery Electric Vehicle (BEV),Clean Alternative Fuel Vehicle Eligible,215,41.0,131272823,POINT (-122.1872 47.61001),PUGET SOUND ENERGY INC||CITY OF TACOMA - (WA),53033023808
YV4H60CF3R,King,Seattle,WA,98117,2024,VOLVO,XC90,Plug-in Hybrid Electric Vehicle (PHEV),Clean Alternative Fuel Vehicle Eligible,32,36.0,272121853,POINT (-122.38418 47.70044),CITY OF SEATTLE - (WA)|CITY OF TACOMA - (WA),53033001600
WBS83GV04S,Pierce,Tacoma,WA,98407,2025,BMW,M5,Plug-in Hybrid Electric Vehicle (PHEV),Not eligible due to low battery range,25,27.0,279331384,POINT (-122.54304 47.31803),BONNEVILLE POWER ADMINISTRATION||CITY OF TACOMA - (WA)||PENINSULA LIGHT COMPANY,53053060500
1G1RB6S58J,Jefferson,Nordland,WA,98358,2018,CHEVROLET,VOLT,Plug-in Hybrid Electric Vehicle (PHEV),Clean Alternative Fuel Vehicle Eligible,53,24.0,476198054,POINT (-122.69107 48.05105),BONNEVILLE POWER ADMINISTRATION||PUGET SOUND ENERGY INC||PUD NO 1 OF JEFFERSON COUNTY,53031950400
4JGFB4GB8S,Skagit,Anacortes,WA,98221,2025,MERCEDES-BENZ,GLE-CLASS,Plug-in Hybrid Electric Vehicle (PHEV),Clean Alternative Fuel Vehicle Eligible,49,40.0,275657063,POINT (-122.61216 48.51749),PUGET SOUND ENERGY INC,53057940201
JF2GTDNC8K,King,Seattle,WA,98102,2019,SUBARU,CROSSTREK,Plug-in Hybrid Electric Vehicle (PHEV),Not eligible due to low battery range,17,43.0,187169482,POINT (-122.32427 47.63433),CITY OF SEATTLE - (WA)|CITY OF TACOMA - (WA),53033007501
5YJ3E1EB9L,Whatcom,Bellingham,WA,98229,2020,TESLA,MODEL 3,Battery Electric Vehicle (BEV),Clean Alternative Fuel Vehicle Eligible,322,40.0,244483102,POINT (-122.45486 48.7449),PUGET SOUND ENERGY INC||PUD NO 1 OF WHATCOM COUNTY,53073000805
WVWPP7AU5G,Snohomish,Everett,WA,98201,2016,VOLKSWAGEN,E-GOLF,Battery Electric Vehicle (BEV),Clean Alternative Fuel Vehicle Eligible,83,38.0,2339529,POINT (-122.20596 47.97659),PUGET SOUND ENERGY INC,53061040800
5YJ3E1EA2L,King,Kirkland,WA,98033,2020,TESLA,MODEL 3,Battery Electric Vehicle (BEV),Clean Alternative Fuel Vehicle Eligible,266,48.0,103555721,POINT (-122.2066 47.67887),PUGET SOUND ENERGY INC||CITY OF TACOMA - (WA),53033022603
KNDCR3LF1S,King,Vashon,WA,98070,2025,KIA,NIRO,Plug-in Hybrid Electric Vehicle (PHEV),Clean Alternative Fuel Vehicle Eligible,33,34.0,286551807,POINT (-122.4573 47.44929),PUGET SOUND ENERGY INC||CITY OF TACOMA - (WA),53033027702
ZACPDFCW5R,King,Tukwila,WA,98188,2024,DODGE,HORNET,Plug-in Hybrid Electric Vehicle (PHEV),Clean Alternative Fuel Vehicle Eligible,32,11.0,264812187,POINT (-122.27979 47.44952),PUGET SOUND ENERGY INC||CITY OF TACOMA - (WA),53033028200
4JGDA6DB5H,King,Tukwila,WA,98168,2017,MERCEDES-BENZ,GLE-CLASS,Plug-in Hybrid Electric Vehicle (PHEV),Not eligible due to low battery range,10,11.0,198565839,POINT (-122.29411 47.48924),CITY OF SEATTLE - (WA)|CITY OF TACOMA - (WA),53033027100
1G1RC6S58H,King,Bellevue,WA,98008,2017,CHEVROLET,VOLT,Plug-in Hybrid Electric Vehicle (PHEV),Clean Alternative Fuel Vehicle Eligible,53,48.0,285737791,POINT (-122.11867 47.63131),PUGET SOUND ENERGY INC||CITY OF TACOMA - (WA),53033023000
1N4AZ1CP1L,Cowlitz,Longview,WA,98632,2020,NISSAN,LEAF,Battery Electric Vehicle (BEV),Clean Alternative Fuel Vehicle Eligible,149,19.0,235072155,POINT (-122.95058 46.14681),BONNEVILLE POWER ADMINISTRATION||PUD NO 1 OF COWLITZ COUNTY,53015000602
1C4RJXN68R,Kitsap,Bremerton,WA,98311,2024,JEEP,WRANGLER,Plug-in Hybrid Electric Vehicle (PHEV),Not eligible due to low battery range,21,23.0,265753904,POINT (-122.60915 47.62631),PUGET SOUND ENERGY INC,53035091204
5YJ3E1EB4J,Snohomish,Everett,WA,98208,2018,TESLA,MODEL 3,Battery Electric Vehicle (BEV),Clean Alternative Fuel Vehicle Eligible,215,44.0,474578681,POINT (-122.18637 47.89251),PUGET SOUND ENERGY INC,53061052121
5YJ3E1EB5J,King,Mercer Island,WA,98040,2018,TESLA,MODEL 3,Battery Electric Vehicle (BEV),Clean Alternative Fuel Vehicle Eligible,215,41.0,131508394,POINT (-122.21238 47.57816),PUGET SOUND ENERGY INC||CITY OF TACOMA - (WA),53033024602
5UXTA6C00N,King,Sammamish,WA,98075,2022,BMW,X5,Plug-in Hybrid Electric Vehicle (PHEV),Clean Alternative Fuel Vehicle Eligible,30,41.0,190354727,POINT (-122.03539 47.61344),PUGET SOUND ENERGY INC||CITY OF TACOMA - (WA),53033032218
1N4AZ0CP7D,King,Renton,WA,98055,2013,NISSAN,LEAF,Battery Electric Vehicle (BEV),Clean Alternative Fuel Vehicle Eligible,75,11.0,164031983,POINT (-122.19488 47.44035),PUGET SOUND ENERGY INC||CITY OF TACOMA - (WA),53033025805
5YJ3E1EB7J,King,Seattle,WA,98122,2018,TESLA,MODEL 3,Battery Electric Vehicle (BEV),Clean Alternative Fuel Vehicle Eligible,215,37.0,474972270,POINT (-122.31009 47.60803),CITY OF SEATTLE - (WA)|CITY OF TACOMA - (WA),53033008700
1G1RD6E45E,King,Bothell,WA,98011,2014,CHEVROLET,VOLT,Plug-in Hybrid Electric Vehicle (PHEV),Clean Alternative Fuel Vehicle Eligible,38,1.0,206817971,POINT (-122.20563 47.76144),PUGET SOUND ENERGY INC||CITY OF TACOMA - (WA),53033021804
1N4AZ0CP1F,Snohomish,Lynnwood,WA,98037,2015,NISSAN,LEAF,Battery Electric Vehicle (BEV),Clean Alternative Fuel Vehicle Eligible,84,32.0,123944187,POINT (-122.27734 47.83785),PUGET SOUND ENERGY INC,53061051802
WA1G2AFY0P,Whatcom,Bellingham,WA,98225,2023,AUDI,Q5 E,Plug-in Hybrid Electric Vehicle (PHEV),Not eligible due to low battery range,23,40.0,286520307,POINT (-122.47091 48.75256),PUGET SOUND ENERGY INC||PUD NO 1 OF WHATCOM COUNTY,53073001101
KNDCE3LG1K,King,Renton,WA,98059,2019,KIA,NIRO,Battery Electric Vehicle (BEV),Clean Alternative Fuel Vehicle Eligible,239,5.0,249373232,POINT (-122.11589 47.50243),PUGET SOUND ENERGY INC||CITY OF TACOMA - (WA),53033025104
JTMFB3FV7S,King,Seattle,WA,98133,2025,TOYOTA,RAV4 PRIME (PHEV),Plug-in Hybrid Electric Vehicle (PHEV),Clean Alternative Fuel Vehicle Eligible,42,46.0,276422163,POINT (-122.33364 47.73709),CITY OF SEATTLE - (WA)|CITY OF TACOMA - (WA),53033000300
JTDKARFP4J,Snohomish,Snohomish,WA,98290,2018,TOYOTA,PRIUS PRIME (PHEV),Plug-in Hybrid Electric Vehicle (PHEV),Not eligible due to low battery range,25,39.0,292878988,POINT (-122.09305 47.91265),PUGET SOUND ENERGY INC,53061052206
5YJ3E1EA5L,Snohomish,Mill Creek,WA,98012,2020,TESLA,MODEL 3,Battery Electric Vehicle (BEV),Clean Alternative Fuel Vehicle Eligible,266,44.0,112323508,POINT (-122.20105 47.84423),PUGET SOUND ENERGY INC,53061052004
5YJRE1A11A,King,Bellevue,WA,98004,2010,TESLA,ROADSTER,Battery Electric Vehicle (BEV),Clean Alternative Fuel Vehicle Eligible,245,48.0,137365245,POINT (-122.1872 47.61001),PUGET SOUND ENERGY INC||CITY OF TACOMA - (WA),53033023806
1FMCU0E1XS,Pierce,Tacoma,WA,98445,2025,FORD,ESCAPE,Plug-in Hybrid Electric Vehicle (PHEV),Clean Alternative Fuel Vehicle Eligible,37,25.0,290098728,POINT (-122.40872 47.16568),BONNEVILLE POWER ADMINISTRATION||CITY OF TACOMA - (WA)||PARKLAND LIGHT & WATER COMPANY|PENINSULA LIGHT COMPANY,53053071505
1C4JJXP63P,Clark,La Center,WA,98629,2023,JEEP,WRANGLER,Plug-in Hybrid Electric Vehicle (PHEV),Not eligible due to low battery range,21,18.0,235207598,POINT (-122.67248 45.86156),BONNEVILLE POWER ADMINISTRATION||PUD NO 1 OF CLARK COUNTY - (WA),53011040201
5YJ3E1EA4J,King,Seattle,WA,98125,2018,TESLA,MODEL 3,Battery Electric Vehicle (BEV),Clean Alternative Fuel Vehicle Eligible,215,46.0,349678507,POINT (-122.30253 47.72656),CITY OF SEATTLE - (WA)|CITY OF TACOMA - (WA),53033002200
JTMAB3FV3S,King,Seattle,WA,98177,2025,TOYOTA,RAV4 PRIME (PHEV),Plug-in Hybrid Electric Vehicle (PHEV),Clean Alternative Fuel Vehicle Eligible,42,32.0,276774494,POINT (-122.37238 47.74068),CITY OF SEATTLE - (WA)|CITY OF TACOMA - (WA),53033000500
5UXKT0C58J,King,Seattle,WA,98125,2018,BMW,X5,Plug-in Hybrid Electric Vehicle (PHEV),Not eligible due to low battery range,13,46.0,229900534,POINT (-122.30253 47.72656),CITY OF SEATTLE - (WA)|CITY OF TACOMA - (WA),53033000201
5YJ3E1EA3J,King,Seattle,WA,98177,2018,TESLA,MODEL 3,Battery Electric Vehicle (BEV),Clean Alternative Fuel Vehicle Eligible,215,32.0,207016092,POINT (-122.37238 47.74068),CITY OF SEATTLE - (WA)|CITY OF TACOMA - (WA),53033000500
ZACPDFDW3R,King,Sammamish,WA,98074,2024,DODGE,HORNET,Plug-in Hybrid Electric Vehicle (PHEV),Clean Alternative Fuel Vehicle Eligible,32,45.0,276552300,POINT (-122.02054 47.60326),PUGET SOUND ENERGY INC||CITY OF TACOMA - (WA),53033032316
1N4BZ0CP0H,Whitman,Pullman,WA,99163,2017,NISSAN,LEAF,Battery Electric Vehicle (BEV),Clean Alternative Fuel Vehicle Eligible,107,9.0,251270428,POINT (-117.18147 46.73015),AVISTA CORP,53075000400
YV4BR00L2N,Snohomish,Snohomish,WA,98296,2022,VOLVO,XC90,Plug-in Hybrid Electric Vehicle (PHEV),Not eligible due to low battery range,18,1.0,193608194,POINT (-122.1389 47.87115),PUGET SOUND ENERGY INC,53061052113
5YJXCDE29L,Pierce,Bonney Lake,WA,98391,2020,TESLA,MODEL X,Battery Electric Vehicle (BEV),Clean Alternative Fuel Vehicle Eligible,289,31.0,104570196,POINT (-122.17144 47.19175),PUGET SOUND ENERGY INC||CITY OF TACOMA - (WA),53053070312
5YJ3E1EAXJ,Snohomish,Lake Stevens,WA,98258,2018,TESLA,MODEL 3,Battery Electric Vehicle (BEV),Clean Alternative Fuel Vehicle Eligible,215,39.0,128943083,POINT (-122.06402 48.01497),PUGET SOUND ENERGY INC,53061052709
JTDKN3DP1D,Snohomish,Mountlake Terrace,WA,98043,2013,TOYOTA,PRIUS,Plug-in Hybrid Electric Vehicle (PHEV),Not eligible due to low battery range,6,1.0,117661379,POINT (-122.31111 47.78803),PUGET SOUND ENERGY INC,53061051301
5YJSA1H22E,King,Seattle,WA,98117,2014,TESLA,MODEL S,Battery Electric Vehicle (BEV),Clean Alternative Fuel Vehicle Eligible,208,36.0,103437904,POINT (-122.38418 47.70044),CITY OF SEATTLE - (WA)|CITY OF TACOMA - (WA),53033003000
YV4BR0DL7J,Clark,Vancouver,WA,98685,2018,VOLVO,XC60,Plug-in Hybrid Electric Vehicle (PHEV),Not eligible due to low battery range,17,18.0,334859038,POINT (-122.70303 45.70954),BONNEVILLE POWER ADMINISTRATION||PUD NO 1 OF CLARK COUNTY - (WA),53011040908
1C4JJXN61P,Pierce,Tacoma,WA,98422,2023,JEEP,WRANGLER,Plug-in Hybrid Electric Vehicle (PHEV),Not eligible due to low battery range,21,27.0,245473994,POINT (-122.37683 47.28642),BONNEVILLE POWER ADMINISTRATION||CITY OF TACOMA - (WA)||PENINSULA LIGHT COMPANY,53053940001
1G1FY6S00L,Kittitas,Ellensburg,WA,98926,2020,CHEVROLET,BOLT EV,Battery Electric Vehicle (BEV),Clean Alternative Fuel Vehicle Eligible,259,13.0,131498307,POINT (-120.54872 46.99703),PUGET SOUND ENERGY INC,53037975500
4JGFB4GB6R,Clark,Vancouver,WA,98686,2024,MERCEDES-BENZ,GLE-CLASS,Plug-in Hybrid Electric Vehicle (PHEV),Clean Alternative Fuel Vehicle Eligible,48,17.0,255246561,POINT (-122.62731 45.71668),BONNEVILLE POWER ADMINISTRATION||PUD NO 1 OF CLARK COUNTY - (WA),53011040411
JTDKAMFP3M,King,Auburn,WA,98092,2021,TOYOTA,PRIUS PRIME (PHEV),Plug-in Hybrid Electric Vehicle (PHEV),Not eligible due to low battery range,25,47.0,267776701,POINT (-122.18262 47.31825),PUGET SOUND ENERGY INC||CITY OF TACOMA - (WA),53033031207
1N4BZ1CP3K,Snohomish,Mukilteo,WA,98275,2019,NISSAN,LEAF,Battery Electric Vehicle (BEV),Clean Alternative Fuel Vehicle Eligible,150,21.0,109010569,POINT (-122.29196 47.89908),PUGET SOUND ENERGY INC,53061041301
5YJ3E1EB0J,King,Kirkland,WA,98034,2018,TESLA,MODEL 3,Battery Electric Vehicle (BEV),Clean Alternative Fuel Vehicle Eligible,215,45.0,474147733,POINT (-122.22901 47.72201),PUGET SOUND ENERGY INC||CITY OF TACOMA - (WA),53033021904
KNDCR3LF7S,Pierce,Edgewood,WA,98372,2025,KIA,NIRO,Plug-in Hybrid Electric Vehicle (PHEV),Clean Alternative Fuel Vehicle Eligible,33,31.0,277972775,POINT (-122.25646 47.21259),PUGET SOUND ENERGY INC||CITY OF TACOMA - (WA),53053073502
1N4AZ0CP6D,King,Sammamish,WA,98075,2013,NISSAN,LEAF,Battery Electric Vehicle (BEV),Clean Alternative Fuel Vehicle Eligible,75,41.0,174648722,POINT (-122.03539 47.61344),PUGET SOUND ENERGY INC||CITY OF TACOMA - (WA),53033032213
1G1RB6S54J,King,Seattle,WA,98125,2018,CHEVROLET,VOLT,Plug-in Hybrid Electric Vehicle (PHEV),Clean Alternative Fuel Vehicle Eligible,53,46.0,475081848,POINT (-122.30253 47.72656),CITY OF SEATTLE - (WA)|CITY OF TACOMA - (WA),53033001202
KNDRMDLH3N,Snohomish,Stanwood,WA,98292,2022,KIA,SORENTO,Plug-in Hybrid Electric Vehicle (PHEV),Clean Alternative Fuel Vehicle Eligible,32,10.0,195328276,POINT (-122.37265 48.24159),BONNEVILLE POWER ADMINISTRATION||PUD 1 OF SNOHOMISH COUNTY,53061053101
WP1AE2AY8L,Yakima,Yakima,WA,98908,2020,PORSCHE,CAYENNE,Plug-in Hybrid Electric Vehicle (PHEV),Not eligible due to low battery range,14,15.0,283327628,POINT (-120.60199 46.59817),PACIFICORP,53077003400
1FMCU0EZ5N,King,Renton,WA,98055,2022,FORD,ESCAPE,Plug-in Hybrid Electric Vehicle (PHEV),Clean Alternative Fuel Vehicle Eligible,38,33.0,224551743,POINT (-122.19488 47.44035),PUGET SOUND ENERGY INC||CITY OF TACOMA - (WA),53033029309
YV4H60DZ2N,King,Federal Way,WA,98023,2022,VOLVO,XC60,Plug-in Hybrid Electric Vehicle (PHEV),Clean Alternative Fuel Vehicle Eligible,35,30.0,203457831,POINT (-122.36217 47.31011),PUGET SOUND ENERGY INC||CITY OF TACOMA - (WA),53033030101
KNDCD3LD2J,Clark,La Center,WA,98629,2018,KIA,NIRO,Plug-in Hybrid Electric Vehicle (PHEV),Not eligible due to low battery range,26,18.0,152248421,POINT (-122.67248 45.86156),BONNEVILLE POWER ADMINISTRATION||PUD NO 1 OF CLARK COUNTY - (WA),53011040201
1G1RD6S54J,King,Kent,WA,98032,2018,CHEVROLET,VOLT,Plug-in Hybrid Electric Vehicle (PHEV),Clean Alternative Fuel Vehicle Eligible,53,33.0,283144760,POINT (-122.23741 47.3807),PUGET SOUND ENERGY INC||CITY OF TACOMA - (WA),53033029205
5YJ3E1EA9J,King,Kirkland,WA,98033,2018,TESLA,MODEL 3,Battery Electric Vehicle (BEV),Clean Alternative Fuel Vehicle Eligible,215,45.0,147150636,POINT (-122.2066 47.67887),PUGET SOUND ENERGY INC||CITY OF TACOMA - (WA),53033022603
JTDKARFP1H,King,Seattle,WA,98133,2017,TOYOTA,PRIUS PRIME (PHEV),Plug-in Hybrid Electric Vehicle (PHEV),Not eligible due to low battery range,25,32.0,320807756,POINT (-122.33364 47.73709),CITY OF SEATTLE - (WA)|CITY OF TACOMA - (WA),53033001400
5UXTA6C01N,King,Bellevue,WA,98004,2022,BMW,X5,Plug-in Hybrid Electric Vehicle (PHEV),Clean Alternative Fuel Vehicle Eligible,30,48.0,207769313,POINT (-122.1872 47.61001),PUGET SOUND ENERGY INC||CITY OF TACOMA - (WA),53033024001
5YJ3E1EB8K,King,Bellevue,WA,98005,2019,TESLA,MODEL 3,Battery Electric Vehicle (BEV),Clean Alternative Fuel Vehicle Eligible,220,41.0,478194279,POINT (-122.1621 47.64441),PUGET SOUND ENERGY INC||CITY OF TACOMA - (WA),53033023500
1N4AZ0CP3F,Pierce,University Place,WA,98467,2015,NISSAN,LEAF,Battery Electric Vehicle (BEV),Clean Alternative Fuel Vehicle Eligible,84,28.0,140037404,POINT (-122.50669 47.20313),BONNEVILLE POWER ADMINISTRATION||CITY OF TACOMA - (WA)||PENINSULA LIGHT COMPANY,53053072312
1N4AZ0CP4F,Snohomish,Edmonds,WA,98026,2015,NISSAN,LEAF,Battery Electric Vehicle (BEV),Clean Alternative Fuel Vehicle Eligible,84,32.0,227912086,POINT (-122.31768 47.87166),PUGET SOUND ENERGY INC,53061050800
2T3YL4DV7C,Snohomish,Lake Stevens,WA,98258,2012,TOYOTA,RAV4,Battery Electric Vehicle (BEV),Clean Alternative Fuel Vehicle Eligible,103,39.0,197492781,POINT (-122.06402 48.01497),PUGET SOUND ENERGY INC,53061053603
5YJXCBE20G,Benton,West Richland,WA,99353,2016,TESLA,MODEL X,Battery Electric Vehicle (BEV),Clean Alternative Fuel Vehicle Eligible,200,8.0,124497439,POINT (-119.33836 46.29696),BONNEVILLE POWER ADMINISTRATION||PUD NO 1 OF BENTON COUNTY,53005010705
5YJSA1E21J,King,Bellevue,WA,98004,2018,TESLA,MODEL S,Battery Electric Vehicle (BEV),Clean Alternative Fuel Vehicle Eligible,249,48.0,273413997,POINT (-122.1872 47.61001),PUGET SOUND ENERGY INC||CITY OF TACOMA - (WA),53033024001
WA1F2AFY6R,Kitsap,Port Orchard,WA,98366,2024,AUDI,Q5 E,Plug-in Hybrid Electric Vehicle (PHEV),Not eligible due to low battery range,23,26.0,273525794,POINT (-122.63847 47.54103),PUGET SOUND ENERGY INC,53035092500
WA1VAAGE3K,King,Renton,WA,98058,2019,AUDI,E-TRON,Battery Electric Vehicle (BEV),Clean Alternative Fuel Vehicle Eligible,204,11.0,476728206,POINT (-122.08747 47.4466),PUGET SOUND ENERGY INC||CITY OF TACOMA - (WA),53033031906
5YJ3E1EB9J,Benton,Kennewick,WA,99337,2018,TESLA,MODEL 3,Battery Electric Vehicle (BEV),Clean Alternative Fuel Vehicle Eligible,215,16.0,475335535,POINT (-119.14432 46.18741),BONNEVILLE POWER ADMINISTRATION||PUD NO 1 OF BENTON COUNTY,53005011402
KNDRJDJH9S,King,Issaquah,WA,98027,2025,KIA,SORENTO,Plug-in Hybrid Electric Vehicle (PHEV),Clean Alternative Fuel Vehicle Eligible,30,5.0,280663582,POINT (-122.03439 47.5301),PUGET SOUND ENERGY INC||CITY OF TACOMA - (WA),53033032103
1FADP5CU6D,King,Kirkland,WA,98034,2013,FORD,C-MAX,Plug-in Hybrid Electric Vehicle (PHEV),Not eligible due to low battery range,19,45.0,251959158,POINT (-122.22901 47.72201),PUGET SOUND ENERGY INC||CITY OF TACOMA - (WA),53033021903
KNDCC3LG7K,Snohomish,Everett,WA,98203,2019,KIA,NIRO,Battery Electric Vehicle (BEV),Clean Alternative Fuel Vehicle Eligible,239,38.0,8040021,POINT (-122.23019 47.94949),PUGET SOUND ENERGY INC,53061041304
1G1RA6E43C,Pierce,Graham,WA,98338,2012,CHEVROLET,VOLT,Plug-in Hybrid Electric Vehicle (PHEV),Clean Alternative Fuel Vehicle Eligible,35,28.0,348897167,POINT (-122.29477 47.05703),BONNEVILLE POWER ADMINISTRATION||CITY OF TACOMA - (WA)||PENINSULA LIGHT COMPANY,53053073115
5YJSA1E20H,King,Kent,WA,98042,2017,TESLA,MODEL S,Battery Electric Vehicle (BEV),Clean Alternative Fuel Vehicle Eligible,210,47.0,102202635,POINT (-122.10798 47.37124),PUGET SOUND ENERGY INC||CITY OF TACOMA - (WA),53033031800
1C4RJXN6XR,King,Renton,WA,98056,2024,JEEP,WRANGLER,Plug-in Hybrid Electric Vehicle (PHEV),Not eligible due to low battery range,21,11.0,253762085,POINT (-122.18839 47.51197),PUGET SOUND ENERGY INC||CITY OF TACOMA - (WA),53033025202
1N4AZ0CP2D,Clark,Vancouver,WA,98685,2013,NISSAN,LEAF,Battery Electric Vehicle (BEV),Clean Alternative Fuel Vehicle Eligible,75,49.0,159802226,POINT (-122.70303 45.70954),BONNEVILLE POWER ADMINISTRATION||PUD NO 1 OF CLARK COUNTY - (WA),53011040904
5UXTS1C02M,King,Federal Way,WA,98003,2021,BMW,X3,Plug-in Hybrid Electric Vehicle (PHEV),Not eligible due to low battery range,17,30.0,205917323,POINT (-122.3303 47.30151),PUGET SOUND ENERGY INC||CITY OF TACOMA - (WA),53033030007
YV4H60JG5S,Pierce,Tacoma,WA,98407,2025,VOLVO,XC90,Plug-in Hybrid Electric Vehicle (PHEV),Clean Alternative Fuel Vehicle Eligible,32,27.0,277573999,POINT (-122.54304 47.31803),BONNEVILLE POWER ADMINISTRATION||CITY OF TACOMA - (WA)||PENINSULA LIGHT COMPANY,53053060904
YV4BR0CZ5N,King,Redmond,WA,98052,2022,VOLVO,XC90,Plug-in Hybrid Electric Vehicle (PHEV),Not eligible due to low battery range,18,45.0,183346033,POINT (-122.13158 47.67858),PUGET SOUND ENERGY INC||CITY OF TACOMA - (WA),53033032321
YV4BR0DK9M,Pierce,Gig Harbor,WA,98335,2021,VOLVO,XC60,Plug-in Hybrid Electric Vehicle (PHEV),Not eligible due to low battery range,18,26.0,262502985,POINT (-122.58009 47.328),BONNEVILLE POWER ADMINISTRATION||CITY OF TACOMA - (WA)||PENINSULA LIGHT COMPANY,53053072507
ZACPDFCW9R,King,Tukwila,WA,98188,2024,DODGE,HORNET,Plug-in Hybrid Electric Vehicle (PHEV),Clean Alternative Fuel Vehicle Eligible,32,11.0,260430299,POINT (-122.27979 47.44952),PUGET SOUND ENERGY INC||CITY OF TACOMA - (WA),53033028200
YV1H60EP0R,King,Sammamish,WA,98075,2024,VOLVO,V60,Plug-in Hybrid Electric Vehicle (PHEV),Clean Alternative Fuel Vehicle Eligible,41,41.0,262928228,POINT (-122.03539 47.61344),PUGET SOUND ENERGY INC||CITY OF TACOMA - (WA),53033032207
YV4H60CE6R,King,Seattle,WA,98125,2024,VOLVO,XC90,Plug-in Hybrid Electric Vehicle (PHEV),Clean Alternative Fuel Vehicle Eligible,32,46.0,286318987,POINT (-122.30253 47.72656),CITY OF SEATTLE - (WA)|CITY OF TACOMA - (WA),53033001201
1N4AZ0CP0D,King,Kirkland,WA,98034,2013,NISSAN,LEAF,Battery Electric Vehicle (BEV),Clean Alternative Fuel Vehicle Eligible,75,1.0,7975264,POINT (-122.22901 47.72201),PUGET SOUND ENERGY INC||CITY OF TACOMA - (WA),53033022300
1G1FW6S07J,Snohomish,Snohomish,WA,98296,2018,CHEVROLET,BOLT EV,Battery Electric Vehicle (BEV),Clean Alternative Fuel Vehicle Eligible,238,44.0,270117074,POINT (-122.1389 47.87115),PUGET SOUND ENERGY INC,53061052121
KNDCR3LF6P,Kitsap,Port Orchard,WA,98366,2023,KIA,NIRO,Plug-in Hybrid Electric Vehicle (PHEV),Clean Alternative Fuel Vehicle Eligible,33,26.0,229773939,POINT (-122.63847 47.54103),PUGET SOUND ENERGY INC,53035092300
5YJSA1E21J,Clark,Vancouver,WA,98661,2018,TESLA,MODEL S,Battery Electric Vehicle (BEV),Clean Alternative Fuel Vehicle Eligible,249,49.0,259821915,POINT (-122.62934 45.63201),BONNEVILLE POWER ADMINISTRATION||PUD NO 1 OF CLARK COUNTY - (WA),53011041600
5YJ3E1EC4L,Kitsap,Port Orchard,WA,98366,2020,TESLA,MODEL 3,Battery Electric Vehicle (BEV),Clean Alternative Fuel Vehicle Eligible,308,26.0,3535395,POINT (-122.63847 47.54103),PUGET SOUND ENERGY INC,53035092300
ZACPDFCW9R,Yakima,Selah,WA,98942,2024,DODGE,HORNET,Plug-in Hybrid Electric Vehicle (PHEV),Clean Alternative Fuel Vehicle Eligible,32,13.0,286049529,POINT (-120.53145 46.65405),PACIFICORP,53077003004
5YJ3E1EBXJ,Snohomish,Lynnwood,WA,98037,2018,TESLA,MODEL 3,Battery Electric Vehicle (BEV),Clean Alternative Fuel Vehicle Eligible,215,32.0,474530059,POINT (-122.27734 47.83785),PUGET SOUND ENERGY INC,53061051802
JTDKARFP7H,King,Seattle,WA,98177,2017,TOYOTA,PRIUS PRIME (PHEV),Plug-in Hybrid Electric Vehicle (PHEV),Not eligible due to low battery range,25,32.0,309362847,POINT (-122.37238 47.74068),CITY OF SEATTLE - (WA)|CITY OF TACOMA - (WA),53033000500
KNDCR3LF3S,Kitsap,Poulsbo,WA,98370,2025,KIA,NIRO,Plug-in Hybrid Electric Vehicle (PHEV),Clean Alternative Fuel Vehicle Eligible,33,23.0,286833018,POINT (-122.64681 47.73689),PUGET SOUND ENERGY INC,53035090502
5YJYGDEE4L,Snohomish,Mukilteo,WA,98275,2020,TESLA,MODEL Y,Battery Electric Vehicle (BEV),Clean Alternative Fuel Vehicle Eligible,291,21.0,123400098,POINT (-122.29196 47.89908),PUGET SOUND ENERGY INC,53061042006
5YJYGDEE9L,Benton,Kennewick,WA,99336,2020,TESLA,MODEL Y,Battery Electric Vehicle (BEV),Clean Alternative Fuel Vehicle Eligible,291,8.0,120439140,POINT (-119.11698 46.20837),BONNEVILLE POWER ADMINISTRATION||PUD NO 1 OF BENTON COUNTY,53005010816
WBS83FK00T,King,Kirkland,WA,98033,2026,BMW,M5,Plug-in Hybrid Electric Vehicle (PHEV),Not eligible due to low battery range,25,48.0,283228851,POINT (-122.2066 47.67887),PUGET SOUND ENERGY INC||CITY OF TACOMA - (WA),53033022702
1N4AZ0CP3D,King,Seattle,WA,98178,2013,NISSAN,LEAF,Battery Electric Vehicle (BEV),Clean Alternative Fuel Vehicle Eligible,75,37.0,181393719,POINT (-122.25031 47.49481),CITY OF SEATTLE - (WA)|CITY OF TACOMA - (WA),53033011901
ZACPDFCW9R,King,Tukwila,WA,98188,2024,DODGE,HORNET,Plug-in Hybrid Electric Vehicle (PHEV),Clean Alternative Fuel Vehicle Eligible,32,11.0,261527668,POINT (-122.27979 47.44952),PUGET SOUND ENERGY INC||CITY OF TACOMA - (WA),53033028200
LYVBR0DMXK,Snohomish,Mukilteo,WA,98275,2019,VOLVO,XC60,Plug-in Hybrid Electric Vehicle (PHEV),Not eligible due to low battery range,17,21.0,269611058,POINT (-122.29196 47.89908),PUGET SOUND ENERGY INC,53061042001
1G1FZ6S0XK,Okanogan,Winthrop,WA,98862,2019,CHEVROLET,BOLT EV,Battery Electric Vehicle (BEV),Clean Alternative Fuel Vehicle Eligible,238,12.0,278827818,POINT (-120.17739 48.47396),"OKANOGAN COUNTY ELEC COOP, INC",53047970900
5YJ3E1EA4J,Snohomish,Marysville,WA,98271,2018,TESLA,MODEL 3,Battery Electric Vehicle (BEV),Clean Alternative Fuel Vehicle Eligible,215,39.0,270125096,POINT (-122.17138 48.10433),PUGET SOUND ENERGY INC,53061052808
5YJ3E1EA1J,Grant,Moses Lake,WA,98837,2018,TESLA,MODEL 3,Battery Electric Vehicle (BEV),Clean Alternative Fuel Vehicle Eligible,215,13.0,279363619,POINT (-119.2771 47.13196),PUD NO 2 OF GRANT COUNTY,53025011101
JTMEB3FV7R,Chelan,Leavenworth,WA,98826,2024,TOYOTA,RAV4 PRIME (PHEV),Plug-in Hybrid Electric Vehicle (PHEV),Clean Alternative Fuel Vehicle Eligible,42,12.0,262424200,POINT (-120.65754 47.5982),PUD NO 1 OF CHELAN COUNTY,53007960203
KM8S7DA24P,Chelan,Wenatchee,WA,98801,2023,HYUNDAI,SANTA FE,Plug-in Hybrid Electric Vehicle (PHEV),Clean Alternative Fuel Vehicle Eligible,30,12.0,255191863,POINT (-120.30521 47.41493),PUD NO 1 OF CHELAN COUNTY,53007961301
WVWPP7AU1G,King,Seattle,WA,98115,2016,VOLKSWAGEN,E-GOLF,Battery Electric Vehicle (BEV),Clean Alternative Fuel Vehicle Eligible,83,43.0,261605662,POINT (-122.31676 47.68156),CITY OF SEATTLE - (WA)|CITY OF TACOMA - (WA),53033002600
5LMYJ8XY1L,King,Seattle,WA,98178,2020,LINCOLN,AVIATOR,Plug-in Hybrid Electric Vehicle (PHEV),Not eligible due to low battery range,21,37.0,138805964,POINT (-122.25031 47.49481),CITY OF SEATTLE - (WA)|CITY OF TACOMA - (WA),53033011902
KM8JBDD2XR,Pierce,Gig Harbor,WA,98332,2024,HYUNDAI,TUCSON,Plug-in Hybrid Electric Vehicle (PHEV),Clean Alternative Fuel Vehicle Eligible,33,26.0,273553990,POINT (-122.58964 47.34235),BONNEVILLE POWER ADMINISTRATION||CITY OF TACOMA - (WA)||PENINSULA LIGHT COMPANY,53053072509
KNDCM3LD3N,Snohomish,Lynnwood,WA,98037,2022,KIA,NIRO,Plug-in Hybrid Electric Vehicle (PHEV),Not eligible due to low battery range,26,32.0,286703322,POINT (-122.27734 47.83785),PUGET SOUND ENERGY INC,53061051702
2C4RC1N71S,Snohomish,Mukilteo,WA,98275,2025,CHRYSLER,PACIFICA,Plug-in Hybrid Electric Vehicle (PHEV),Clean Alternative Fuel Vehicle Eligible,32,21.0,279205699,POINT (-122.29196 47.89908),PUGET SOUND ENERGY INC,53061042005
ZASPATDW6R,King,Seattle,WA,98177,2024,ALFA ROMEO,TONALE,Plug-in Hybrid Electric Vehicle (PHEV),Clean Alternative Fuel Vehicle Eligible,33,32.0,254651582,POINT (-122.37238 47.74068),CITY OF SEATTLE - (WA)|CITY OF TACOMA - (WA),53033000500
YV4H60CXXP,King,Bothell,WA,98011,2023,VOLVO,XC90,Plug-in Hybrid Electric Vehicle (PHEV),Clean Alternative Fuel Vehicle Eligible,32,1.0,244884517,POINT (-122.20563 47.76144),PUGET SOUND ENERGY INC||CITY OF TACOMA - (WA),53033022001
5YJXCDE25L,Pierce,Gig Harbor,WA,98332,2020,TESLA,MODEL X,Battery Electric Vehicle (BEV),Clean Alternative Fuel Vehicle Eligible,289,26.0,110866220,POINT (-122.58964 47.34235),BONNEVILLE POWER ADMINISTRATION||CITY OF TACOMA - (WA)||PENINSULA LIGHT COMPANY,53053072509
WVWKP7AU9G,Snohomish,Everett,WA,98201,2016,VOLKSWAGEN,E-GOLF,Battery Electric Vehicle (BEV),Clean Alternative Fuel Vehicle Eligible,83,38.0,138264325,POINT (-122.20596 47.97659),PUGET SOUND ENERGY INC,53061041500
1N4AZ1CPXJ,King,Vashon,WA,98070,2018,NISSAN,LEAF,Battery Electric Vehicle (BEV),Clean Alternative Fuel Vehicle Eligible,151,34.0,171566377,POINT (-122.4573 47.44929),PUGET SOUND ENERGY INC||CITY OF TACOMA - (WA),53033027702
JTMEB3FV6R,Snohomish,Lake Stevens,WA,98258,2024,TOYOTA,RAV4 PRIME (PHEV),Plug-in Hybrid Electric Vehicle (PHEV),Clean Alternative Fuel Vehicle Eligible,42,39.0,267141472,POINT (-122.06402 48.01497),PUGET SOUND ENERGY INC,53061053603
JTMFB3FV4S,Snohomish,Snohomish,WA,98296,2025,TOYOTA,RAV4 PRIME (PHEV),Plug-in Hybrid Electric Vehicle (PHEV),Clean Alternative Fuel Vehicle Eligible,42,1.0,287216002,POINT (-122.1389 47.87115),PUGET SOUND ENERGY INC,53061052108
WAUUPBFF2H,Thurston,Olympia,WA,98516,2017,AUDI,A3,Plug-in Hybrid Electric Vehicle (PHEV),Not eligible due to low battery range,16,2.0,251122147,POINT (-122.78598 47.08476),PUGET SOUND ENERGY INC,53067011500
ZACPDFCW8R,King,Tukwila,WA,98188,2024,DODGE,HORNET,Plug-in Hybrid Electric Vehicle (PHEV),Clean Alternative Fuel Vehicle Eligible,32,11.0,261568996,POINT (-122.27979 47.44952),PUGET SOUND ENERGY INC||CITY OF TACOMA - (WA),53033028200
1G1FW6S09H,King,Seattle,WA,98125,2017,CHEVROLET,BOLT EV,Battery Electric Vehicle (BEV),Clean Alternative Fuel Vehicle Eligible,238,46.0,125061646,POINT (-122.30253 47.72656),CITY OF SEATTLE - (WA)|CITY OF TACOMA - (WA),53033001202
5YJ3E1EA4L,King,Seattle,WA,98104,2020,TESLA,MODEL 3,Battery Electric Vehicle (BEV),Clean Alternative Fuel Vehicle Eligible,266,43.0,132335164,POINT (-122.32945 47.60357),CITY OF SEATTLE - (WA)|CITY OF TACOMA - (WA),53033008102
JTJKKCFZ8N,Clark,Camas,WA,98607,2022,LEXUS,NX,Plug-in Hybrid Electric Vehicle (PHEV),Clean Alternative Fuel Vehicle Eligible,37,18.0,263051204,POINT (-122.40199 45.58694),BONNEVILLE POWER ADMINISTRATION||PUD NO 1 OF CLARK COUNTY - (WA),53011040609
2C4RC1L73N,Thurston,Olympia,WA,98506,2022,CHRYSLER,PACIFICA,Plug-in Hybrid Electric Vehicle (PHEV),Clean Alternative Fuel Vehicle Eligible,32,22.0,278469348,POINT (-122.87741 47.05997),PUGET SOUND ENERGY INC,53067012100
5YJSA1E26H,King,Redmond,WA,98053,2017,TESLA,MODEL S,Battery Electric Vehicle (BEV),Clean Alternative Fuel Vehicle Eligible,210,45.0,165118719,POINT (-122.03287 47.68555),PUGET SOUND ENERGY INC||CITY OF TACOMA - (WA),53033032333
1G1RH6E45E,Chelan,Wenatchee,WA,98801,2014,CHEVROLET,VOLT,Plug-in Hybrid Electric Vehicle (PHEV),Clean Alternative Fuel Vehicle Eligible,38,12.0,148878782,POINT (-120.30521 47.41493),PUD NO 1 OF CHELAN COUNTY,53007961001
1C4RJYC6XP,Pierce,Bonney Lake,WA,98391,2023,JEEP,GRAND CHEROKEE,Plug-in Hybrid Electric Vehicle (PHEV),Not eligible due to low battery range,25,31.0,265782177,POINT (-122.17144 47.19175),PUGET SOUND ENERGY INC||CITY OF TACOMA - (WA),53053070208
1N4AZ0CP3F,Snohomish,Everett,WA,98204,2015,NISSAN,LEAF,Battery Electric Vehicle (BEV),Clean Alternative Fuel Vehicle Eligible,84,21.0,179628998,POINT (-122.27557 47.88936),PUGET SOUND ENERGY INC,53061041810
1G1FW6S01H,Clallam,Port Angeles,WA,98362,2017,CHEVROLET,BOLT EV,Battery Electric Vehicle (BEV),Clean Alternative Fuel Vehicle Eligible,238,24.0,274781580,POINT (-123.43112 48.11892),BONNEVILLE POWER ADMINISTRATION||PUD NO 1 OF CLALLAM COUNTY,53009001400
5YJ3E1EA6J,King,Seattle,WA,98115,2018,TESLA,MODEL 3,Battery Electric Vehicle (BEV),Clean Alternative Fuel Vehicle Eligible,215,46.0,211437530,POINT (-122.31676 47.68156),CITY OF SEATTLE - (WA)|CITY OF TACOMA - (WA),53033002000
1G1RD6S55H,Stevens,Nine Mile Falls,WA,99026,2017,CHEVROLET,VOLT,Plug-in Hybrid Electric Vehicle (PHEV),Clean Alternative Fuel Vehicle Eligible,53,7.0,141964049,POINT (-117.54392 47.77676),NO KNOWN ELECTRIC UTILITY SERVICE,53065951402
1N4AZ1CP9J,Pierce,Graham,WA,98338,2018,NISSAN,LEAF,Battery Electric Vehicle (BEV),Clean Alternative Fuel Vehicle Eligible,151,28.0,337461211,POINT (-122.29477 47.05703),BONNEVILLE POWER ADMINISTRATION||CITY OF TACOMA - (WA)||PENINSULA LIGHT COMPANY,53053073115
1N4AZ0CP4E,Douglas,East Wenatchee,WA,98802,2014,NISSAN,LEAF,Battery Electric Vehicle (BEV),Clean Alternative Fuel Vehicle Eligible,84,12.0,254384322,POINT (-120.29473 47.41515),PUD NO 1 OF DOUGLAS COUNTY,53017950800
JTDKAMFP8N,Pierce,Tacoma,WA,98408,2022,TOYOTA,PRIUS PRIME (PHEV),Plug-in Hybrid Electric Vehicle (PHEV),Not eligible due to low battery range,25,29.0,185583058,POINT (-122.44718 47.20144),BONNEVILLE POWER ADMINISTRATION||CITY OF TACOMA - (WA)||PENINSULA LIGHT COMPANY,53053063200
5YJ3E1EBXJ,Snohomish,Snohomish,WA,98290,2018,TESLA,MODEL 3,Battery Electric Vehicle (BEV),Clean Alternative Fuel Vehicle Eligible,215,39.0,454147480,POINT (-122.09305 47.91265),PUGET SOUND ENERGY INC,53061053603
1C4JJXR68P,Pierce,Tacoma,WA,98422,2023,JEEP,WRANGLER,Plug-in Hybrid Electric Vehicle (PHEV),Not eligible due to low battery range,21,27.0,241389522,POINT (-122.37683 47.28642),BONNEVILLE POWER ADMINISTRATION||CITY OF TACOMA - (WA)||PENINSULA LIGHT COMPANY,53053940011
2C4RC1H71J,King,Seattle,WA,98125,2018,CHRYSLER,PACIFICA,Plug-in Hybrid Electric Vehicle (PHEV),Clean Alternative Fuel Vehicle Eligible,33,46.0,335520468,POINT (-122.30253 47.72656),CITY OF SEATTLE - (WA)|CITY OF TACOMA - (WA),53033000800
JTDACACU9T,Snohomish,Everett,WA,98208,2026,TOYOTA,PRIUS PRIME (PHEV),Plug-in Hybrid Electric Vehicle (PHEV),Clean Alternative Fuel Vehicle Eligible,44,44.0,285617804,POINT (-122.18637 47.89251),PUGET SOUND ENERGY INC,53061052119
5YJ3E1EB4J,King,Redmond,WA,98053,2018,TESLA,MODEL 3,Battery Electric Vehicle (BEV),Clean Alternative Fuel Vehicle Eligible,215,45.0,249132040,POINT (-122.03287 47.68555),PUGET SOUND ENERGY INC||CITY OF TACOMA - (WA),53033032328
5YJ3E1EA5J,King,Kirkland,WA,98034,2018,TESLA,MODEL 3,Battery Electric Vehicle (BEV),Clean Alternative Fuel Vehicle Eligible,215,45.0,243584750,POINT (-122.22901 47.72201),PUGET SOUND ENERGY INC||CITY OF TACOMA - (WA),53033022005
JTMEB3FV0S,Clark,Vancouver,WA,98662,2025,TOYOTA,RAV4 PRIME (PHEV),Plug-in Hybrid Electric Vehicle (PHEV),Clean Alternative Fuel Vehicle Eligible,42,17.0,282885221,POINT (-122.57722 45.64251),BONNEVILLE POWER ADMINISTRATION||PUD NO 1 OF CLARK COUNTY - (WA),53011040709
WA1VABGEXM,King,Bothell,WA,98011,2021,AUDI,E-TRON,Battery Electric Vehicle (BEV),Clean Alternative Fuel Vehicle Eligible,222,1.0,144906702,POINT (-122.20563 47.76144),PUGET SOUND ENERGY INC||CITY OF TACOMA - (WA),53033022001
JA4T5WA98S,Clark,Brush Prairie,WA,98606,2025,MITSUBISHI,OUTLANDER,Plug-in Hybrid Electric Vehicle (PHEV),Clean Alternative Fuel Vehicle Eligible,38,18.0,279243807,POINT (-122.54578 45.73473),BONNEVILLE POWER ADMINISTRATION||PUD NO 1 OF CLARK COUNTY - (WA),53011040505
JTMEB3FV2N,King,Burien,WA,98146,2022,TOYOTA,RAV4 PRIME (PHEV),Plug-in Hybrid Electric Vehicle (PHEV),Clean Alternative Fuel Vehicle Eligible,42,34.0,288605313,POINT (-122.36322 47.49736),CITY OF SEATTLE - (WA)|CITY OF TACOMA - (WA),53033026700
5YJ3E1EBXJ,King,Sammamish,WA,98075,2018,TESLA,MODEL 3,Battery Electric Vehicle (BEV),Clean Alternative Fuel Vehicle Eligible,215,41.0,476093397,POINT (-122.03539 47.61344),PUGET SOUND ENERGY INC||CITY OF TACOMA - (WA),53033032213
JM3KKEHA5S,Snohomish,Everett,WA,98208,2025,MAZDA,CX-90,Plug-in Hybrid Electric Vehicle (PHEV),Not eligible due to low battery range,26,44.0,279903081,POINT (-122.18637 47.89251),PUGET SOUND ENERGY INC,53061041601
1G1RB6S52K,Kitsap,Port Orchard,WA,98367,2019,CHEVROLET,VOLT,Plug-in Hybrid Electric Vehicle (PHEV),Clean Alternative Fuel Vehicle Eligible,53,26.0,126142208,POINT (-122.68471 47.50524),PUGET SOUND ENERGY INC,53035092802
WA1E2AFY0S,Spokane,Spokane,WA,99224,2025,AUDI,Q5 E,Plug-in Hybrid Electric Vehicle (PHEV),Not eligible due to low battery range,28,6.0,282627446,POINT (-117.46996 47.59431),BONNEVILLE POWER ADMINISTRATION||AVISTA CORP||INLAND POWER & LIGHT COMPANY,53063003601
JTMAB3FV0M,King,Kirkland,WA,98033,2021,TOYOTA,RAV4 PRIME (PHEV),Plug-in Hybrid Electric Vehicle (PHEV),Clean Alternative Fuel Vehicle Eligible,42,45.0,227199171,POINT (-122.2066 47.67887),PUGET SOUND ENERGY INC||CITY OF TACOMA - (WA),53033022401
JTDKAMFP7M,King,Auburn,WA,98002,2021,TOYOTA,PRIUS PRIME (PHEV),Plug-in Hybrid Electric Vehicle (PHEV),Not eligible due to low battery range,25,47.0,284890385,POINT (-122.2229 47.307),PUGET SOUND ENERGY INC||CITY OF TACOMA - (WA),53033030504
YV4H60DF1P,Spokane,Spokane,WA,99203,2023,VOLVO,XC60,Plug-in Hybrid Electric Vehicle (PHEV),Clean Alternative Fuel Vehicle Eligible,35,3.0,287435956,POINT (-117.39322 47.63374),MODERN ELECTRIC WATER COMPANY,53063004500
5YJSA1H21F,King,Duvall,WA,98019,2015,TESLA,MODEL S,Battery Electric Vehicle (BEV),Clean Alternative Fuel Vehicle Eligible,208,45.0,238407263,POINT (-121.98609 47.74068),PUGET SOUND ENERGY INC||CITY OF TACOMA - (WA),53033032401
5YJ3E1EB9J,King,Bothell,WA,98011,2018,TESLA,MODEL 3,Battery Electric Vehicle (BEV),Clean Alternative Fuel Vehicle Eligible,215,1.0,474621388,POINT (-122.20563 47.76144),PUGET SOUND ENERGY INC||CITY OF TACOMA - (WA),53033021804
5YJ3E1EB2J,King,Redmond,WA,98053,2018,TESLA,MODEL 3,Battery Electric Vehicle (BEV),Clean Alternative Fuel Vehicle Eligible,215,45.0,219023402,POINT (-122.03287 47.68555),PUGET SOUND ENERGY INC||CITY OF TACOMA - (WA),53033032315
5YJSA1S22F,King,Renton,WA,98056,2015,TESLA,MODEL S,Battery Electric Vehicle (BEV),Clean Alternative Fuel Vehicle Eligible,208,41.0,205098421,POINT (-122.18839 47.51197),PUGET SOUND ENERGY INC||CITY OF TACOMA - (WA),53033025304
5YJXCBE26H,Clark,Vancouver,WA,98686,2017,TESLA,MODEL X,Battery Electric Vehicle (BEV),Clean Alternative Fuel Vehicle Eligible,200,49.0,125758307,POINT (-122.62731 45.71668),BONNEVILLE POWER ADMINISTRATION||PUD NO 1 OF CLARK COUNTY - (WA),53011040803
WDC0G5EBXK,King,Renton,WA,98059,2019,MERCEDES-BENZ,GLC-CLASS,Plug-in Hybrid Electric Vehicle (PHEV),Not eligible due to low battery range,10,11.0,286851932,POINT (-122.11589 47.50243),PUGET SOUND ENERGY INC||CITY OF TACOMA - (WA),53033031913
1G1FY6S08L,Yakima,Yakima,WA,98901,2020,CHEVROLET,BOLT EV,Battery Electric Vehicle (BEV),Clean Alternative Fuel Vehicle Eligible,259,15.0,146956302,POINT (-120.50729 46.60464),PACIFICORP,53077001602
1N4BZ1DP5L,Whatcom,Bellingham,WA,98226,2020,NISSAN,LEAF,Battery Electric Vehicle (BEV),Clean Alternative Fuel Vehicle Eligible,215,40.0,268015254,POINT (-122.49756 48.7999),PUGET SOUND ENERGY INC||PUD NO 1 OF WHATCOM COUNTY,53073000804
4JGFB4GB2S,Snohomish,Mukilteo,WA,98275,2025,MERCEDES-BENZ,GLE-CLASS,Plug-in Hybrid Electric Vehicle (PHEV),Clean Alternative Fuel Vehicle Eligible,49,21.0,282322519,POINT (-122.29196 47.89908),PUGET SOUND ENERGY INC,53061042006
JTDACACU3R,King,Renton,WA,98059,2024,TOYOTA,PRIUS PRIME (PHEV),Plug-in Hybrid Electric Vehicle (PHEV),Clean Alternative Fuel Vehicle Eligible,39,5.0,288011461,POINT (-122.11589 47.50243),PUGET SOUND ENERGY INC||CITY OF TACOMA - (WA),53033025101
JTDKAMFP5M,Clark,Vancouver,WA,98662,2021,TOYOTA,PRIUS PRIME (PHEV),Plug-in Hybrid Electric Vehicle (PHEV),Not eligible due to low battery range,25,49.0,287134613,POINT (-122.57722 45.64251),BONNEVILLE POWER ADMINISTRATION||PUD NO 1 OF CLARK COUNTY - (WA),53011041203
JA4T5VA96S,Snohomish,Bothell,WA,98012,2025,MITSUBISHI,OUTLANDER,Plug-in Hybrid Electric Vehicle (PHEV),Clean Alternative Fuel Vehicle Eligible,38,44.0,282604332,POINT (-122.20105 47.84423),PUGET SOUND ENERGY INC,53061052006
5YJ3E1EA0K,Clark,Battle Ground,WA,98604,2019,TESLA,MODEL 3,Battery Electric Vehicle (BEV),Clean Alternative Fuel Vehicle Eligible,220,18.0,307982755,POINT (-122.5331 45.78092),BONNEVILLE POWER ADMINISTRATION||PUD NO 1 OF CLARK COUNTY - (WA),53011040414
1N4BZ0CP8H,Pierce,Graham,WA,98338,2017,NISSAN,LEAF,Battery Electric Vehicle (BEV),Clean Alternative Fuel Vehicle Eligible,107,2.0,112422544,POINT (-122.29477 47.05703),"BONNEVILLE POWER ADMINISTRATION||CITY OF TACOMA - (WA)||OHOP MUTUAL LIGHT COMPANY, INC|PENINSULA LIGHT COMPANY",53053073005
1FMCU0E19S,Pierce,Eatonville,WA,98328,2025,FORD,ESCAPE,Plug-in Hybrid Electric Vehicle (PHEV),Clean Alternative Fuel Vehicle Eligible,37,2.0,277575721,POINT (-122.26832 46.86733),"BONNEVILLE POWER ADMINISTRATION||CITY OF TACOMA - (WA)||OHOP MUTUAL LIGHT COMPANY, INC|PENINSULA LIGHT COMPANY",53053073200
5YJ3E1EA1L,King,Auburn,WA,98092,2020,TESLA,MODEL 3,Battery Electric Vehicle (BEV),Clean Alternative Fuel Vehicle Eligible,266,47.0,132170748,POINT (-122.18262 47.31825),PUGET SOUND ENERGY INC||CITY OF TACOMA - (WA),53033029602
5YJ3E1EA9K,King,Federal Way,WA,98023,2019,TESLA,MODEL 3,Battery Electric Vehicle (BEV),Clean Alternative Fuel Vehicle Eligible,220,30.0,156955613,POINT (-122.36217 47.31011),PUGET SOUND ENERGY INC||CITY OF TACOMA - (WA),53033030305
JTMEB3FV4R,Snohomish,Lynnwood,WA,98037,2024,TOYOTA,RAV4 PRIME (PHEV),Plug-in Hybrid Electric Vehicle (PHEV),Clean Alternative Fuel Vehicle Eligible,42,32.0,273558358,POINT (-122.27734 47.83785),PUGET SOUND ENERGY INC,53061051701
5YJ3E1EB3J,King,Kirkland,WA,98033,2018,TESLA,MODEL 3,Battery Electric Vehicle (BEV),Clean Alternative Fuel Vehicle Eligible,215,45.0,229948414,POINT (-122.2066 47.67887),PUGET SOUND ENERGY INC||CITY OF TACOMA - (WA),53033022006
JTDACACU7R,King,Bellevue,WA,98008,2024,TOYOTA,PRIUS PRIME (PHEV),Plug-in Hybrid Electric Vehicle (PHEV),Clean Alternative Fuel Vehicle Eligible,39,48.0,261458221,POINT (-122.11867 47.63131),PUGET SOUND ENERGY INC||CITY OF TACOMA - (WA),53033023000
5YJ3E1EBXK,King,Bellevue,WA,98004,2019,TESLA,MODEL 3,Battery Electric Vehicle (BEV),Clean Alternative Fuel Vehicle Eligible,220,48.0,297071274,POINT (-122.1872 47.61001),PUGET SOUND ENERGY INC||CITY OF TACOMA - (WA),53033024001
5YJ3E1EAXK,Snohomish,Lynnwood,WA,98037,2019,TESLA,MODEL 3,Battery Electric Vehicle (BEV),Clean Alternative Fuel Vehicle Eligible,220,21.0,305699957,POINT (-122.27734 47.83785),PUGET SOUND ENERGY INC,53061051928
1C4RJXN69R,Snohomish,Snohomish,WA,98290,2024,JEEP,WRANGLER,Plug-in Hybrid Electric Vehicle (PHEV),Not eligible due to low battery range,21,44.0,272735998,POINT (-122.09305 47.91265),PUGET SOUND ENERGY INC,53061052302
1N4AZ0CP5E,Island,Oak Harbor,WA,98277,2014,NISSAN,LEAF,Battery Electric Vehicle (BEV),Clean Alternative Fuel Vehicle Eligible,84,10.0,257246118,POINT (-122.64682 48.29077),PUGET SOUND ENERGY INC,53029970800
JHMZC5F12K,King,Seattle,WA,98177,2019,HONDA,CLARITY,Plug-in Hybrid Electric Vehicle (PHEV),Clean Alternative Fuel Vehicle Eligible,47,36.0,100598067,POINT (-122.37238 47.74068),CITY OF SEATTLE - (WA)|CITY OF TACOMA - (WA),53033001600
5UXTS1C09M,King,Bellevue,WA,98005,2021,BMW,X3,Plug-in Hybrid Electric Vehicle (PHEV),Not eligible due to low battery range,17,48.0,142963824,POINT (-122.1621 47.64441),PUGET SOUND ENERGY INC||CITY OF TACOMA - (WA),53033022805
1G1FW6S09H,King,Seattle,WA,98102,2017,CHEVROLET,BOLT EV,Battery Electric Vehicle (BEV),Clean Alternative Fuel Vehicle Eligible,238,43.0,114349175,POINT (-122.32427 47.63433),CITY OF SEATTLE - (WA)|CITY OF TACOMA - (WA),53033006100
JTDKARFP1L,Benton,Kennewick,WA,99338,2020,TOYOTA,PRIUS PRIME (PHEV),Plug-in Hybrid Electric Vehicle (PHEV),Not eligible due to low battery range,25,8.0,245228700,POINT (-119.3118 46.20665),BONNEVILLE POWER ADMINISTRATION||PUD NO 1 OF BENTON COUNTY,53005010815
5YJ3E1EB2L,Snohomish,Everett,WA,98208,2020,TESLA,MODEL 3,Battery Electric Vehicle (BEV),Clean Alternative Fuel Vehicle Eligible,322,44.0,111964212,POINT (-122.18637 47.89251),PUGET SOUND ENERGY INC,53061041609
5YJXCAE24L,Clark,Vancouver,WA,98685,2020,TESLA,MODEL X,Battery Electric Vehicle (BEV),Clean Alternative Fuel Vehicle Eligible,293,18.0,112693171,POINT (-122.70303 45.70954),BONNEVILLE POWER ADMINISTRATION||PUD NO 1 OF CLARK COUNTY - (WA),53011040907
5UX43EU05S,Whatcom,Bellingham,WA,98229,2025,BMW,X5,Plug-in Hybrid Electric Vehicle (PHEV),Clean Alternative Fuel Vehicle Eligible,40,40.0,277684501,POINT (-122.45486 48.7449),PUGET SOUND ENERGY INC||PUD NO 1 OF WHATCOM COUNTY,53073001202
5YJ3E1EA7J,Clark,Vancouver,WA,98683,2018,TESLA,MODEL 3,Battery Electric Vehicle (BEV),Clean Alternative Fuel Vehicle Eligible,215,18.0,474716112,POINT (-122.49212 45.60365),BONNEVILLE POWER ADMINISTRATION||PUD NO 1 OF CLARK COUNTY - (WA),53011041329
KNAGV4LD0J,King,Bothell,WA,98011,2018,KIA,OPTIMA,Plug-in Hybrid Electric Vehicle (PHEV),Not eligible due to low battery range,29,1.0,124355444,POINT (-122.20563 47.76144),PUGET SOUND ENERGY INC||CITY OF TACOMA - (WA),53033021803
1C4RJXP66R,Adams,Othello,WA,99344,2024,JEEP,WRANGLER,Plug-in Hybrid Electric Vehicle (PHEV),Not eligible due to low battery range,21,9.0,274148297,POINT (-119.1742 46.82616),"BONNEVILLE POWER ADMINISTRATION||AVISTA CORP||BIG BEND ELECTRIC COOP, INC",53001950500
5YJ3E1EA0K,King,Bellevue,WA,98004,2019,TESLA,MODEL 3,Battery Electric Vehicle (BEV),Clean Alternative Fuel Vehicle Eligible,220,48.0,332490000,POINT (-122.1872 47.61001),PUGET SOUND ENERGY INC||CITY OF TACOMA - (WA),53033023805
JTDKN3DPXC,King,Seattle,WA,98109,2012,TOYOTA,PRIUS,Plug-in Hybrid Electric Vehicle (PHEV),Not eligible due to low battery range,6,36.0,271621101,POINT (-122.35022 47.63824),CITY OF SEATTLE - (WA)|CITY OF TACOMA - (WA),53033006701
KNDPZDDH0R,Clark,Vancouver,WA,98686,2024,KIA,SPORTAGE,Plug-in Hybrid Electric Vehicle (PHEV),Clean Alternative Fuel Vehicle Eligible,34,49.0,271456713,POINT (-122.62731 45.71668),BONNEVILLE POWER ADMINISTRATION||PUD NO 1 OF CLARK COUNTY - (WA),53011040803
5YJSA1CP2D,King,Kent,WA,98031,2013,TESLA,MODEL S,Battery Electric Vehicle (BEV),Clean Alternative Fuel Vehicle Eligible,208,11.0,261343470,POINT (-122.17743 47.41185),PUGET SOUND ENERGY INC||CITY OF TACOMA - (WA),53033029403
5UXKT0C33H,Stevens,Rice,WA,99167,2017,BMW,X5,Plug-in Hybrid Electric Vehicle (PHEV),Not eligible due to low battery range,14,7.0,104536050,POINT (-118.16165 48.42934),AVISTA CORP,53065950102
JTDKARFP8H,Pierce,Tacoma,WA,98407,2017,TOYOTA,PRIUS PRIME (PHEV),Plug-in Hybrid Electric Vehicle (PHEV),Not eligible due to low battery range,25,27.0,274900545,POINT (-122.54304 47.31803),BONNEVILLE POWER ADMINISTRATION||CITY OF TACOMA - (WA)||PENINSULA LIGHT COMPANY,53053060300
1C4RJXP63R,King,Auburn,WA,98092,2024,JEEP,WRANGLER,Plug-in Hybrid Electric Vehicle (PHEV),Not eligible due to low battery range,21,47.0,278937522,POINT (-122.18262 47.31825),PUGET SOUND ENERGY INC||CITY OF TACOMA - (WA),53033029602
KM8JBDD27R,King,Redmond,WA,98052,2024,HYUNDAI,TUCSON,Plug-in Hybrid Electric Vehicle (PHEV),Clean Alternative Fuel Vehicle Eligible,33,48.0,278334241,POINT (-122.13158 47.67858),PUGET SOUND ENERGY INC||CITY OF TACOMA - (WA),53033022803
W1NKM5GB0T,Whatcom,Sedro Woolley,WA,98284,2026,MERCEDES-BENZ,GLC-CLASS,Plug-in Hybrid Electric Vehicle (PHEV),Clean Alternative Fuel Vehicle Eligible,54,40.0,285758098,POINT (-122.23857 48.50879),PUGET SOUND ENERGY INC||PUD NO 1 OF WHATCOM COUNTY,53073000807
ZACPDFCW9R,King,Tukwila,WA,98188,2024,DODGE,HORNET,Plug-in Hybrid Electric Vehicle (PHEV),Clean Alternative Fuel Vehicle Eligible,32,11.0,262370069,POINT (-122.27979 47.44952),PUGET SOUND ENERGY INC||CITY OF TACOMA - (WA),53033028200
1G1RC6S52J,Clallam,Port Angeles,WA,98362,2018,CHEVROLET,VOLT,Plug-in Hybrid Electric Vehicle (PHEV),Clean Alternative Fuel Vehicle Eligible,53,24.0,166155503,POINT (-123.43112 48.11892),BONNEVILLE POWER ADMINISTRATION||CITY OF PORT ANGELES - (WA),53009000900
5YJ3E1EB3L,Snohomish,Everett,WA,98204,2020,TESLA,MODEL 3,Battery Electric Vehicle (BEV),Clean Alternative Fuel Vehicle Eligible,322,21.0,253254900,POINT (-122.27557 47.88936),PUGET SOUND ENERGY INC,53061041812
5YJ3E1EB2J,Grays Harbor,Montesano,WA,98563,2018,TESLA,MODEL 3,Battery Electric Vehicle (BEV),Clean Alternative Fuel Vehicle Eligible,215,24.0,474003393,POINT (-123.60076 46.98384),BONNEVILLE POWER ADMINISTRATION||PUD NO 1 OF GRAYS HARBOR COUNTY,53027000401
1FMCU0E1XS,Island,Freeland,WA,98249,2025,FORD,ESCAPE,Plug-in Hybrid Electric Vehicle (PHEV),Clean Alternative Fuel Vehicle Eligible,37,10.0,282748014,POINT (-122.52664 48.00956),PUGET SOUND ENERGY INC,53029971301
5YJSA1E20G,Clallam,Sequim,WA,98382,2016,TESLA,MODEL S,Battery Electric Vehicle (BEV),Clean Alternative Fuel Vehicle Eligible,210,24.0,213217133,POINT (-123.10367 48.07965),BONNEVILLE POWER ADMINISTRATION||PUD NO 1 OF CLALLAM COUNTY,53009001702
1C4RJYB6XR,King,Kirkland,WA,98034,2024,JEEP,GRAND CHEROKEE,Plug-in Hybrid Electric Vehicle (PHEV),Not eligible due to low battery range,25,45.0,278389086,POINT (-122.22901 47.72201),PUGET SOUND ENERGY INC||CITY OF TACOMA - (WA),53033021905
5YJYGDEE8L,Clark,Vancouver,WA,98684,2020,TESLA,MODEL Y,Battery Electric Vehicle (BEV),Clean Alternative Fuel Vehicle Eligible,291,17.0,282816894,POINT (-122.48723 45.63701),BONNEVILLE POWER ADMINISTRATION||PUD NO 1 OF CLARK COUNTY - (WA),53011041319
WBS83FK05T,King,Vashon,WA,98070,2026,BMW,M5,Plug-in Hybrid Electric Vehicle (PHEV),Not eligible due to low battery range,25,34.0,287686157,POINT (-122.4573 47.44929),PUGET SOUND ENERGY INC||CITY OF TACOMA - (WA),53033027702
JTDKAMFP2N,King,Bellevue,WA,98005,2022,TOYOTA,PRIUS PRIME (PHEV),Plug-in Hybrid Electric Vehicle (PHEV),Not eligible due to low battery range,25,48.0,226124055,POINT (-122.1621 47.64441),PUGET SOUND ENERGY INC||CITY OF TACOMA - (WA),53033022805
5UX43EU01S,King,Bellevue,WA,98004,2025,BMW,X5,Plug-in Hybrid Electric Vehicle (PHEV),Clean Alternative Fuel Vehicle Eligible,40,41.0,276611758,POINT (-122.1872 47.61001),PUGET SOUND ENERGY INC||CITY OF TACOMA - (WA),53033023901
KNDCC3LG3L,King,Seattle,WA,98122,2020,KIA,NIRO,Battery Electric Vehicle (BEV),Clean Alternative Fuel Vehicle Eligible,239,37.0,148553954,POINT (-122.31009 47.60803),CITY OF SEATTLE - (WA)|CITY OF TACOMA - (WA),53033008600
1G1FW6S07J,Whatcom,Bellingham,WA,98225,2018,CHEVROLET,BOLT EV,Battery Electric Vehicle (BEV),Clean Alternative Fuel Vehicle Eligible,238,42.0,253628140,POINT (-122.47091 48.75256),PUGET SOUND ENERGY INC||PUD NO 1 OF WHATCOM COUNTY,53073000201
5YJ3E1EBXJ,Pierce,Auburn,WA,98092,2018,TESLA,MODEL 3,Battery Electric Vehicle (BEV),Clean Alternative Fuel Vehicle Eligible,215,31.0,304206136,POINT (-122.18262 47.31825),PUGET SOUND ENERGY INC||CITY OF TACOMA - (WA),53053070316
1FADP5CU6E,King,Kent,WA,98031,2014,FORD,C-MAX,Plug-in Hybrid Electric Vehicle (PHEV),Not eligible due to low battery range,19,47.0,261121542,POINT (-122.17743 47.41185),PUGET SOUND ENERGY INC||CITY OF TACOMA - (WA),53033029403
KNDPZDAH0P,King,Seattle,WA,98115,2023,KIA,SPORTAGE,Plug-in Hybrid Electric Vehicle (PHEV),Clean Alternative Fuel Vehicle Eligible,34,43.0,235324491,POINT (-122.31676 47.68156),CITY OF SEATTLE - (WA)|CITY OF TACOMA - (WA),53033004401
5YJ3E1EA7J,King,Bothell,WA,98011,2018,TESLA,MODEL 3,Battery Electric Vehicle (BEV),Clean Alternative Fuel Vehicle Eligible,215,1.0,325660751,POINT (-122.20563 47.76144),PUGET SOUND ENERGY INC||CITY OF TACOMA - (WA),53033021804
JN1AZ0CP3C,Spokane,Spokane,WA,99212,2012,NISSAN,LEAF,Battery Electric Vehicle (BEV),Clean Alternative Fuel Vehicle Eligible,73,4.0,105144532,POINT (-117.31205 47.66648),BONNEVILLE POWER ADMINISTRATION||VERA IRRIGATION DISTRICT #15,53063012300
JTMFB3FV4M,Cowlitz,Castle Rock,WA,98611,2021,TOYOTA,RAV4 PRIME (PHEV),Plug-in Hybrid Electric Vehicle (PHEV),Clean Alternative Fuel Vehicle Eligible,42,20.0,171249529,POINT (-122.90724 46.27509),BONNEVILLE POWER ADMINISTRATION||PUD NO 1 OF COWLITZ COUNTY,53015002003
5YJ3E1EB3K,King,Bellevue,WA,98004,2019,TESLA,MODEL 3,Battery Electric Vehicle (BEV),Clean Alternative Fuel Vehicle Eligible,220,48.0,299579549,POINT (-122.1872 47.61001),PUGET SOUND ENERGY INC||CITY OF TACOMA - (WA),53033023805
5YJ3E1EB2J,King,Renton,WA,98058,2018,TESLA,MODEL 3,Battery Electric Vehicle (BEV),Clean Alternative Fuel Vehicle Eligible,215,47.0,259047442,POINT (-122.08747 47.4466),PUGET SOUND ENERGY INC||CITY OF TACOMA - (WA),53033029307
KNDRMDLH0R,King,Seattle,WA,98125,2024,KIA,SORENTO,Plug-in Hybrid Electric Vehicle (PHEV),Clean Alternative Fuel Vehicle Eligible,32,46.0,258971478,POINT (-122.30253 47.72656),PUGET SOUND ENERGY INC||CITY OF TACOMA - (WA),53033000900
KNDRMDLH8N,Spokane,Otis Orchards,WA,99027,2022,KIA,SORENTO,Plug-in Hybrid Electric Vehicle (PHEV),Clean Alternative Fuel Vehicle Eligible,32,4.0,209448200,POINT (-117.15457 47.68955),BONNEVILLE POWER ADMINISTRATION||AVISTA CORP||INLAND POWER & LIGHT COMPANY,53063010101
5YJXCAE43L,King,Renton,WA,98056,2020,TESLA,MODEL X,Battery Electric Vehicle (BEV),Clean Alternative Fuel Vehicle Eligible,289,11.0,193013537,POINT (-122.18839 47.51197),PUGET SOUND ENERGY INC||CITY OF TACOMA - (WA),53033025401
WVWKR7AU5H,King,Woodinville,WA,98072,2017,VOLKSWAGEN,E-GOLF,Battery Electric Vehicle (BEV),Clean Alternative Fuel Vehicle Eligible,125,45.0,248338604,POINT (-122.15545 47.75448),PUGET SOUND ENERGY INC||CITY OF TACOMA - (WA),53033032326
KNDPZDAH9P,King,Seattle,WA,98102,2023,KIA,SPORTAGE,Plug-in Hybrid Electric Vehicle (PHEV),Clean Alternative Fuel Vehicle Eligible,34,43.0,256290548,POINT (-122.32427 47.63433),CITY OF SEATTLE - (WA)|CITY OF TACOMA - (WA),53033007501
YV4BR0DM4K,King,Clyde Hill,WA,98004,2019,VOLVO,XC60,Plug-in Hybrid Electric Vehicle (PHEV),Not eligible due to low battery range,17,48.0,120295724,POINT (-122.1872 47.61001),PUGET SOUND ENERGY INC||CITY OF TACOMA - (WA),53033024100
ZACPDFCW5R,King,Tukwila,WA,98188,2024,DODGE,HORNET,Plug-in Hybrid Electric Vehicle (PHEV),Clean Alternative Fuel Vehicle Eligible,32,11.0,261312068,POINT (-122.27979 47.44952),PUGET SOUND ENERGY INC||CITY OF TACOMA - (WA),53033028200
1N4AZ0CP6D,Clark,Vancouver,WA,98662,2013,NISSAN,LEAF,Battery Electric Vehicle (BEV),Clean Alternative Fuel Vehicle Eligible,75,17.0,196264036,POINT (-122.57722 45.64251),BONNEVILLE POWER ADMINISTRATION||PUD NO 1 OF CLARK COUNTY - (WA),53011040703
JTDKARFP4J,Island,Camano Island,WA,98282,2018,TOYOTA,PRIUS PRIME (PHEV),Plug-in Hybrid Electric Vehicle (PHEV),Not eligible due to low battery range,25,10.0,145478588,POINT (-122.40049 48.23986),BONNEVILLE POWER ADMINISTRATION||PUD 1 OF SNOHOMISH COUNTY,53029971700
2C4RC1S70P,King,Redmond,WA,98053,2023,CHRYSLER,PACIFICA,Plug-in Hybrid Electric Vehicle (PHEV),Clean Alternative Fuel Vehicle Eligible,32,45.0,270926890,POINT (-122.03287 47.68555),PUGET SOUND ENERGY INC||CITY OF TACOMA - (WA),53033032332
JA4T5WA92R,Kitsap,Bremerton,WA,98310,2024,MITSUBISHI,OUTLANDER,Plug-in Hybrid Electric Vehicle (PHEV),Clean Alternative Fuel Vehicle Eligible,38,23.0,266825387,POINT (-122.61136 47.5752),PUGET SOUND ENERGY INC,53035080400
5YJ3E1EB8J,King,Redmond,WA,98052,2018,TESLA,MODEL 3,Battery Electric Vehicle (BEV),Clean Alternative Fuel Vehicle Eligible,215,45.0,135200278,POINT (-122.13158 47.67858),PUGET SOUND ENERGY INC||CITY OF TACOMA - (WA),53033032321
5YJSA1H18E,Snohomish,Snohomish,WA,98290,2014,TESLA,MODEL S,Battery Electric Vehicle (BEV),Clean Alternative Fuel Vehicle Eligible,208,39.0,186245370,POINT (-122.09305 47.91265),PUGET SOUND ENERGY INC,53061052203
5YJSA1H20F,King,Bellevue,WA,98008,2015,TESLA,MODEL S,Battery Electric Vehicle (BEV),Clean Alternative Fuel Vehicle Eligible,208,48.0,202492601,POINT (-122.11867 47.63131),PUGET SOUND ENERGY INC||CITY OF TACOMA - (WA),53033023300
5YJ3E1EA3K,Snohomish,Lynnwood,WA,98037,2019,TESLA,MODEL 3,Battery Electric Vehicle (BEV),Clean Alternative Fuel Vehicle Eligible,220,32.0,208496074,POINT (-122.27734 47.83785),PUGET SOUND ENERGY INC,53061051601
1G1FX6S01K,Thurston,Rainier,WA,98576,2019,CHEVROLET,BOLT EV,Battery Electric Vehicle (BEV),Clean Alternative Fuel Vehicle Eligible,238,20.0,147445301,POINT (-122.68993 46.88897),PUGET SOUND ENERGY INC,53067012530
KM8JFDA25P,King,Burien,WA,98166,2023,HYUNDAI,TUCSON,Plug-in Hybrid Electric Vehicle (PHEV),Clean Alternative Fuel Vehicle Eligible,33,34.0,236020564,POINT (-122.33942 47.46864),PUGET SOUND ENERGY INC||CITY OF TACOMA - (WA),53033027800
1FADP5CU6F,Pierce,Tacoma,WA,98406,2015,FORD,C-MAX,Plug-in Hybrid Electric Vehicle (PHEV),Not eligible due to low battery range,19,27.0,475706185,POINT (-122.52082 47.26887),BONNEVILLE POWER ADMINISTRATION||CITY OF TACOMA - (WA)||PENINSULA LIGHT COMPANY,53053060500
5UXTA6C04N,Skagit,Anacortes,WA,98221,2022,BMW,X5,Plug-in Hybrid Electric Vehicle (PHEV),Clean Alternative Fuel Vehicle Eligible,30,10.0,195025666,POINT (-122.61216 48.51749),PUGET SOUND ENERGY INC,53057940302
ZACPDFCW3R,King,Tukwila,WA,98188,2024,DODGE,HORNET,Plug-in Hybrid Electric Vehicle (PHEV),Clean Alternative Fuel Vehicle Eligible,32,11.0,267052509,POINT (-122.27979 47.44952),PUGET SOUND ENERGY INC||CITY OF TACOMA - (WA),53033028200
JTDACACU0R,King,Seattle,WA,98125,2024,TOYOTA,PRIUS PRIME (PHEV),Plug-in Hybrid Electric Vehicle (PHEV),Clean Alternative Fuel Vehicle Eligible,39,46.0,271878225,POINT (-122.30253 47.72656),CITY OF SEATTLE - (WA)|CITY OF TACOMA - (WA),53033000102
JTDKN3DPXD,Clallam,Port Angeles,WA,98362,2013,TOYOTA,PRIUS,Plug-in Hybrid Electric Vehicle (PHEV),Not eligible due to low battery range,6,24.0,275889204,POINT (-123.43112 48.11892),BONNEVILLE POWER ADMINISTRATION||CITY OF PORT ANGELES - (WA),53009001200
JHMZC5F3XJ,Pierce,Tacoma,WA,98444,2018,HONDA,CLARITY,Plug-in Hybrid Electric Vehicle (PHEV),Clean Alternative Fuel Vehicle Eligible,47,29.0,475002167,POINT (-122.43827 47.154),BONNEVILLE POWER ADMINISTRATION||CITY OF TACOMA - (WA)||PARKLAND LIGHT & WATER COMPANY|PENINSULA LIGHT COMPANY,53053071504
1N4BZ0CP9H,Kitsap,Bainbridge Island,WA,98110,2017,NISSAN,LEAF,Battery Electric Vehicle (BEV),Clean Alternative Fuel Vehicle Eligible,107,23.0,264286424,POINT (-122.521 47.62732),PUGET SOUND ENERGY INC,53035090700
JM3KKEHA3R,King,Seattle,WA,98125,2024,MAZDA,CX-90,Plug-in Hybrid Electric Vehicle (PHEV),Not eligible due to low battery range,26,46.0,260454379,POINT (-122.30253 47.72656),CITY OF SEATTLE - (WA)|CITY OF TACOMA - (WA),53033001202
ZACPDFCWXR,King,Tukwila,WA,98188,2024,DODGE,HORNET,Plug-in Hybrid Electric Vehicle (PHEV),Clean Alternative Fuel Vehicle Eligible,32,11.0,261313433,POINT (-122.27979 47.44952),PUGET SOUND ENERGY INC||CITY OF TACOMA - (WA),53033028200
1C4RJXN67R,King,Maple Valley,WA,98038,2024,JEEP,WRANGLER,Plug-in Hybrid Electric Vehicle (PHEV),Not eligible due to low battery range,21,5.0,270717016,POINT (-122.04526 47.39394),PUGET SOUND ENERGY INC||CITY OF TACOMA - (WA),53033032008
JA4T5UA96P,King,Shoreline,WA,98155,2023,MITSUBISHI,OUTLANDER,Plug-in Hybrid Electric Vehicle (PHEV),Clean Alternative Fuel Vehicle Eligible,38,32.0,224395643,POINT (-122.30304 47.75494),CITY OF SEATTLE - (WA)|CITY OF TACOMA - (WA),53033020500
WA1VABGE6K,Kitsap,Port Orchard,WA,98366,2019,AUDI,E-TRON,Battery Electric Vehicle (BEV),Clean Alternative Fuel Vehicle Eligible,204,26.0,105033351,POINT (-122.63847 47.54103),PUGET SOUND ENERGY INC,53035092704
5YJ3E1EAXL,Mason,Shelton,WA,98584,2020,TESLA,MODEL 3,Battery Electric Vehicle (BEV),Clean Alternative Fuel Vehicle Eligible,266,35.0,4896818,POINT (-123.10616 47.21253),BONNEVILLE POWER ADMINISTRATION||CITY OF TACOMA - (WA)||PUD NO 1 OF MASON COUNTY,53045960500
WAUUPBFF3H,Thurston,Lacey,WA,98516,2017,AUDI,A3,Plug-in Hybrid Electric Vehicle (PHEV),Not eligible due to low battery range,16,22.0,109714825,POINT (-122.78598 47.08476),PUGET SOUND ENERGY INC,53067012226
5YJ3E1EBXJ,Snohomish,Monroe,WA,98272,2018,TESLA,MODEL 3,Battery Electric Vehicle (BEV),Clean Alternative Fuel Vehicle Eligible,215,39.0,475052476,POINT (-121.98087 47.8526),BONNEVILLE POWER ADMINISTRATION||PUD 1 OF SNOHOMISH COUNTY,53061053802
3FA6P0SU0L,Cowlitz,Ariel,WA,98603,2020,FORD,FUSION,Plug-in Hybrid Electric Vehicle (PHEV),Not eligible due to low battery range,26,20.0,264927785,POINT (-122.53658 45.98974),BONNEVILLE POWER ADMINISTRATION||PUD NO 1 OF COWLITZ COUNTY,53015001501
KNDCC3LD3K,King,Seattle,WA,98146,2019,KIA,NIRO,Plug-in Hybrid Electric Vehicle (PHEV),Not eligible due to low battery range,26,34.0,127352522,POINT (-122.36322 47.49736),CITY OF SEATTLE - (WA)|CITY OF TACOMA - (WA),53033026600
1N4AZ1CP8L,King,Seattle,WA,98125,2020,NISSAN,LEAF,Battery Electric Vehicle (BEV),Clean Alternative Fuel Vehicle Eligible,149,46.0,252143132,POINT (-122.30253 47.72656),CITY OF SEATTLE - (WA)|CITY OF TACOMA - (WA),53033001201
KNDCC3LG5L,Snohomish,Lynnwood,WA,98036,2020,KIA,NIRO,Battery Electric Vehicle (BEV),Clean Alternative Fuel Vehicle Eligible,239,1.0,233446748,POINT (-122.29245 47.82557),PUGET SOUND ENERGY INC,53061051932
5YJ3E1EA5J,Pierce,Gig Harbor,WA,98335,2018,TESLA,MODEL 3,Battery Electric Vehicle (BEV),Clean Alternative Fuel Vehicle Eligible,215,26.0,204936315,POINT (-122.58009 47.328),BONNEVILLE POWER ADMINISTRATION||CITY OF TACOMA - (WA)||PENINSULA LIGHT COMPANY,53053072408
5UXTA6C09P,King,Woodinville,WA,98072,2023,BMW,X5,Plug-in Hybrid Electric Vehicle (PHEV),Clean Alternative Fuel Vehicle Eligible,30,45.0,228745891,POINT (-122.15545 47.75448),PUGET SOUND ENERGY INC||CITY OF TACOMA - (WA),53033032311
KNDRJDLH3N,Cowlitz,Silverlake,WA,98645,2022,KIA,SORENTO,Plug-in Hybrid Electric Vehicle (PHEV),Clean Alternative Fuel Vehicle Eligible,32,20.0,183387753,POINT (-122.8112 46.29694),BONNEVILLE POWER ADMINISTRATION||PUD NO 1 OF COWLITZ COUNTY,53015002004
1G1FZ6S01K,Clark,Vancouver,WA,98682,2019,CHEVROLET,BOLT EV,Battery Electric Vehicle (BEV),Clean Alternative Fuel Vehicle Eligible,238,17.0,109052415,POINT (-122.55149 45.69345),BONNEVILLE POWER ADMINISTRATION||PUD NO 1 OF CLARK COUNTY - (WA),53011040713
JTMEB3FV7M,Asotin,Clarkston,WA,99403,2021,TOYOTA,RAV4 PRIME (PHEV),Plug-in Hybrid Electric Vehicle (PHEV),Clean Alternative Fuel Vehicle Eligible,42,9.0,169206509,POINT (-117.04556 46.41402),BONNEVILLE POWER ADMINISTRATION||AVISTA CORP||PUD NO 1 OF ASOTIN COUNTY,53003960200
5YJ3E1EA4J,King,Redmond,WA,98053,2018,TESLA,MODEL 3,Battery Electric Vehicle (BEV),Clean Alternative Fuel Vehicle Eligible,215,45.0,345171774,POINT (-122.03287 47.68555),PUGET SOUND ENERGY INC||CITY OF TACOMA - (WA),53033032315
JN1AZ0CP5B,Snohomish,Everett,WA,98208,2011,NISSAN,LEAF,Battery Electric Vehicle (BEV),Clean Alternative Fuel Vehicle Eligible,73,44.0,233768433,POINT (-122.18637 47.89251),PUGET SOUND ENERGY INC,53061052119
JTMAB3FV8N,King,Bothell,WA,98011,2022,TOYOTA,RAV4 PRIME (PHEV),Plug-in Hybrid Electric Vehicle (PHEV),Clean Alternative Fuel Vehicle Eligible,42,1.0,240416011,POINT (-122.20563 47.76144),PUGET SOUND ENERGY INC||CITY OF TACOMA - (WA),53033021803
JTDKARFP1L,Lewis,Chehalis,WA,98532,2020,TOYOTA,PRIUS PRIME (PHEV),Plug-in Hybrid Electric Vehicle (PHEV),Not eligible due to low battery range,25,19.0,193793435,POINT (-122.96462 46.6621),BONNEVILLE POWER ADMINISTRATION||CITY OF TACOMA - (WA)||PUD NO 1 OF LEWIS COUNTY,53041971300
1N4AZ0CP7F,Pierce,Orting,WA,98360,2015,NISSAN,LEAF,Battery Electric Vehicle (BEV),Clean Alternative Fuel Vehicle Eligible,84,31.0,142776721,POINT (-122.20166 47.09596),PUGET SOUND ENERGY INC||CITY OF TACOMA - (WA),53053070100
WBY1Z8C31H,Pierce,Edgewood,WA,98372,2017,BMW,I3,Plug-in Hybrid Electric Vehicle (PHEV),Clean Alternative Fuel Vehicle Eligible,97,31.0,107151075,POINT (-122.25646 47.21259),PUGET SOUND ENERGY INC||CITY OF TACOMA - (WA),53053073502
ZACPDFCW7R,King,Tukwila,WA,98188,2024,DODGE,HORNET,Plug-in Hybrid Electric Vehicle (PHEV),Clean Alternative Fuel Vehicle Eligible,32,11.0,261997333,POINT (-122.27979 47.44952),PUGET SOUND ENERGY INC||CITY OF TACOMA - (WA),53033028200
5YJ3E1EBXJ,Snohomish,Bothell,WA,98012,2018,TESLA,MODEL 3,Battery Electric Vehicle (BEV),Clean Alternative Fuel Vehicle Eligible,215,21.0,345778485,POINT (-122.20105 47.84423),PUGET SOUND ENERGY INC,53061051922
1N4AZ0CP1D,King,Redmond,WA,98052,2013,NISSAN,LEAF,Battery Electric Vehicle (BEV),Clean Alternative Fuel Vehicle Eligible,75,48.0,8176010,POINT (-122.13158 47.67858),PUGET SOUND ENERGY INC||CITY OF TACOMA - (WA),53033022902
1G1FX6S09H,Snohomish,Bothell,WA,98012,2017,CHEVROLET,BOLT EV,Battery Electric Vehicle (BEV),Clean Alternative Fuel Vehicle Eligible,238,1.0,133424861,POINT (-122.20105 47.84423),PUGET SOUND ENERGY INC,53061051921
WA1E2AFY9L,Island,Camano Island,WA,98282,2020,AUDI,Q5 E,Plug-in Hybrid Electric Vehicle (PHEV),Not eligible due to low battery range,20,10.0,293445169,POINT (-122.40049 48.23986),BONNEVILLE POWER ADMINISTRATION||PUD 1 OF SNOHOMISH COUNTY,53029971600
5YJ3E1EB0K,Pierce,Gig Harbor,WA,98335,2019,TESLA,MODEL 3,Battery Electric Vehicle (BEV),Clean Alternative Fuel Vehicle Eligible,220,26.0,278802695,POINT (-122.58009 47.328),BONNEVILLE POWER ADMINISTRATION||CITY OF TACOMA - (WA)||PENINSULA LIGHT COMPANY,53053072408
SALKP9F48S,King,Bellevue,WA,98004,2025,LAND ROVER,RANGE ROVER,Plug-in Hybrid Electric Vehicle (PHEV),Clean Alternative Fuel Vehicle Eligible,58,48.0,277813756,POINT (-122.1872 47.61001),PUGET SOUND ENERGY INC||CITY OF TACOMA - (WA),53033024002
WBY1Z4C59F,King,Woodinville,WA,98072,2015,BMW,I3,Plug-in Hybrid Electric Vehicle (PHEV),Clean Alternative Fuel Vehicle Eligible,72,45.0,127629575,POINT (-122.15545 47.75448),PUGET SOUND ENERGY INC||CITY OF TACOMA - (WA),53033032307
3FA6P0SU9G,Snohomish,Mukilteo,WA,98275,2016,FORD,FUSION,Plug-in Hybrid Electric Vehicle (PHEV),Not eligible due to low battery range,19,21.0,146399529,POINT (-122.29196 47.89908),PUGET SOUND ENERGY INC,53061042005
5UX43EU09S,King,Seattle,WA,98125,2025,BMW,X5,Plug-in Hybrid Electric Vehicle (PHEV),Clean Alternative Fuel Vehicle Eligible,40,46.0,273721962,POINT (-122.30253 47.72656),PUGET SOUND ENERGY INC||CITY OF TACOMA - (WA),53033000900
3C3CFFGE9G,King,Renton,WA,98058,2016,FIAT,500,Battery Electric Vehicle (BEV),Clean Alternative Fuel Vehicle Eligible,84,11.0,219002374,POINT (-122.08747 47.4466),PUGET SOUND ENERGY INC||CITY OF TACOMA - (WA),53033031906
5YJYGDEE9L,Thurston,Olympia,WA,98501,2020,TESLA,MODEL Y,Battery Electric Vehicle (BEV),Clean Alternative Fuel Vehicle Eligible,291,22.0,113054497,POINT (-122.89165 47.03954),PUGET SOUND ENERGY INC,53067010100
5YJSA1E23G,Snohomish,Stanwood,WA,98292,2016,TESLA,MODEL S,Battery Electric Vehicle (BEV),Clean Alternative Fuel Vehicle Eligible,210,10.0,109856596,POINT (-122.37265 48.24159),PUGET SOUND ENERGY INC,53061053202
5YJXCBE26L,King,Seattle,WA,98199,2020,TESLA,MODEL X,Battery Electric Vehicle (BEV),Clean Alternative Fuel Vehicle Eligible,293,36.0,260735198,POINT (-122.40092 47.65908),CITY OF SEATTLE - (WA)|CITY OF TACOMA - (WA),53033005700
1G1RA6E48D,King,Renton,WA,98055,2013,CHEVROLET,VOLT,Plug-in Hybrid Electric Vehicle (PHEV),Clean Alternative Fuel Vehicle Eligible,38,11.0,240190961,POINT (-122.19488 47.44035),PUGET SOUND ENERGY INC||CITY OF TACOMA - (WA),53033025805
1C4RJYE67N,King,Kirkland,WA,98033,2022,JEEP,GRAND CHEROKEE,Plug-in Hybrid Electric Vehicle (PHEV),Not eligible due to low battery range,25,48.0,223885098,POINT (-122.2066 47.67887),PUGET SOUND ENERGY INC||CITY OF TACOMA - (WA),53033022603
5YJXCAE20G,King,Bellevue,WA,98004,2016,TESLA,MODEL X,Battery Electric Vehicle (BEV),Clean Alternative Fuel Vehicle Eligible,200,48.0,190764325,POINT (-122.1872 47.61001),PUGET SOUND ENERGY INC||CITY OF TACOMA - (WA),53033024002
5YJ3E1EA7J,King,Auburn,WA,98092,2018,TESLA,MODEL 3,Battery Electric Vehicle (BEV),Clean Alternative Fuel Vehicle Eligible,215,47.0,475580577,POINT (-122.18262 47.31825),PUGET SOUND ENERGY INC||CITY OF TACOMA - (WA),53033031207
5YJXCAE24K,King,Bellevue,WA,98004,2019,TESLA,MODEL X,Battery Electric Vehicle (BEV),Clean Alternative Fuel Vehicle Eligible,289,48.0,328621779,POINT (-122.1872 47.61001),PUGET SOUND ENERGY INC||CITY OF TACOMA - (WA),53033024002
1N4AZ1CP7K,Snohomish,Bothell,WA,98012,2019,NISSAN,LEAF,Battery Electric Vehicle (BEV),Clean Alternative Fuel Vehicle Eligible,150,1.0,8830762,POINT (-122.20105 47.84423),PUGET SOUND ENERGY INC,53061051933
5YJ3E1EA5L,Jefferson,Port Ludlow,WA,98365,2020,TESLA,MODEL 3,Battery Electric Vehicle (BEV),Clean Alternative Fuel Vehicle Eligible,266,24.0,113176689,POINT (-122.68475 47.92989),BONNEVILLE POWER ADMINISTRATION||PUGET SOUND ENERGY INC||PUD NO 1 OF JEFFERSON COUNTY,53031950302
5YJ3E1EBXK,Walla Walla,Walla Walla,WA,99362,2019,TESLA,MODEL 3,Battery Electric Vehicle (BEV),Clean Alternative Fuel Vehicle Eligible,220,16.0,9404685,POINT (-118.34261 46.07068),PACIFICORP,53071920200
JN1AZ0CP4B,Thurston,Olympia,WA,98512,2011,NISSAN,LEAF,Battery Electric Vehicle (BEV),Clean Alternative Fuel Vehicle Eligible,73,22.0,205552945,POINT (-123.04078 46.94792),PUGET SOUND ENERGY INC,53067010910
5YJ3E1EA7J,King,Clyde Hill,WA,98004,2018,TESLA,MODEL 3,Battery Electric Vehicle (BEV),Clean Alternative Fuel Vehicle Eligible,215,48.0,288052411,POINT (-122.1872 47.61001),PUGET SOUND ENERGY INC||CITY OF TACOMA - (WA),53033024100
1G1RA6E49D,King,Seattle,WA,98115,2013,CHEVROLET,VOLT,Plug-in Hybrid Electric Vehicle (PHEV),Clean Alternative Fuel Vehicle Eligible,38,46.0,349835013,POINT (-122.31676 47.68156),CITY OF SEATTLE - (WA)|CITY OF TACOMA - (WA),53033002000
WBY1Z8C37H,San Juan,Eastsound,WA,98245,2017,BMW,I3,Plug-in Hybrid Electric Vehicle (PHEV),Clean Alternative Fuel Vehicle Eligible,97,40.0,241800394,POINT (-122.91109 48.69389),BONNEVILLE POWER ADMINISTRATION||ORCAS POWER & LIGHT COOP,53055960101
WVWKP7AU6G,King,Seattle,WA,98178,2016,VOLKSWAGEN,E-GOLF,Battery Electric Vehicle (BEV),Clean Alternative Fuel Vehicle Eligible,83,37.0,271755438,POINT (-122.25031 47.49481),CITY OF SEATTLE - (WA)|CITY OF TACOMA - (WA),53033011902
1FADP5FU3H,Clark,Vancouver,WA,98664,2017,FORD,C-MAX,Plug-in Hybrid Electric Vehicle (PHEV),Not eligible due to low battery range,20,49.0,262014931,POINT (-122.59219 45.62158),BONNEVILLE POWER ADMINISTRATION||PUD NO 1 OF CLARK COUNTY - (WA),53011041206
5YJSA1E22J,King,Redmond,WA,98072,2018,TESLA,MODEL S,Battery Electric Vehicle (BEV),Clean Alternative Fuel Vehicle Eligible,249,45.0,474743650,POINT (-122.15545 47.75448),PUGET SOUND ENERGY INC||CITY OF TACOMA - (WA),53033032327
5YJ3E1EB5K,King,Renton,WA,98059,2019,TESLA,MODEL 3,Battery Electric Vehicle (BEV),Clean Alternative Fuel Vehicle Eligible,220,5.0,6285506,POINT (-122.11589 47.50243),PUGET SOUND ENERGY INC||CITY OF TACOMA - (WA),53033025104
KM8K53AG9L,Pierce,Tacoma,WA,98422,2020,HYUNDAI,KONA,Battery Electric Vehicle (BEV),Clean Alternative Fuel Vehicle Eligible,258,27.0,262702548,POINT (-122.37683 47.28642),BONNEVILLE POWER ADMINISTRATION||CITY OF TACOMA - (WA)||PENINSULA LIGHT COMPANY,53053940011
JTDACACU6R,Clark,Washougal,WA,98671,2024,TOYOTA,PRIUS PRIME (PHEV),Plug-in Hybrid Electric Vehicle (PHEV),Clean Alternative Fuel Vehicle Eligible,39,18.0,266565603,POINT (-122.35341 45.57923),BONNEVILLE POWER ADMINISTRATION||PACIFICORP||PUD NO 1 OF CLARK COUNTY - (WA),53011040513
5YJ3E1EA3J,Pierce,Tacoma,WA,98408,2018,TESLA,MODEL 3,Battery Electric Vehicle (BEV),Clean Alternative Fuel Vehicle Eligible,215,27.0,257066057,POINT (-122.44718 47.20144),BONNEVILLE POWER ADMINISTRATION||CITY OF TACOMA - (WA)||PENINSULA LIGHT COMPANY,53053062502
3FA6P0PU2G,King,Renton,WA,98058,2016,FORD,FUSION,Plug-in Hybrid Electric Vehicle (PHEV),Not eligible due to low battery range,19,47.0,132193792,POINT (-122.08747 47.4466),PUGET SOUND ENERGY INC||CITY OF TACOMA - (WA),53033031909
5YJXCBE2XJ,Franklin,Pasco,WA,99301,2018,TESLA,MODEL X,Battery Electric Vehicle (BEV),Clean Alternative Fuel Vehicle Eligible,238,16.0,230050215,POINT (-119.09467 46.23542),BONNEVILLE POWER ADMINISTRATION||PUD NO 1 OF FRANKLIN COUNTY,53021020300
5YJ3E1EA4K,King,Kirkland,WA,98034,2019,TESLA,MODEL 3,Battery Electric Vehicle (BEV),Clean Alternative Fuel Vehicle Eligible,220,45.0,477441954,POINT (-122.22901 47.72201),PUGET SOUND ENERGY INC||CITY OF TACOMA - (WA),53033021903
2C4RC1L71N,Thurston,Olympia,WA,98501,2022,CHRYSLER,PACIFICA,Plug-in Hybrid Electric Vehicle (PHEV),Clean Alternative Fuel Vehicle Eligible,32,22.0,244149510,POINT (-122.89165 47.03954),PUGET SOUND ENERGY INC,53067011200
2C4RC1S77P,King,Kirkland,WA,98033,2023,CHRYSLER,PACIFICA,Plug-in Hybrid Electric Vehicle (PHEV),Clean Alternative Fuel Vehicle Eligible,32,45.0,238885272,POINT (-122.2066 47.67887),PUGET SOUND ENERGY INC||CITY OF TACOMA - (WA),53033022603
1G1FY6S0XL,Snohomish,Sultan,WA,98294,2020,CHEVROLET,BOLT EV,Battery Electric Vehicle (BEV),Clean Alternative Fuel Vehicle Eligible,259,39.0,124604238,POINT (-121.81688 47.8623),PUGET SOUND ENERGY INC,53061053803
5YJ3E1EB6K,King,Shoreline,WA,98133,2019,TESLA,MODEL 3,Battery Electric Vehicle (BEV),Clean Alternative Fuel Vehicle Eligible,220,32.0,338140120,POINT (-122.33364 47.73709),CITY OF SEATTLE - (WA)|CITY OF TACOMA - (WA),53033021000
KNDPZDDH6S,King,Seattle,WA,98144,2025,KIA,SPORTAGE,Plug-in Hybrid Electric Vehicle (PHEV),Clean Alternative Fuel Vehicle Eligible,34,37.0,276552762,POINT (-122.30866 47.57874),CITY OF SEATTLE - (WA)|CITY OF TACOMA - (WA),53033008900
YV4H60DL9R,King,Kirkland,WA,98034,2024,VOLVO,XC60,Plug-in Hybrid Electric Vehicle (PHEV),Clean Alternative Fuel Vehicle Eligible,35,45.0,268778513,POINT (-122.22901 47.72201),PUGET SOUND ENERGY INC||CITY OF TACOMA - (WA),53033022003
1N4BZ0CP6G,Kitsap,Bainbridge Island,WA,98110,2016,NISSAN,LEAF,Battery Electric Vehicle (BEV),Clean Alternative Fuel Vehicle Eligible,84,23.0,133900413,POINT (-122.521 47.62732),PUGET SOUND ENERGY INC,53035090800
1G1FY6S06L,King,Seattle,WA,98133,2020,CHEVROLET,BOLT EV,Battery Electric Vehicle (BEV),Clean Alternative Fuel Vehicle Eligible,259,32.0,229874837,POINT (-122.33364 47.73709),CITY OF SEATTLE - (WA)|CITY OF TACOMA - (WA),53033000403
WVWKP7AU2G,Klickitat,Husum,WA,98672,2016,VOLKSWAGEN,E-GOLF,Battery Electric Vehicle (BEV),Clean Alternative Fuel Vehicle Eligible,83,14.0,9086864,POINT (-121.48704 45.72776),BONNEVILLE POWER ADMINISTRATION||PUD NO 1 OF KLICKITAT COUNTY,53039950302
5YJ3E1EB1J,King,Redmond,WA,98052,2018,TESLA,MODEL 3,Battery Electric Vehicle (BEV),Clean Alternative Fuel Vehicle Eligible,215,48.0,475097857,POINT (-122.13158 47.67858),PUGET SOUND ENERGY INC||CITY OF TACOMA - (WA),53033032325
5YJ3E1EA4K,Pierce,Graham,WA,98338,2019,TESLA,MODEL 3,Battery Electric Vehicle (BEV),Clean Alternative Fuel Vehicle Eligible,220,28.0,477027113,POINT (-122.29477 47.05703),BONNEVILLE POWER ADMINISTRATION||CITY OF TACOMA - (WA)||PENINSULA LIGHT COMPANY,53053073115
5YJSA1H1XE,King,Seattle,WA,98177,2014,TESLA,MODEL S,Battery Electric Vehicle (BEV),Clean Alternative Fuel Vehicle Eligible,208,36.0,203337438,POINT (-122.37238 47.74068),CITY OF SEATTLE - (WA)|CITY OF TACOMA - (WA),53033001400
5YJ3E1EB7J,King,Seattle,WA,98112,2018,TESLA,MODEL 3,Battery Electric Vehicle (BEV),Clean Alternative Fuel Vehicle Eligible,215,43.0,475588914,POINT (-122.30207 47.64085),CITY OF SEATTLE - (WA)|CITY OF TACOMA - (WA),53033006400
ZACPDFDW9R,Snohomish,Bothell,WA,98012,2024,DODGE,HORNET,Plug-in Hybrid Electric Vehicle (PHEV),Clean Alternative Fuel Vehicle Eligible,32,21.0,275502293,POINT (-122.20105 47.84423),PUGET SOUND ENERGY INC,53061051927
5YJ3E1EA9K,Pierce,Tacoma,WA,98409,2019,TESLA,MODEL 3,Battery Electric Vehicle (BEV),Clean Alternative Fuel Vehicle Eligible,220,29.0,219350183,POINT (-122.47145 47.20873),BONNEVILLE POWER ADMINISTRATION||CITY OF TACOMA - (WA)||PENINSULA LIGHT COMPANY,53053062600
ZACPDFCW7R,King,Tukwila,WA,98188,2024,DODGE,HORNET,Plug-in Hybrid Electric Vehicle (PHEV),Clean Alternative Fuel Vehicle Eligible,32,11.0,262212233,POINT (-122.27979 47.44952),PUGET SOUND ENERGY INC||CITY OF TACOMA - (WA),53033028200
5YJXCAE48H,Snohomish,Everett,WA,98208,2017,TESLA,MODEL X,Battery Electric Vehicle (BEV),Clean Alternative Fuel Vehicle Eligible,200,44.0,282244140,POINT (-122.18637 47.89251),PUGET SOUND ENERGY INC,53061041605
1C4JJXR68M,King,Seattle,WA,98106,2021,JEEP,WRANGLER,Plug-in Hybrid Electric Vehicle (PHEV),Not eligible due to low battery range,21,34.0,161246949,POINT (-122.35163 47.54287),CITY OF SEATTLE - (WA)|CITY OF TACOMA - (WA),53033009900
1C4JJXP6XN,Thurston,Yelm,WA,98597,2022,JEEP,WRANGLER,Plug-in Hybrid Electric Vehicle (PHEV),Not eligible due to low battery range,21,2.0,278574698,POINT (-122.60735 46.94239),PUGET SOUND ENERGY INC,53067012421
KNDPZDDH6R,King,Seattle,WA,98101,2024,KIA,SPORTAGE,Plug-in Hybrid Electric Vehicle (PHEV),Clean Alternative Fuel Vehicle Eligible,34,43.0,273772383,POINT (-122.34223 47.61085),CITY OF SEATTLE - (WA)|CITY OF TACOMA - (WA),53033008300
2C4RC1S73N,Pierce,South Hill,WA,98374,2022,CHRYSLER,PACIFICA,Plug-in Hybrid Electric Vehicle (PHEV),Clean Alternative Fuel Vehicle Eligible,32,25.0,224009754,POINT (-122.27504 47.13926),PUGET SOUND ENERGY INC||CITY OF TACOMA - (WA),53053071212
1N4AZ0CP1D,Pierce,Gig Harbor,WA,98332,2013,NISSAN,LEAF,Battery Electric Vehicle (BEV),Clean Alternative Fuel Vehicle Eligible,75,26.0,234821163,POINT (-122.58964 47.34235),BONNEVILLE POWER ADMINISTRATION||CITY OF TACOMA - (WA)||PENINSULA LIGHT COMPANY,53053072508
1N4AZ0CP6E,King,Seattle,WA,98178,2014,NISSAN,LEAF,Battery Electric Vehicle (BEV),Clean Alternative Fuel Vehicle Eligible,84,37.0,206874923,POINT (-122.25031 47.49481),CITY OF SEATTLE - (WA)|CITY OF TACOMA - (WA),53033026102
1N4AZ0CP0F,King,Bellevue,WA,98005,2015,NISSAN,LEAF,Battery Electric Vehicle (BEV),Clean Alternative Fuel Vehicle Eligible,84,41.0,210441696,POINT (-122.1621 47.64441),PUGET SOUND ENERGY INC||CITY OF TACOMA - (WA),53033023601
2C4RC1L79J,Benton,West Richland,WA,99353,2018,CHRYSLER,PACIFICA,Plug-in Hybrid Electric Vehicle (PHEV),Clean Alternative Fuel Vehicle Eligible,33,8.0,144596770,POINT (-119.33836 46.29696),BONNEVILLE POWER ADMINISTRATION||PUD NO 1 OF BENTON COUNTY,53005010708
W1N0G5DB6L,King,Shoreline,WA,98133,2020,MERCEDES-BENZ,GLC-CLASS,Plug-in Hybrid Electric Vehicle (PHEV),Not eligible due to low battery range,22,32.0,125996643,POINT (-122.33364 47.73709),CITY OF SEATTLE - (WA)|CITY OF TACOMA - (WA),53033020900
WBY1Z4C53G,King,Bellevue,WA,98008,2016,BMW,I3,Plug-in Hybrid Electric Vehicle (PHEV),Clean Alternative Fuel Vehicle Eligible,72,48.0,151598359,POINT (-122.11867 47.63131),PUGET SOUND ENERGY INC||CITY OF TACOMA - (WA),53033023100
KNDCS3LF8R,Whatcom,Bellingham,WA,98226,2024,KIA,NIRO,Plug-in Hybrid Electric Vehicle (PHEV),Clean Alternative Fuel Vehicle Eligible,33,42.0,291339800,POINT (-122.49756 48.7999),PUGET SOUND ENERGY INC||PUD NO 1 OF WHATCOM COUNTY,53073000302
2C4RC1N79L,King,Kirkland,WA,98033,2020,CHRYSLER,PACIFICA,Plug-in Hybrid Electric Vehicle (PHEV),Clean Alternative Fuel Vehicle Eligible,32,48.0,137153761,POINT (-122.2066 47.67887),PUGET SOUND ENERGY INC||CITY OF TACOMA - (WA),53033022603
1G1FW6S05H,King,Kirkland,WA,98034,2017,CHEVROLET,BOLT EV,Battery Electric Vehicle (BEV),Clean Alternative Fuel Vehicle Eligible,238,45.0,129021483,POINT (-122.22901 47.72201),PUGET SOUND ENERGY INC||CITY OF TACOMA - (WA),53033021904
1G1RB6S55H,Clark,Vancouver,WA,98685,2017,CHEVROLET,VOLT,Plug-in Hybrid Electric Vehicle (PHEV),Clean Alternative Fuel Vehicle Eligible,53,18.0,113084191,POINT (-122.70303 45.70954),BONNEVILLE POWER ADMINISTRATION||PUD NO 1 OF CLARK COUNTY - (WA),53011040904
1G1FZ6S03L,King,Issaquah,WA,98027,2020,CHEVROLET,BOLT EV,Battery Electric Vehicle (BEV),Clean Alternative Fuel Vehicle Eligible,259,5.0,101726488,POINT (-122.03439 47.5301),PUGET SOUND ENERGY INC||CITY OF TACOMA - (WA),53033032103
1G1RD6E4XF,King,Kirkland,WA,98034,2015,CHEVROLET,VOLT,Plug-in Hybrid Electric Vehicle (PHEV),Clean Alternative Fuel Vehicle Eligible,38,1.0,261320734,POINT (-122.22901 47.72201),PUGET SOUND ENERGY INC||CITY OF TACOMA - (WA),53033022300
JTMAB3FVXP,King,Kirkland,WA,98033,2023,TOYOTA,RAV4 PRIME (PHEV),Plug-in Hybrid Electric Vehicle (PHEV),Clean Alternative Fuel Vehicle Eligible,42,48.0,254259029,POINT (-122.2066 47.67887),PUGET SOUND ENERGY INC||CITY OF TACOMA - (WA),53033022604
WBY1Z4C57F,Spokane,Spokane,WA,99208,2015,BMW,I3,Plug-in Hybrid Electric Vehicle (PHEV),Clean Alternative Fuel Vehicle Eligible,72,6.0,218329275,POINT (-117.45005 47.7333),BONNEVILLE POWER ADMINISTRATION||AVISTA CORP||INLAND POWER & LIGHT COMPANY,53063010902
JTMEB3FV4S,King,Seattle,WA,98125,2025,TOYOTA,RAV4 PRIME (PHEV),Plug-in Hybrid Electric Vehicle (PHEV),Clean Alternative Fuel Vehicle Eligible,42,46.0,280415131,POINT (-122.30253 47.72656),CITY OF SEATTLE - (WA)|CITY OF TACOMA - (WA),53033000102
JTDKAMFP4M,King,Kirkland,WA,98033,2021,TOYOTA,PRIUS PRIME (PHEV),Plug-in Hybrid Electric Vehicle (PHEV),Not eligible due to low battery range,25,45.0,268972021,POINT (-122.2066 47.67887),PUGET SOUND ENERGY INC||CITY OF TACOMA - (WA),53033022402
YV4H60JF6S,King,Seattle,WA,98122,2025,VOLVO,XC90,Plug-in Hybrid Electric Vehicle (PHEV),Clean Alternative Fuel Vehicle Eligible,32,37.0,271451785,POINT (-122.31009 47.60803),CITY OF SEATTLE - (WA)|CITY OF TACOMA - (WA),53033007800
5YJXCBE20J,Snohomish,Woodway,WA,98020,2018,TESLA,MODEL X,Battery Electric Vehicle (BEV),Clean Alternative Fuel Vehicle Eligible,238,32.0,110017960,POINT (-122.37689 47.81116),PUGET SOUND ENERGY INC,53061050600
WAUUPBFF7H,King,Seattle,WA,98102,2017,AUDI,A3,Plug-in Hybrid Electric Vehicle (PHEV),Not eligible due to low battery range,16,43.0,5314270,POINT (-122.32427 47.63433),CITY OF SEATTLE - (WA)|CITY OF TACOMA - (WA),53033006100
5YJSA1E23L,Snohomish,Edmonds,WA,98020,2020,TESLA,MODEL S,Battery Electric Vehicle (BEV),Clean Alternative Fuel Vehicle Eligible,330,32.0,261138265,POINT (-122.37689 47.81116),PUGET SOUND ENERGY INC,53061050700
1FADP5CUXF,Snohomish,Lake Stevens,WA,98258,2015,FORD,C-MAX,Plug-in Hybrid Electric Vehicle (PHEV),Not eligible due to low battery range,19,44.0,203663547,POINT (-122.06402 48.01497),PUGET SOUND ENERGY INC,53061052605
5YJYGDEE8L,Clark,Vancouver,WA,98686,2020,TESLA,MODEL Y,Battery Electric Vehicle (BEV),Clean Alternative Fuel Vehicle Eligible,291,17.0,200500835,POINT (-122.62731 45.71668),BONNEVILLE POWER ADMINISTRATION||PUD NO 1 OF CLARK COUNTY - (WA),53011040811
KNDPYDAH6P,Snohomish,Everett,WA,98208,2023,KIA,SPORTAGE,Plug-in Hybrid Electric Vehicle (PHEV),Clean Alternative Fuel Vehicle Eligible,34,44.0,230575180,POINT (-122.18637 47.89251),PUGET SOUND ENERGY INC,53061041607
KMHC65LD1M,Mason,Shelton,WA,98584,2021,HYUNDAI,IONIQ,Plug-in Hybrid Electric Vehicle (PHEV),Not eligible due to low battery range,29,35.0,269831096,POINT (-123.10616 47.21253),BONNEVILLE POWER ADMINISTRATION||CITY OF TACOMA - (WA)||PUD NO 3 OF MASON COUNTY,53045961000
1G1RA6S51H,Thurston,Rainier,WA,98576,2017,CHEVROLET,VOLT,Plug-in Hybrid Electric Vehicle (PHEV),Clean Alternative Fuel Vehicle Eligible,53,20.0,163447574,POINT (-122.68993 46.88897),PUGET SOUND ENERGY INC,53067012530
WBY1Z8C56H,King,Shoreline,WA,98155,2017,BMW,I3,Plug-in Hybrid Electric Vehicle (PHEV),Clean Alternative Fuel Vehicle Eligible,97,32.0,141863851,POINT (-122.30304 47.75494),CITY OF SEATTLE - (WA)|CITY OF TACOMA - (WA),53033021100
JN1AZ0CP7B,Yakima,Yakima,WA,98901,2011,NISSAN,LEAF,Battery Electric Vehicle (BEV),Clean Alternative Fuel Vehicle Eligible,73,14.0,173404556,POINT (-120.50729 46.60464),PACIFICORP,53077000100
5YJXCAE42K,Kitsap,Bainbridge Island,WA,98110,2019,TESLA,MODEL X,Battery Electric Vehicle (BEV),Clean Alternative Fuel Vehicle Eligible,289,23.0,207368087,POINT (-122.521 47.62732),PUGET SOUND ENERGY INC,53035090902
1G1FX6S07H,King,Seattle,WA,98125,2017,CHEVROLET,BOLT EV,Battery Electric Vehicle (BEV),Clean Alternative Fuel Vehicle Eligible,238,46.0,152139613,POINT (-122.30253 47.72656),CITY OF SEATTLE - (WA)|CITY OF TACOMA - (WA),53033000800
1C4RJXN63R,King,Newcastle,WA,98059,2024,JEEP,WRANGLER,Plug-in Hybrid Electric Vehicle (PHEV),Not eligible due to low battery range,21,41.0,267060335,POINT (-122.11589 47.50243),PUGET SOUND ENERGY INC||CITY OF TACOMA - (WA),53033025005
5UXTA6C02P,Kitsap,Bainbridge Island,WA,98110,2023,BMW,X5,Plug-in Hybrid Electric Vehicle (PHEV),Clean Alternative Fuel Vehicle Eligible,30,23.0,233818987,POINT (-122.521 47.62732),PUGET SOUND ENERGY INC,53035091002
WAUUPBFF7J,Grays Harbor,Pacific Beach,WA,98571,2018,AUDI,A3,Plug-in Hybrid Electric Vehicle (PHEV),Not eligible due to low battery range,16,24.0,259809077,POINT (-124.20177 47.20886),BONNEVILLE POWER ADMINISTRATION||PUD NO 1 OF GRAYS HARBOR COUNTY,53027000202
1FMCU0E10S,King,Seattle,WA,98109,2025,FORD,ESCAPE,Plug-in Hybrid Electric Vehicle (PHEV),Clean Alternative Fuel Vehicle Eligible,37,36.0,280671135,POINT (-122.35022 47.63824),CITY OF SEATTLE - (WA)|CITY OF TACOMA - (WA),53033007203
JA4J24A59L,Thurston,Olympia,WA,98501,2020,MITSUBISHI,OUTLANDER,Plug-in Hybrid Electric Vehicle (PHEV),Not eligible due to low battery range,22,22.0,104613603,POINT (-122.89165 47.03954),PUGET SOUND ENERGY INC,53067011200
5YJ3E1EA9L,King,Renton,WA,98058,2020,TESLA,MODEL 3,Battery Electric Vehicle (BEV),Clean Alternative Fuel Vehicle Eligible,266,11.0,267777177,POINT (-122.08747 47.4466),PUGET SOUND ENERGY INC||CITY OF TACOMA - (WA),53033025803
YV4H60DJ0R,King,Burien,WA,98166,2024,VOLVO,XC60,Plug-in Hybrid Electric Vehicle (PHEV),Clean Alternative Fuel Vehicle Eligible,35,34.0,262506625,POINT (-122.33942 47.46864),PUGET SOUND ENERGY INC||CITY OF TACOMA - (WA),53033027600
5YJ3E1EB1L,King,Seattle,WA,98178,2020,TESLA,MODEL 3,Battery Electric Vehicle (BEV),Clean Alternative Fuel Vehicle Eligible,322,37.0,285641128,POINT (-122.25031 47.49481),PUGET SOUND ENERGY INC||CITY OF TACOMA - (WA),53033011902
KNDRMDJH7S,King,Seattle,WA,98125,2025,KIA,SORENTO,Plug-in Hybrid Electric Vehicle (PHEV),Clean Alternative Fuel Vehicle Eligible,30,46.0,276813491,POINT (-122.30253 47.72656),CITY OF SEATTLE - (WA)|CITY OF TACOMA - (WA),53033001100
KNDCC3LGXK,King,Kirkland,WA,98033,2019,KIA,NIRO,Battery Electric Vehicle (BEV),Clean Alternative Fuel Vehicle Eligible,239,45.0,187057048,POINT (-122.2066 47.67887),PUGET SOUND ENERGY INC||CITY OF TACOMA - (WA),53033022603
JTMFB3FV5S,Clark,Vancouver,WA,98665,2025,TOYOTA,RAV4 PRIME (PHEV),Plug-in Hybrid Electric Vehicle (PHEV),Clean Alternative Fuel Vehicle Eligible,42,49.0,278259124,POINT (-122.64443 45.67871),BONNEVILLE POWER ADMINISTRATION||PUD NO 1 OF CLARK COUNTY - (WA),53011040808
1G1FX6S08H,King,Burien,WA,98166,2017,CHEVROLET,BOLT EV,Battery Electric Vehicle (BEV),Clean Alternative Fuel Vehicle Eligible,238,34.0,254750002,POINT (-122.33942 47.46864),PUGET SOUND ENERGY INC||CITY OF TACOMA - (WA),53033027901
JTDKN3DP0C,King,Seattle,WA,98102,2012,TOYOTA,PRIUS,Plug-in Hybrid Electric Vehicle (PHEV),Not eligible due to low battery range,6,43.0,221550010,POINT (-122.32427 47.63433),CITY OF SEATTLE - (WA)|CITY OF TACOMA - (WA),53033006600
5YJ3E1EB0K,King,Renton,WA,98059,2019,TESLA,MODEL 3,Battery Electric Vehicle (BEV),Clean Alternative Fuel Vehicle Eligible,220,11.0,342923101,POINT (-122.11589 47.50243),PUGET SOUND ENERGY INC||CITY OF TACOMA - (WA),53033031913
5YJYGDEE3L,King,Preston,WA,98027,2020,TESLA,MODEL Y,Battery Electric Vehicle (BEV),Clean Alternative Fuel Vehicle Eligible,291,5.0,111509373,POINT (-122.03439 47.5301),PUGET SOUND ENERGY INC||CITY OF TACOMA - (WA),53033032221
KNDJX3AEXH,King,Kent,WA,98031,2017,KIA,SOUL,Battery Electric Vehicle (BEV),Clean Alternative Fuel Vehicle Eligible,93,47.0,173331021,POINT (-122.17743 47.41185),PUGET SOUND ENERGY INC||CITY OF TACOMA - (WA),53033029504
KNDPYDDH7R,Whatcom,Lynden,WA,98264,2024,KIA,SPORTAGE,Plug-in Hybrid Electric Vehicle (PHEV),Clean Alternative Fuel Vehicle Eligible,34,42.0,275557607,POINT (-122.45051 48.94298),PUGET SOUND ENERGY INC||PUD NO 1 OF WHATCOM COUNTY,53073010302
5YJ3E1EB7J,King,Seattle,WA,98102,2018,TESLA,MODEL 3,Battery Electric Vehicle (BEV),Clean Alternative Fuel Vehicle Eligible,215,43.0,468666068,POINT (-122.32427 47.63433),CITY OF SEATTLE - (WA)|CITY OF TACOMA - (WA),53033006500
1N4AZ0CP0F,Clark,Vancouver,WA,98665,2015,NISSAN,LEAF,Battery Electric Vehicle (BEV),Clean Alternative Fuel Vehicle Eligible,84,49.0,164877912,POINT (-122.64443 45.67871),BONNEVILLE POWER ADMINISTRATION||PUD NO 1 OF CLARK COUNTY - (WA),53011040809
5YJXCAE2XK,King,Kent,WA,98042,2019,TESLA,MODEL X,Battery Electric Vehicle (BEV),Clean Alternative Fuel Vehicle Eligible,289,47.0,271122827,POINT (-122.10798 47.37124),PUGET SOUND ENERGY INC||CITY OF TACOMA - (WA),53033029405
5YJ3E1EB7K,Cowlitz,Castle Rock,WA,98611,2019,TESLA,MODEL 3,Battery Electric Vehicle (BEV),Clean Alternative Fuel Vehicle Eligible,220,20.0,280450810,POINT (-122.90724 46.27509),BONNEVILLE POWER ADMINISTRATION||PUD NO 1 OF COWLITZ COUNTY,53015002004
5YJXCAE21K,King,Bellevue,WA,98004,2019,TESLA,MODEL X,Battery Electric Vehicle (BEV),Clean Alternative Fuel Vehicle Eligible,289,48.0,217930471,POINT (-122.1872 47.61001),PUGET SOUND ENERGY INC||CITY OF TACOMA - (WA),53033024002
1N4AZ0CP8E,Pierce,Gig Harbor,WA,98335,2014,NISSAN,LEAF,Battery Electric Vehicle (BEV),Clean Alternative Fuel Vehicle Eligible,84,26.0,160674944,POINT (-122.58009 47.328),BONNEVILLE POWER ADMINISTRATION||CITY OF TACOMA - (WA)||PENINSULA LIGHT COMPANY,53053072408
5YJ3E1EB9K,King,Auburn,WA,98001,2019,TESLA,MODEL 3,Battery Electric Vehicle (BEV),Clean Alternative Fuel Vehicle Eligible,220,30.0,267624570,POINT (-122.28802 47.30264),PUGET SOUND ENERGY INC||CITY OF TACOMA - (WA),53033030405
YV1H60EP4R,King,Seattle,WA,98122,2024,VOLVO,V60,Plug-in Hybrid Electric Vehicle (PHEV),Clean Alternative Fuel Vehicle Eligible,41,37.0,267378142,POINT (-122.31009 47.60803),CITY OF SEATTLE - (WA)|CITY OF TACOMA - (WA),53033007902
5YJ3E1EB6K,King,Shoreline,WA,98133,2019,TESLA,MODEL 3,Battery Electric Vehicle (BEV),Clean Alternative Fuel Vehicle Eligible,220,32.0,230881108,POINT (-122.33364 47.73709),CITY OF SEATTLE - (WA)|CITY OF TACOMA - (WA),53033020800
JM3KKEHA8R,Snohomish,Edmonds,WA,98026,2024,MAZDA,CX-90,Plug-in Hybrid Electric Vehicle (PHEV),Not eligible due to low battery range,26,21.0,259837301,POINT (-122.31768 47.87166),PUGET SOUND ENERGY INC,53061042004
1C4RJYB60R,Clark,Washougal,WA,98671,2024,JEEP,GRAND CHEROKEE,Plug-in Hybrid Electric Vehicle (PHEV),Not eligible due to low battery range,25,18.0,275078387,POINT (-122.35341 45.57923),BONNEVILLE POWER ADMINISTRATION||PUD NO 1 OF CLARK COUNTY - (WA),53011040510
5YJ3E1EA2J,King,Seattle,WA,98177,2018,TESLA,MODEL 3,Battery Electric Vehicle (BEV),Clean Alternative Fuel Vehicle Eligible,215,36.0,211395922,POINT (-122.37238 47.74068),CITY OF SEATTLE - (WA)|CITY OF TACOMA - (WA),53033001702
1C4RJXN67R,King,Kent,WA,98030,2024,JEEP,WRANGLER,Plug-in Hybrid Electric Vehicle (PHEV),Not eligible due to low battery range,21,47.0,271612358,POINT (-122.19975 47.37483),PUGET SOUND ENERGY INC||CITY OF TACOMA - (WA),53033029508
YV4H60CF7R,King,Sammamish,WA,98029,2024,VOLVO,XC90,Plug-in Hybrid Electric Vehicle (PHEV),Clean Alternative Fuel Vehicle Eligible,32,5.0,255248927,POINT (-122.01656 47.57118),PUGET SOUND ENERGY INC||CITY OF TACOMA - (WA),53033032223
5YJ3E1EA0J,King,Bellevue,WA,98004,2018,TESLA,MODEL 3,Battery Electric Vehicle (BEV),Clean Alternative Fuel Vehicle Eligible,215,41.0,329272870,POINT (-122.1872 47.61001),PUGET SOUND ENERGY INC||CITY OF TACOMA - (WA),53033023901
1N4AZ0CP1F,King,Vashon,WA,98070,2015,NISSAN,LEAF,Battery Electric Vehicle (BEV),Clean Alternative Fuel Vehicle Eligible,84,34.0,148449269,POINT (-122.4573 47.44929),PUGET SOUND ENERGY INC||CITY OF TACOMA - (WA),53033027702
1C4JJXP6XN,King,Redmond,WA,98053,2022,JEEP,WRANGLER,Plug-in Hybrid Electric Vehicle (PHEV),Not eligible due to low battery range,21,5.0,218090043,POINT (-122.03287 47.68555),PUGET SOUND ENERGY INC||CITY OF TACOMA - (WA),53033032315
ZACPDFCWXR,King,Tukwila,WA,98188,2024,DODGE,HORNET,Plug-in Hybrid Electric Vehicle (PHEV),Clean Alternative Fuel Vehicle Eligible,32,11.0,262822696,POINT (-122.27979 47.44952),PUGET SOUND ENERGY INC||CITY OF TACOMA - (WA),53033028200
1G1RD6S50H,Island,Oak Harbor,WA,98277,2017,CHEVROLET,VOLT,Plug-in Hybrid Electric Vehicle (PHEV),Clean Alternative Fuel Vehicle Eligible,53,10.0,3595931,POINT (-122.64682 48.29077),PUGET SOUND ENERGY INC,53029970300
JTMAB3FV7S,Clark,Vancouver,WA,98665,2025,TOYOTA,RAV4 PRIME (PHEV),Plug-in Hybrid Electric Vehicle (PHEV),Clean Alternative Fuel Vehicle Eligible,42,49.0,285594032,POINT (-122.64443 45.67871),BONNEVILLE POWER ADMINISTRATION||PUD NO 1 OF CLARK COUNTY - (WA),53011041008
ZACPDFCW7R,King,Tukwila,WA,98188,2024,DODGE,HORNET,Plug-in Hybrid Electric Vehicle (PHEV),Clean Alternative Fuel Vehicle Eligible,32,11.0,261851012,POINT (-122.27979 47.44952),PUGET SOUND ENERGY INC||CITY OF TACOMA - (WA),53033028200
5YJ3E1EA2L,Pierce,Fife,WA,98424,2020,TESLA,MODEL 3,Battery Electric Vehicle (BEV),Clean Alternative Fuel Vehicle Eligible,266,25.0,2228614,POINT (-122.37302 47.24714),BONNEVILLE POWER ADMINISTRATION||CITY OF TACOMA - (WA)||PENINSULA LIGHT COMPANY,53053940013
3C3CFFGE0F,San Juan,Friday Harbor,WA,98250,2015,FIAT,500,Battery Electric Vehicle (BEV),Clean Alternative Fuel Vehicle Eligible,87,40.0,113069169,POINT (-123.01648 48.53448),BONNEVILLE POWER ADMINISTRATION||ORCAS POWER & LIGHT COOP,53055960400
JTMAB3FV8P,Cowlitz,Woodland,WA,98674,2023,TOYOTA,RAV4 PRIME (PHEV),Plug-in Hybrid Electric Vehicle (PHEV),Clean Alternative Fuel Vehicle Eligible,42,20.0,244366916,POINT (-122.74017 45.9094),BONNEVILLE POWER ADMINISTRATION||PUD NO 1 OF COWLITZ COUNTY,53015001503
JTDKARFP0J,Snohomish,Lake Stevens,WA,98258,2018,TOYOTA,PRIUS PRIME (PHEV),Plug-in Hybrid Electric Vehicle (PHEV),Not eligible due to low battery range,25,39.0,475790458,POINT (-122.06402 48.01497),PUGET SOUND ENERGY INC,53061052606
5YJ3E1EA1K,King,Kirkland,WA,98034,2019,TESLA,MODEL 3,Battery Electric Vehicle (BEV),Clean Alternative Fuel Vehicle Eligible,220,1.0,100899858,POINT (-122.22901 47.72201),PUGET SOUND ENERGY INC||CITY OF TACOMA - (WA),53033022203
5YJ3E1EA6K,King,Seattle,WA,98177,2019,TESLA,MODEL 3,Battery Electric Vehicle (BEV),Clean Alternative Fuel Vehicle Eligible,220,32.0,326432893,POINT (-122.37238 47.74068),CITY OF SEATTLE - (WA)|CITY OF TACOMA - (WA),53033000402
JTMFB3FV0N,King,Kent,WA,98032,2022,TOYOTA,RAV4 PRIME (PHEV),Plug-in Hybrid Electric Vehicle (PHEV),Clean Alternative Fuel Vehicle Eligible,42,33.0,252768939,POINT (-122.23741 47.3807),PUGET SOUND ENERGY INC||CITY OF TACOMA - (WA),53033029205
1G1RA6S55K,Thurston,Olympia,WA,98501,2019,CHEVROLET,VOLT,Plug-in Hybrid Electric Vehicle (PHEV),Clean Alternative Fuel Vehicle Eligible,53,22.0,474631748,POINT (-122.89165 47.03954),PUGET SOUND ENERGY INC,53067011200
YV4H60RC8S,Clark,Camas,WA,98607,2025,VOLVO,XC60,Plug-in Hybrid Electric Vehicle (PHEV),Clean Alternative Fuel Vehicle Eligible,35,18.0,287736865,POINT (-122.40199 45.58694),BONNEVILLE POWER ADMINISTRATION||PUD NO 1 OF CLARK COUNTY - (WA),53011040605
1N4AZ0CP3D,Pierce,Tacoma,WA,98418,2013,NISSAN,LEAF,Battery Electric Vehicle (BEV),Clean Alternative Fuel Vehicle Eligible,75,27.0,234048972,POINT (-122.44629 47.22283),BONNEVILLE POWER ADMINISTRATION||CITY OF TACOMA - (WA)||PENINSULA LIGHT COMPANY,53053062400
YV4BR0CM2M,King,Newcastle,WA,98056,2021,VOLVO,XC90,Plug-in Hybrid Electric Vehicle (PHEV),Not eligible due to low battery range,18,41.0,260204010,POINT (-122.18839 47.51197),PUGET SOUND ENERGY INC||CITY OF TACOMA - (WA),53033024703
5YJXCAE41K,King,Bellevue,WA,98004,2019,TESLA,MODEL X,Battery Electric Vehicle (BEV),Clean Alternative Fuel Vehicle Eligible,289,48.0,102073086,POINT (-122.1872 47.61001),PUGET SOUND ENERGY INC||CITY OF TACOMA - (WA),53033024001
KNDCS3LF0R,King,Seattle,WA,98177,2024,KIA,NIRO,Plug-in Hybrid Electric Vehicle (PHEV),Clean Alternative Fuel Vehicle Eligible,33,32.0,268436913,POINT (-122.37238 47.74068),CITY OF SEATTLE - (WA)|CITY OF TACOMA - (WA),53033000402
1C4JJXN64P,Snohomish,Lake Stevens,WA,98258,2023,JEEP,WRANGLER,Plug-in Hybrid Electric Vehicle (PHEV),Not eligible due to low battery range,21,44.0,288821935,POINT (-122.06402 48.01497),PUGET SOUND ENERGY INC,53061052707
1C4RJXN64R,Whatcom,Lynden,WA,98264,2024,JEEP,WRANGLER,Plug-in Hybrid Electric Vehicle (PHEV),Not eligible due to low battery range,21,42.0,252750067,POINT (-122.45051 48.94298),PUGET SOUND ENERGY INC||PUD NO 1 OF WHATCOM COUNTY,53073010303
1N4BZ0CP8H,Pierce,Tacoma,WA,98422,2017,NISSAN,LEAF,Battery Electric Vehicle (BEV),Clean Alternative Fuel Vehicle Eligible,107,27.0,240907089,POINT (-122.37683 47.28642),BONNEVILLE POWER ADMINISTRATION||CITY OF TACOMA - (WA)||PENINSULA LIGHT COMPANY,53053940011
5YJYGDEF3L,Benton,Richland,WA,99352,2020,TESLA,MODEL Y,Battery Electric Vehicle (BEV),Clean Alternative Fuel Vehicle Eligible,291,8.0,131411955,POINT (-119.27372 46.27391),BONNEVILLE POWER ADMINISTRATION||CITY OF RICHLAND - (WA),53005010811
1FADP5FU4H,Clark,Camas,WA,98607,2017,FORD,C-MAX,Plug-in Hybrid Electric Vehicle (PHEV),Not eligible due to low battery range,20,18.0,126079236,POINT (-122.40199 45.58694),BONNEVILLE POWER ADMINISTRATION||PUD NO 1 OF CLARK COUNTY - (WA),53011041325
5YJ3E1EB0J,King,Redmond,WA,98052,2018,TESLA,MODEL 3,Battery Electric Vehicle (BEV),Clean Alternative Fuel Vehicle Eligible,215,45.0,337034792,POINT (-122.13158 47.67858),PUGET SOUND ENERGY INC||CITY OF TACOMA - (WA),53033032321
JTDKN3DP4C,King,Seattle,WA,98119,2012,TOYOTA,PRIUS,Plug-in Hybrid Electric Vehicle (PHEV),Not eligible due to low battery range,6,36.0,158518748,POINT (-122.3684 47.64586),CITY OF SEATTLE - (WA)|CITY OF TACOMA - (WA),53033005902
WA1E2AFY0N,Snohomish,Edmonds,WA,98020,2022,AUDI,Q5,Plug-in Hybrid Electric Vehicle (PHEV),Not eligible due to low battery range,22,21.0,181616480,POINT (-122.37689 47.81116),PUGET SOUND ENERGY INC,53061050502
4JGFB4GB6R,King,Seattle,WA,98104,2024,MERCEDES-BENZ,GLE-CLASS,Plug-in Hybrid Electric Vehicle (PHEV),Clean Alternative Fuel Vehicle Eligible,48,43.0,272333645,POINT (-122.32945 47.60357),CITY OF SEATTLE - (WA)|CITY OF TACOMA - (WA),53033008102
5YJYGDEE4L,Pierce,Puyallup,WA,98371,2020,TESLA,MODEL Y,Battery Electric Vehicle (BEV),Clean Alternative Fuel Vehicle Eligible,291,25.0,124642395,POINT (-122.29521 47.19045),PUGET SOUND ENERGY INC||CITY OF TACOMA - (WA),53053940010
1N4AZ1CPXK,Pierce,Spanaway,WA,98387,2019,NISSAN,LEAF,Battery Electric Vehicle (BEV),Clean Alternative Fuel Vehicle Eligible,150,29.0,6031931,POINT (-122.41046 47.06512),BONNEVILLE POWER ADMINISTRATION||CITY OF TACOMA - (WA)||PENINSULA LIGHT COMPANY,53053071417
5YJ3E1EA3L,Snohomish,Everett,WA,98208,2020,TESLA,MODEL 3,Battery Electric Vehicle (BEV),Clean Alternative Fuel Vehicle Eligible,266,44.0,6200239,POINT (-122.18637 47.89251),PUGET SOUND ENERGY INC,53061041601
JTDACACU3R,Clark,Camas,WA,98607,2024,TOYOTA,PRIUS PRIME (PHEV),Plug-in Hybrid Electric Vehicle (PHEV),Clean Alternative Fuel Vehicle Eligible,39,18.0,273500790,POINT (-122.40199 45.58694),BONNEVILLE POWER ADMINISTRATION||PUD NO 1 OF CLARK COUNTY - (WA),53011040609
1N4AZ1CP9J,Kitsap,Bainbridge Island,WA,98110,2018,NISSAN,LEAF,Battery Electric Vehicle (BEV),Clean Alternative Fuel Vehicle Eligible,151,23.0,347927401,POINT (-122.521 47.62732),PUGET SOUND ENERGY INC,53035090800
5YJ3E1EA4J,King,Bothell,WA,98011,2018,TESLA,MODEL 3,Battery Electric Vehicle (BEV),Clean Alternative Fuel Vehicle Eligible,215,1.0,199712537,POINT (-122.20563 47.76144),PUGET SOUND ENERGY INC||CITY OF TACOMA - (WA),53033021802
1N4AZ1CP0K,Snohomish,Everett,WA,98203,2019,NISSAN,LEAF,Battery Electric Vehicle (BEV),Clean Alternative Fuel Vehicle Eligible,150,38.0,475912447,POINT (-122.23019 47.94949),PUGET SOUND ENERGY INC,53061041304
5YJYGDEE3L,King,Seattle,WA,98178,2020,TESLA,MODEL Y,Battery Electric Vehicle (BEV),Clean Alternative Fuel Vehicle Eligible,291,37.0,127129047,POINT (-122.25031 47.49481),PUGET SOUND ENERGY INC||CITY OF TACOMA - (WA),53033026001
KM8JBDD29R,King,Seattle,WA,98133,2024,HYUNDAI,TUCSON,Plug-in Hybrid Electric Vehicle (PHEV),Clean Alternative Fuel Vehicle Eligible,33,32.0,285035810,POINT (-122.33364 47.73709),CITY OF SEATTLE - (WA)|CITY OF TACOMA - (WA),53033000404
JTDKARFP8J,Clark,Battle Ground,WA,98604,2018,TOYOTA,PRIUS PRIME (PHEV),Plug-in Hybrid Electric Vehicle (PHEV),Not eligible due to low battery range,25,17.0,118006038,POINT (-122.5331 45.78092),BONNEVILLE POWER ADMINISTRATION||PUD NO 1 OF CLARK COUNTY - (WA),53011040408
1N4BZ0CP5H,Kittitas,Ellensburg,WA,98926,2017,NISSAN,LEAF,Battery Electric Vehicle (BEV),Clean Alternative Fuel Vehicle Eligible,107,13.0,192462532,POINT (-120.54872 46.99703),BONNEVILLE POWER ADMINISTRATION||CITY OF ELLENSBURG - (WA),53037975403
5YJSA1E23J,Clark,Vancouver,WA,98685,2018,TESLA,MODEL S,Battery Electric Vehicle (BEV),Clean Alternative Fuel Vehicle Eligible,249,18.0,349170755,POINT (-122.70303 45.70954),BONNEVILLE POWER ADMINISTRATION||PUD NO 1 OF CLARK COUNTY - (WA),53011040907
5YJSA1E44H,Snohomish,Bothell,WA,98012,2017,TESLA,MODEL S,Battery Electric Vehicle (BEV),Clean Alternative Fuel Vehicle Eligible,210,1.0,284410339,POINT (-122.20105 47.84423),PUGET SOUND ENERGY INC,53061052009
2C4RC1L72J,King,Maple Valley,WA,98038,2018,CHRYSLER,PACIFICA,Plug-in Hybrid Electric Vehicle (PHEV),Clean Alternative Fuel Vehicle Eligible,33,5.0,266031335,POINT (-122.04526 47.39394),PUGET SOUND ENERGY INC||CITY OF TACOMA - (WA),53033032006
WBY1Z4C59E,Snohomish,Edmonds,WA,98026,2014,BMW,I3,Plug-in Hybrid Electric Vehicle (PHEV),Clean Alternative Fuel Vehicle Eligible,72,32.0,144244971,POINT (-122.31768 47.87166),PUGET SOUND ENERGY INC,53061050900
5UXTA6C08N,King,Seattle,WA,98125,2022,BMW,X5,Plug-in Hybrid Electric Vehicle (PHEV),Clean Alternative Fuel Vehicle Eligible,30,46.0,195387923,POINT (-122.30253 47.72656),PUGET SOUND ENERGY INC||CITY OF TACOMA - (WA),53033000900
5YJ3E1EB5K,King,Federal Way,WA,98003,2019,TESLA,MODEL 3,Battery Electric Vehicle (BEV),Clean Alternative Fuel Vehicle Eligible,220,30.0,477924653,POINT (-122.3303 47.30151),PUGET SOUND ENERGY INC||CITY OF TACOMA - (WA),53033030005
JTDKAMFPXM,Clark,Vancouver,WA,98662,2021,TOYOTA,PRIUS PRIME (PHEV),Plug-in Hybrid Electric Vehicle (PHEV),Not eligible due to low battery range,25,17.0,283028245,POINT (-122.57722 45.64251),BONNEVILLE POWER ADMINISTRATION||PUD NO 1 OF CLARK COUNTY - (WA),53011040806
1N4AZ0CP3F,Kitsap,Bainbridge Island,WA,98110,2015,NISSAN,LEAF,Battery Electric Vehicle (BEV),Clean Alternative Fuel Vehicle Eligible,84,23.0,203998651,POINT (-122.521 47.62732),PUGET SOUND ENERGY INC,53035090902
5YJXCBE23H,King,Seattle,WA,98125,2017,TESLA,MODEL X,Battery Electric Vehicle (BEV),Clean Alternative Fuel Vehicle Eligible,200,46.0,251233776,POINT (-122.30253 47.72656),CITY OF SEATTLE - (WA)|CITY OF TACOMA - (WA),53033001100
1C4JJXR62P,Clallam,Sequim,WA,98382,2023,JEEP,WRANGLER,Plug-in Hybrid Electric Vehicle (PHEV),Not eligible due to low battery range,21,24.0,240065542,POINT (-123.10367 48.07965),BONNEVILLE POWER ADMINISTRATION||PUD NO 1 OF CLALLAM COUNTY,53009001701
ZACPDFCW4R,King,Tukwila,WA,98188,2024,DODGE,HORNET,Plug-in Hybrid Electric Vehicle (PHEV),Clean Alternative Fuel Vehicle Eligible,32,11.0,262595091,POINT (-122.27979 47.44952),PUGET SOUND ENERGY INC||CITY OF TACOMA - (WA),53033028200
1N4AZ1CP9K,Snohomish,Bothell,WA,98021,2019,NISSAN,LEAF,Battery Electric Vehicle (BEV),Clean Alternative Fuel Vehicle Eligible,150,1.0,6097087,POINT (-122.18384 47.8031),PUGET SOUND ENERGY INC,53061051922
5UX43EU07R,King,Kirkland,WA,98034,2024,BMW,X5,Plug-in Hybrid Electric Vehicle (PHEV),Clean Alternative Fuel Vehicle Eligible,39,1.0,261985685,POINT (-122.22901 47.72201),PUGET SOUND ENERGY INC||CITY OF TACOMA - (WA),53033022300
JM3KKBHA6R,Benton,Richland,WA,99354,2024,MAZDA,CX-90,Plug-in Hybrid Electric Vehicle (PHEV),Not eligible due to low battery range,26,8.0,257956471,POINT (-119.26844 46.31484),BONNEVILLE POWER ADMINISTRATION||CITY OF RICHLAND - (WA),53005010201
5YJ3E1EA1J,King,Kirkland,WA,98034,2018,TESLA,MODEL 3,Battery Electric Vehicle (BEV),Clean Alternative Fuel Vehicle Eligible,215,1.0,257530948,POINT (-122.22901 47.72201),PUGET SOUND ENERGY INC||CITY OF TACOMA - (WA),53033022205
1G1FY6S01K,King,Seattle,WA,98103,2019,CHEVROLET,BOLT EV,Battery Electric Vehicle (BEV),Clean Alternative Fuel Vehicle Eligible,238,36.0,478925947,POINT (-122.35436 47.67596),CITY OF SEATTLE - (WA)|CITY OF TACOMA - (WA),53033002900
4JGFB4GB3R,King,Redmond,WA,98052,2024,MERCEDES-BENZ,GLE-CLASS,Plug-in Hybrid Electric Vehicle (PHEV),Clean Alternative Fuel Vehicle Eligible,48,45.0,264856861,POINT (-122.13158 47.67858),PUGET SOUND ENERGY INC||CITY OF TACOMA - (WA),53033032321
1N4AZ0CP8F,San Juan,Friday Harbor,WA,98250,2015,NISSAN,LEAF,Battery Electric Vehicle (BEV),Clean Alternative Fuel Vehicle Eligible,84,40.0,4046276,POINT (-123.01648 48.53448),BONNEVILLE POWER ADMINISTRATION||ORCAS POWER & LIGHT COOP,53055960400
1N4AZ0CP0G,King,Vashon,WA,98070,2016,NISSAN,LEAF,Battery Electric Vehicle (BEV),Clean Alternative Fuel Vehicle Eligible,84,34.0,237254993,POINT (-122.4573 47.44929),PUGET SOUND ENERGY INC||CITY OF TACOMA - (WA),53033027701
5YJSA1E4XJ,Snohomish,Monroe,WA,98272,2018,TESLA,MODEL S,Battery Electric Vehicle (BEV),Clean Alternative Fuel Vehicle Eligible,249,39.0,197652738,POINT (-121.98087 47.8526),PUGET SOUND ENERGY INC,53061052207
5YJ3E1EB7J,King,Renton,WA,98056,2018,TESLA,MODEL 3,Battery Electric Vehicle (BEV),Clean Alternative Fuel Vehicle Eligible,215,11.0,282432048,POINT (-122.18839 47.51197),PUGET SOUND ENERGY INC||CITY OF TACOMA - (WA),53033025401
5YJ3E1EB6K,Island,Oak Harbor,WA,98277,2019,TESLA,MODEL 3,Battery Electric Vehicle (BEV),Clean Alternative Fuel Vehicle Eligible,220,10.0,280431476,POINT (-122.64682 48.29077),PUGET SOUND ENERGY INC,53029970500
JTMAB3FV1P,Asotin,Clarkston,WA,99403,2023,TOYOTA,RAV4 PRIME (PHEV),Plug-in Hybrid Electric Vehicle (PHEV),Clean Alternative Fuel Vehicle Eligible,42,9.0,251786055,POINT (-117.04556 46.41402),BONNEVILLE POWER ADMINISTRATION||AVISTA CORP||PUD NO 1 OF ASOTIN COUNTY,53003960600
JTMCB3FV2P,King,Kirkland,WA,98034,2023,TOYOTA,RAV4 PRIME (PHEV),Plug-in Hybrid Electric Vehicle (PHEV),Clean Alternative Fuel Vehicle Eligible,42,45.0,253391190,POINT (-122.22901 47.72201),PUGET SOUND ENERGY INC||CITY OF TACOMA - (WA),53033022003
1N4AZ0CP2D,King,Bellevue,WA,98004,2013,NISSAN,LEAF,Battery Electric Vehicle (BEV),Clean Alternative Fuel Vehicle Eligible,75,41.0,170310234,POINT (-122.1872 47.61001),PUGET SOUND ENERGY INC||CITY OF TACOMA - (WA),53033023801
1G1RH6E41E,Clark,Vancouver,WA,98686,2014,CHEVROLET,VOLT,Plug-in Hybrid Electric Vehicle (PHEV),Clean Alternative Fuel Vehicle Eligible,38,49.0,224545254,POINT (-122.62731 45.71668),BONNEVILLE POWER ADMINISTRATION||PUD NO 1 OF CLARK COUNTY - (WA),53011040803
1G1FX6S00H,King,Redmond,WA,98052,2017,CHEVROLET,BOLT EV,Battery Electric Vehicle (BEV),Clean Alternative Fuel Vehicle Eligible,238,48.0,221764644,POINT (-122.13158 47.67858),PUGET SOUND ENERGY INC||CITY OF TACOMA - (WA),53033022606
1G1RA6S56H,King,Renton,WA,98058,2017,CHEVROLET,VOLT,Plug-in Hybrid Electric Vehicle (PHEV),Clean Alternative Fuel Vehicle Eligible,53,11.0,162724838,POINT (-122.08747 47.4466),PUGET SOUND ENERGY INC||CITY OF TACOMA - (WA),53033025702
5YJ3E1EB7L,Skagit,Mount Vernon,WA,98274,2020,TESLA,MODEL 3,Battery Electric Vehicle (BEV),Clean Alternative Fuel Vehicle Eligible,322,10.0,123196230,POINT (-122.32295 48.4152),PUGET SOUND ENERGY INC,53057951200
YV4BR0DK7M,Pierce,Bonney Lake,WA,98391,2021,VOLVO,XC60,Plug-in Hybrid Electric Vehicle (PHEV),Not eligible due to low battery range,18,31.0,269826602,POINT (-122.17144 47.19175),PUGET SOUND ENERGY INC||CITY OF TACOMA - (WA),53053070309
5YJ3E1EA7J,Yakima,Yakima,WA,98902,2018,TESLA,MODEL 3,Battery Electric Vehicle (BEV),Clean Alternative Fuel Vehicle Eligible,215,14.0,256847594,POINT (-120.51904 46.59783),PACIFICORP,53077000700
JTMEB3FV6R,King,Seattle,WA,98146,2024,TOYOTA,RAV4 PRIME (PHEV),Plug-in Hybrid Electric Vehicle (PHEV),Clean Alternative Fuel Vehicle Eligible,42,34.0,269794962,POINT (-122.36322 47.49736),CITY OF SEATTLE - (WA)|CITY OF TACOMA - (WA),53033026700
5YJ3E1EB6J,King,Kirkland,WA,98033,2018,TESLA,MODEL 3,Battery Electric Vehicle (BEV),Clean Alternative Fuel Vehicle Eligible,215,48.0,110084264,POINT (-122.2066 47.67887),PUGET SOUND ENERGY INC||CITY OF TACOMA - (WA),53033022604
5YJSA1E29H,Skagit,Anacortes,WA,98221,2017,TESLA,MODEL S,Battery Electric Vehicle (BEV),Clean Alternative Fuel Vehicle Eligible,210,40.0,166808008,POINT (-122.61216 48.51749),PUGET SOUND ENERGY INC,53057940500
5YJ3E1EA5J,King,Kirkland,WA,98033,2018,TESLA,MODEL 3,Battery Electric Vehicle (BEV),Clean Alternative Fuel Vehicle Eligible,215,48.0,152137653,POINT (-122.2066 47.67887),PUGET SOUND ENERGY INC||CITY OF TACOMA - (WA),53033022604
1G1FZ6S08L,Snohomish,Snohomish,WA,98290,2020,CHEVROLET,BOLT EV,Battery Electric Vehicle (BEV),Clean Alternative Fuel Vehicle Eligible,259,39.0,274128011,POINT (-122.09305 47.91265),PUGET SOUND ENERGY INC,53061052203
5YJ3E1EB6K,King,Kirkland,WA,98033,2019,TESLA,MODEL 3,Battery Electric Vehicle (BEV),Clean Alternative Fuel Vehicle Eligible,220,45.0,477319034,POINT (-122.2066 47.67887),PUGET SOUND ENERGY INC||CITY OF TACOMA - (WA),53033022603
5YJSA1E25K,King,Redmond,WA,98052,2019,TESLA,MODEL S,Battery Electric Vehicle (BEV),Clean Alternative Fuel Vehicle Eligible,270,45.0,477063562,POINT (-122.13158 47.67858),PUGET SOUND ENERGY INC||CITY OF TACOMA - (WA),53033032322
1N4AZ0CP2E,Spokane,Spokane,WA,99208,2014,NISSAN,LEAF,Battery Electric Vehicle (BEV),Clean Alternative Fuel Vehicle Eligible,84,6.0,138445128,POINT (-117.45005 47.7333),BONNEVILLE POWER ADMINISTRATION||AVISTA CORP||INLAND POWER & LIGHT COMPANY,53063000800
5UXTA6C08M,King,Seattle,WA,98125,2021,BMW,X5,Plug-in Hybrid Electric Vehicle (PHEV),Clean Alternative Fuel Vehicle Eligible,30,46.0,166075591,POINT (-122.30253 47.72656),CITY OF SEATTLE - (WA)|CITY OF TACOMA - (WA),53033000102
1G1FX6S08J,Whatcom,Bellingham,WA,98229,2018,CHEVROLET,BOLT EV,Battery Electric Vehicle (BEV),Clean Alternative Fuel Vehicle Eligible,238,40.0,278036923,POINT (-122.45486 48.7449),PUGET SOUND ENERGY INC||PUD NO 1 OF WHATCOM COUNTY,53073000808
5YJ3E1EB7K,Kitsap,Bainbridge Island,WA,98110,2019,TESLA,MODEL 3,Battery Electric Vehicle (BEV),Clean Alternative Fuel Vehicle Eligible,220,23.0,277369837,POINT (-122.521 47.62732),PUGET SOUND ENERGY INC,53035090700
JTMAB3FV4P,Snohomish,Lynnwood,WA,98037,2023,TOYOTA,RAV4 PRIME (PHEV),Plug-in Hybrid Electric Vehicle (PHEV),Clean Alternative Fuel Vehicle Eligible,42,32.0,255421981,POINT (-122.27734 47.83785),PUGET SOUND ENERGY INC,53061051601
1C4JJXP69N,King,Kent,WA,98042,2022,JEEP,WRANGLER,Plug-in Hybrid Electric Vehicle (PHEV),Not eligible due to low battery range,21,47.0,214937376,POINT (-122.10798 47.37124),PUGET SOUND ENERGY INC||CITY OF TACOMA - (WA),53033031704
1N4AZ1CP0J,King,Redmond,WA,98052,2018,NISSAN,LEAF,Battery Electric Vehicle (BEV),Clean Alternative Fuel Vehicle Eligible,151,45.0,185413168,POINT (-122.13158 47.67858),PUGET SOUND ENERGY INC||CITY OF TACOMA - (WA),53033032330
WBY8P4C03L,King,Seattle,WA,98177,2020,BMW,I3,Plug-in Hybrid Electric Vehicle (PHEV),Clean Alternative Fuel Vehicle Eligible,126,36.0,131313129,POINT (-122.37238 47.74068),CITY OF SEATTLE - (WA)|CITY OF TACOMA - (WA),53033001600
5YJYGDEE9L,King,Renton,WA,98056,2020,TESLA,MODEL Y,Battery Electric Vehicle (BEV),Clean Alternative Fuel Vehicle Eligible,291,11.0,287822594,POINT (-122.18839 47.51197),PUGET SOUND ENERGY INC||CITY OF TACOMA - (WA),53033025601
5YJYGDEE5L,Snohomish,Lynnwood,WA,98037,2020,TESLA,MODEL Y,Battery Electric Vehicle (BEV),Clean Alternative Fuel Vehicle Eligible,291,32.0,125739435,POINT (-122.27734 47.83785),PUGET SOUND ENERGY INC,53061051802
LYVBR0DL0J,Snohomish,Mill Creek,WA,98012,2018,VOLVO,XC60,Plug-in Hybrid Electric Vehicle (PHEV),Not eligible due to low battery range,17,44.0,293893253,POINT (-122.20105 47.84423),PUGET SOUND ENERGY INC,53061052004
5YJ3E1EA1J,King,Redmond,WA,98053,2018,TESLA,MODEL 3,Battery Electric Vehicle (BEV),Clean Alternative Fuel Vehicle Eligible,215,45.0,475023034,POINT (-122.03287 47.68555),PUGET SOUND ENERGY INC||CITY OF TACOMA - (WA),53033032333
1C4RJXP69R,King,Kirkland,WA,98033,2024,JEEP,WRANGLER,Plug-in Hybrid Electric Vehicle (PHEV),Not eligible due to low battery range,21,45.0,265919321,POINT (-122.2066 47.67887),PUGET SOUND ENERGY INC||CITY OF TACOMA - (WA),53033022401
5YJXCBE20J,Snohomish,Marysville,WA,98270,2018,TESLA,MODEL X,Battery Electric Vehicle (BEV),Clean Alternative Fuel Vehicle Eligible,238,38.0,103238502,POINT (-122.1769 48.06114),PUGET SOUND ENERGY INC,53061052903
5YJXCBE27L,Clark,Vancouver,WA,98685,2020,TESLA,MODEL X,Battery Electric Vehicle (BEV),Clean Alternative Fuel Vehicle Eligible,293,18.0,280864685,POINT (-122.70303 45.70954),BONNEVILLE POWER ADMINISTRATION||PUD NO 1 OF CLARK COUNTY - (WA),53011040908
WBY1Z4C55E,King,Vashon,WA,98070,2014,BMW,I3,Plug-in Hybrid Electric Vehicle (PHEV),Clean Alternative Fuel Vehicle Eligible,72,34.0,111219321,POINT (-122.4573 47.44929),PUGET SOUND ENERGY INC||CITY OF TACOMA - (WA),53033027702
5YM23CS0XR,King,Bellevue,WA,98005,2024,BMW,XM,Plug-in Hybrid Electric Vehicle (PHEV),Clean Alternative Fuel Vehicle Eligible,31,48.0,287063192,POINT (-122.1621 47.64441),PUGET SOUND ENERGY INC||CITY OF TACOMA - (WA),53033022805
1G1RB6E48E,Clark,Brush Prairie,WA,98606,2014,CHEVROLET,VOLT,Plug-in Hybrid Electric Vehicle (PHEV),Clean Alternative Fuel Vehicle Eligible,38,18.0,289232142,POINT (-122.54578 45.73473),BONNEVILLE POWER ADMINISTRATION||PUD NO 1 OF CLARK COUNTY - (WA),53011040505
JTDKARFP7J,Snohomish,Mukilteo,WA,98275,2018,TOYOTA,PRIUS PRIME (PHEV),Plug-in Hybrid Electric Vehicle (PHEV),Not eligible due to low battery range,25,21.0,238502407,POINT (-122.29196 47.89908),PUGET SOUND ENERGY INC,53061042001
1N4BZ0CP2G,King,Seattle,WA,98177,2016,NISSAN,LEAF,Battery Electric Vehicle (BEV),Clean Alternative Fuel Vehicle Eligible,84,32.0,260852028,POINT (-122.37238 47.74068),CITY OF SEATTLE - (WA)|CITY OF TACOMA - (WA),53033000500
YV4BC0PL1G,King,Seattle,WA,98177,2016,VOLVO,XC90,Plug-in Hybrid Electric Vehicle (PHEV),Not eligible due to low battery range,13,32.0,252605006,POINT (-122.37238 47.74068),CITY OF SEATTLE - (WA)|CITY OF TACOMA - (WA),53033000500
1C4RJYE60P,Kitsap,Bremerton,WA,98310,2023,JEEP,GRAND CHEROKEE,Plug-in Hybrid Electric Vehicle (PHEV),Not eligible due to low battery range,25,23.0,237897215,POINT (-122.61136 47.5752),PUGET SOUND ENERGY INC,53035080101
1C4RJXN61R,Snohomish,Monroe,WA,98272,2024,JEEP,WRANGLER,Plug-in Hybrid Electric Vehicle (PHEV),Not eligible due to low battery range,21,39.0,254155597,POINT (-121.98087 47.8526),PUGET SOUND ENERGY INC,53061052207
5YJSA1S2XF,King,Auburn,WA,98001,2015,TESLA,MODEL S,Battery Electric Vehicle (BEV),Clean Alternative Fuel Vehicle Eligible,208,30.0,228915942,POINT (-122.28802 47.30264),PUGET SOUND ENERGY INC||CITY OF TACOMA - (WA),53033029806
5YJ3E1EB1J,Pierce,Puyallup,WA,98371,2018,TESLA,MODEL 3,Battery Electric Vehicle (BEV),Clean Alternative Fuel Vehicle Eligible,215,25.0,236376990,POINT (-122.29521 47.19045),PUGET SOUND ENERGY INC||CITY OF TACOMA - (WA),53053073404
WA1F2AFY5L,King,Bellevue,WA,98006,2020,AUDI,Q5 E,Plug-in Hybrid Electric Vehicle (PHEV),Not eligible due to low battery range,20,41.0,114711796,POINT (-122.12096 47.55584),PUGET SOUND ENERGY INC||CITY OF TACOMA - (WA),53033023902
5YJ3E1EA4J,Snohomish,Woodway,WA,98020,2018,TESLA,MODEL 3,Battery Electric Vehicle (BEV),Clean Alternative Fuel Vehicle Eligible,215,32.0,476109119,POINT (-122.37689 47.81116),PUGET SOUND ENERGY INC,53061050600
1C4JJXR63P,Clark,Battle Ground,WA,98604,2023,JEEP,WRANGLER,Plug-in Hybrid Electric Vehicle (PHEV),Not eligible due to low battery range,21,20.0,228902915,POINT (-122.5331 45.78092),BONNEVILLE POWER ADMINISTRATION||PUD NO 1 OF CLARK COUNTY - (WA),53011040203
ZACPDFCW4R,King,Tukwila,WA,98188,2024,DODGE,HORNET,Plug-in Hybrid Electric Vehicle (PHEV),Clean Alternative Fuel Vehicle Eligible,32,11.0,260267290,POINT (-122.27979 47.44952),PUGET SOUND ENERGY INC||CITY OF TACOMA - (WA),53033028200
2C4RC1H72K,Thurston,Olympia,WA,98501,2019,CHRYSLER,PACIFICA,Plug-in Hybrid Electric Vehicle (PHEV),Clean Alternative Fuel Vehicle Eligible,32,22.0,211241698,POINT (-122.89165 47.03954),PUGET SOUND ENERGY INC,53067011200
JTMEB3FV0P,King,Redmond,WA,98052,2023,TOYOTA,RAV4 PRIME (PHEV),Plug-in Hybrid Electric Vehicle (PHEV),Clean Alternative Fuel Vehicle Eligible,42,45.0,278910873,POINT (-122.13158 47.67858),PUGET SOUND ENERGY INC||CITY OF TACOMA - (WA),53033032323
YV4H60PF5S,Thurston,Olympia,WA,98502,2025,VOLVO,XC90,Plug-in Hybrid Electric Vehicle (PHEV),Clean Alternative Fuel Vehicle Eligible,32,22.0,275185039,POINT (-122.92333 47.03779),PUGET SOUND ENERGY INC,53067010520
2C4RC1N75J,Snohomish,Bothell,WA,98021,2018,CHRYSLER,PACIFICA,Plug-in Hybrid Electric Vehicle (PHEV),Clean Alternative Fuel Vehicle Eligible,33,1.0,474359497,POINT (-122.18384 47.8031),PUGET SOUND ENERGY INC,53061051922
5LMYJ9YY8P,Pierce,Bonney Lake,WA,98391,2023,LINCOLN,AVIATOR,Plug-in Hybrid Electric Vehicle (PHEV),Not eligible due to low battery range,21,31.0,220326690,POINT (-122.17144 47.19175),PUGET SOUND ENERGY INC||CITY OF TACOMA - (WA),53053070310
YV4BC0PM2G,King,Duvall,WA,98019,2016,VOLVO,XC90,Plug-in Hybrid Electric Vehicle (PHEV),Not eligible due to low battery range,13,45.0,4651118,POINT (-121.98609 47.74068),PUGET SOUND ENERGY INC||CITY OF TACOMA - (WA),53033032401
1FADP5CU8G,Kitsap,Bainbridge Island,WA,98110,2016,FORD,C-MAX,Plug-in Hybrid Electric Vehicle (PHEV),Not eligible due to low battery range,19,23.0,200030435,POINT (-122.521 47.62732),PUGET SOUND ENERGY INC,53035091002
KL8CK6S03G,King,Federal Way,WA,98003,2016,CHEVROLET,SPARK,Battery Electric Vehicle (BEV),Clean Alternative Fuel Vehicle Eligible,82,30.0,262966371,POINT (-122.3303 47.30151),PUGET SOUND ENERGY INC||CITY OF TACOMA - (WA),53033030313
ZACPDFCW5R,King,Tukwila,WA,98188,2024,DODGE,HORNET,Plug-in Hybrid Electric Vehicle (PHEV),Clean Alternative Fuel Vehicle Eligible,32,11.0,263999130,POINT (-122.27979 47.44952),PUGET SOUND ENERGY INC||CITY OF TACOMA - (WA),53033028200
JHMZC5F13J,King,Seattle,WA,98112,2018,HONDA,CLARITY,Plug-in Hybrid Electric Vehicle (PHEV),Clean Alternative Fuel Vehicle Eligible,47,43.0,348373350,POINT (-122.30207 47.64085),CITY OF SEATTLE - (WA)|CITY OF TACOMA - (WA),53033006500
5YJSA1E45K,Clark,Vancouver,WA,98682,2019,TESLA,MODEL S,Battery Electric Vehicle (BEV),Clean Alternative Fuel Vehicle Eligible,270,17.0,281692288,POINT (-122.55149 45.69345),BONNEVILLE POWER ADMINISTRATION||PUD NO 1 OF CLARK COUNTY - (WA),53011040713
1N4AZ0CP0E,King,Seattle,WA,98102,2014,NISSAN,LEAF,Battery Electric Vehicle (BEV),Clean Alternative Fuel Vehicle Eligible,84,43.0,236250311,POINT (-122.32427 47.63433),CITY OF SEATTLE - (WA)|CITY OF TACOMA - (WA),53033006500
5YJSA1E40J,King,Seattle,WA,98102,2018,TESLA,MODEL S,Battery Electric Vehicle (BEV),Clean Alternative Fuel Vehicle Eligible,249,43.0,476259374,POINT (-122.32427 47.63433),CITY OF SEATTLE - (WA)|CITY OF TACOMA - (WA),53033006500
5UXTA6C07M,King,Seattle,WA,98116,2021,BMW,X5,Plug-in Hybrid Electric Vehicle (PHEV),Clean Alternative Fuel Vehicle Eligible,30,34.0,170704768,POINT (-122.41067 47.57894),CITY OF SEATTLE - (WA)|CITY OF TACOMA - (WA),53033009600
5YJSA1E43L,Jefferson,Quilcene,WA,98376,2020,TESLA,MODEL S,Battery Electric Vehicle (BEV),Clean Alternative Fuel Vehicle Eligible,337,24.0,132258976,POINT (-122.8775 47.82642),BONNEVILLE POWER ADMINISTRATION||PUGET SOUND ENERGY INC||PUD NO 1 OF JEFFERSON COUNTY,53031950202
1N4AZ0CP1F,Snohomish,Lynnwood,WA,98036,2015,NISSAN,LEAF,Battery Electric Vehicle (BEV),Clean Alternative Fuel Vehicle Eligible,84,32.0,226654025,POINT (-122.29245 47.82557),PUGET SOUND ENERGY INC,53061051402
5YJ3E1EB2J,King,Seattle,WA,98125,2018,TESLA,MODEL 3,Battery Electric Vehicle (BEV),Clean Alternative Fuel Vehicle Eligible,215,46.0,205951224,POINT (-122.30253 47.72656),CITY OF SEATTLE - (WA)|CITY OF TACOMA - (WA),53033000601
KNDJP3AE7H,King,Burien,WA,98148,2017,KIA,SOUL,Battery Electric Vehicle (BEV),Clean Alternative Fuel Vehicle Eligible,93,33.0,317758885,POINT (-122.32472 47.44519),PUGET SOUND ENERGY INC||CITY OF TACOMA - (WA),53033028500
JTMAB3FV3R,King,Bellevue,WA,98004,2024,TOYOTA,RAV4 PRIME (PHEV),Plug-in Hybrid Electric Vehicle (PHEV),Clean Alternative Fuel Vehicle Eligible,42,48.0,263255639,POINT (-122.1872 47.61001),PUGET SOUND ENERGY INC||CITY OF TACOMA - (WA),53033024002
1G1RC6S55G,King,Renton,WA,98058,2016,CHEVROLET,VOLT,Plug-in Hybrid Electric Vehicle (PHEV),Clean Alternative Fuel Vehicle Eligible,53,11.0,232222168,POINT (-122.08747 47.4466),PUGET SOUND ENERGY INC||CITY OF TACOMA - (WA),53033025702
WDDVP9AB3E,King,Kirkland,WA,98034,2014,MERCEDES-BENZ,B-CLASS,Battery Electric Vehicle (BEV),Clean Alternative Fuel Vehicle Eligible,87,45.0,218350849,POINT (-122.22901 47.72201),PUGET SOUND ENERGY INC||CITY OF TACOMA - (WA),53033022003
KNDPYDDH6R,Snohomish,Bothell,WA,98012,2024,KIA,SPORTAGE,Plug-in Hybrid Electric Vehicle (PHEV),Clean Alternative Fuel Vehicle Eligible,34,1.0,269506898,POINT (-122.20105 47.84423),PUGET SOUND ENERGY INC,53061051922
WDC0G5EB2K,King,Bellevue,WA,98004,2019,MERCEDES-BENZ,GLC-CLASS,Plug-in Hybrid Electric Vehicle (PHEV),Not eligible due to low battery range,10,41.0,276655676,POINT (-122.1872 47.61001),PUGET SOUND ENERGY INC||CITY OF TACOMA - (WA),53033023901
1N4AZ0CP8G,Thurston,Olympia,WA,98501,2016,NISSAN,LEAF,Battery Electric Vehicle (BEV),Clean Alternative Fuel Vehicle Eligible,84,22.0,197473594,POINT (-122.89165 47.03954),PUGET SOUND ENERGY INC,53067010100
1G1RB6S56J,Chelan,Cashmere,WA,98815,2018,CHEVROLET,VOLT,Plug-in Hybrid Electric Vehicle (PHEV),Clean Alternative Fuel Vehicle Eligible,53,12.0,474596566,POINT (-120.47005 47.5224),PUD NO 1 OF CHELAN COUNTY,53007960600
1N4AZ1CP2J,Whatcom,Bellingham,WA,98229,2018,NISSAN,LEAF,Battery Electric Vehicle (BEV),Clean Alternative Fuel Vehicle Eligible,151,40.0,170901,POINT (-122.45486 48.7449),PUGET SOUND ENERGY INC||PUD NO 1 OF WHATCOM COUNTY,53073000904
1G1FZ6S08L,King,Seattle,WA,98146,2020,CHEVROLET,BOLT EV,Battery Electric Vehicle (BEV),Clean Alternative Fuel Vehicle Eligible,259,34.0,269333641,POINT (-122.36322 47.49736),CITY OF SEATTLE - (WA)|CITY OF TACOMA - (WA),53033012000
5UX43EU00T,King,Normandy Park,WA,98166,2026,BMW,X5,Plug-in Hybrid Electric Vehicle (PHEV),Clean Alternative Fuel Vehicle Eligible,38,33.0,282880888,POINT (-122.33942 47.46864),PUGET SOUND ENERGY INC||CITY OF TACOMA - (WA),53033028600
KNDPYDDH3R,Pierce,Puyallup,WA,98375,2024,KIA,SPORTAGE,Plug-in Hybrid Electric Vehicle (PHEV),Clean Alternative Fuel Vehicle Eligible,34,2.0,286736453,POINT (-122.30855 47.10424),BONNEVILLE POWER ADMINISTRATION||CITY OF TACOMA - (WA)||PENINSULA LIGHT COMPANY,53053073132
JTDACACU5R,Snohomish,Marysville,WA,98271,2024,TOYOTA,PRIUS PRIME (PHEV),Plug-in Hybrid Electric Vehicle (PHEV),Clean Alternative Fuel Vehicle Eligible,39,38.0,265079867,POINT (-122.17138 48.10433),PUGET SOUND ENERGY INC,53061940002
YV4H60CEXR,King,Seattle,WA,98125,2024,VOLVO,XC90,Plug-in Hybrid Electric Vehicle (PHEV),Clean Alternative Fuel Vehicle Eligible,32,46.0,267225171,POINT (-122.30253 47.72656),CITY OF SEATTLE - (WA)|CITY OF TACOMA - (WA),53033000300
1N4AZ0CP9F,Pierce,Tacoma,WA,98422,2015,NISSAN,LEAF,Battery Electric Vehicle (BEV),Clean Alternative Fuel Vehicle Eligible,84,27.0,140909898,POINT (-122.37683 47.28642),BONNEVILLE POWER ADMINISTRATION||CITY OF TACOMA - (WA)||PENINSULA LIGHT COMPANY,53053940002
JTMFB3FV5N,King,Bothell,WA,98011,2022,TOYOTA,RAV4 PRIME (PHEV),Plug-in Hybrid Electric Vehicle (PHEV),Clean Alternative Fuel Vehicle Eligible,42,1.0,219321959,POINT (-122.20563 47.76144),PUGET SOUND ENERGY INC||CITY OF TACOMA - (WA),53033021804
1G1FZ6S03K,King,Seattle,WA,98102,2019,CHEVROLET,BOLT EV,Battery Electric Vehicle (BEV),Clean Alternative Fuel Vehicle Eligible,238,43.0,478308386,POINT (-122.32427 47.63433),CITY OF SEATTLE - (WA)|CITY OF TACOMA - (WA),53033007403
1C4RJXN60R,King,Sammamish,WA,98075,2024,JEEP,WRANGLER,Plug-in Hybrid Electric Vehicle (PHEV),Not eligible due to low battery range,21,41.0,262177373,POINT (-122.03539 47.61344),PUGET SOUND ENERGY INC||CITY OF TACOMA - (WA),53033032224
3C3CFFGE6F,King,Seattle,WA,98122,2015,FIAT,500,Battery Electric Vehicle (BEV),Clean Alternative Fuel Vehicle Eligible,87,37.0,157271565,POINT (-122.31009 47.60803),CITY OF SEATTLE - (WA)|CITY OF TACOMA - (WA),53033007800
WP1AE2AY5S,King,Seattle,WA,98104,2025,PORSCHE,CAYENNE,Plug-in Hybrid Electric Vehicle (PHEV),Not eligible due to low battery range,29,43.0,285654988,POINT (-122.32945 47.60357),CITY OF SEATTLE - (WA)|CITY OF TACOMA - (WA),53033008102
WBA13FK07S,Clark,Vancouver,WA,98686,2025,BMW,550E,Plug-in Hybrid Electric Vehicle (PHEV),Clean Alternative Fuel Vehicle Eligible,40,17.0,277995154,POINT (-122.62731 45.71668),BONNEVILLE POWER ADMINISTRATION||PUD NO 1 OF CLARK COUNTY - (WA),53011040411
1C4JJXR61N,Pierce,Tacoma,WA,98446,2022,JEEP,WRANGLER,Plug-in Hybrid Electric Vehicle (PHEV),Not eligible due to low battery range,22,29.0,265614128,POINT (-122.37747 47.09665),BONNEVILLE POWER ADMINISTRATION||CITY OF TACOMA - (WA)||ELMHURST MUTUAL POWER & LIGHT CO|PENINSULA LIGHT COMPANY,53053071412
5YJ3E1EA4J,Walla Walla,Walla Walla,WA,99362,2018,TESLA,MODEL 3,Battery Electric Vehicle (BEV),Clean Alternative Fuel Vehicle Eligible,215,16.0,159350278,POINT (-118.34261 46.07068),PACIFICORP,53071920902
1N4AZ1CP2L,Snohomish,Edmonds,WA,98020,2020,NISSAN,LEAF,Battery Electric Vehicle (BEV),Clean Alternative Fuel Vehicle Eligible,149,21.0,255389235,POINT (-122.37689 47.81116),PUGET SOUND ENERGY INC,53061050300
ZACPDFCW6R,King,Tukwila,WA,98188,2024,DODGE,HORNET,Plug-in Hybrid Electric Vehicle (PHEV),Clean Alternative Fuel Vehicle Eligible,32,11.0,261095145,POINT (-122.27979 47.44952),PUGET SOUND ENERGY INC||CITY OF TACOMA - (WA),53033028200
WP1AE2AY5S,Snohomish,Bothell,WA,98021,2025,PORSCHE,CAYENNE,Plug-in Hybrid Electric Vehicle (PHEV),Not eligible due to low battery range,29,1.0,276245959,POINT (-122.18384 47.8031),PUGET SOUND ENERGY INC,53061051918
YV4BR0CZ2N,King,Seattle,WA,98109,2022,VOLVO,XC90,Plug-in Hybrid Electric Vehicle (PHEV),Not eligible due to low battery range,18,36.0,237802953,POINT (-122.35022 47.63824),CITY OF SEATTLE - (WA)|CITY OF TACOMA - (WA),53033006702
JTMAB3FV6S,King,Seattle,WA,98125,2025,TOYOTA,RAV4 PRIME (PHEV),Plug-in Hybrid Electric Vehicle (PHEV),Clean Alternative Fuel Vehicle Eligible,42,46.0,276307832,POINT (-122.30253 47.72656),CITY OF SEATTLE - (WA)|CITY OF TACOMA - (WA),53033000601
4JGFB4GB8S,King,Bellevue,WA,98004,2025,MERCEDES-BENZ,GLE-CLASS,Plug-in Hybrid Electric Vehicle (PHEV),Clean Alternative Fuel Vehicle Eligible,49,41.0,278442573,POINT (-122.1872 47.61001),PUGET SOUND ENERGY INC||CITY OF TACOMA - (WA),53033023801
YV4BR0DL2N,Snohomish,Snohomish,WA,98296,2022,VOLVO,XC60,Plug-in Hybrid Electric Vehicle (PHEV),Not eligible due to low battery range,18,44.0,186056251,POINT (-122.1389 47.87115),PUGET SOUND ENERGY INC,53061041609
YV4H60RM2S,King,Redmond,WA,98052,2025,VOLVO,XC60,Plug-in Hybrid Electric Vehicle (PHEV),Clean Alternative Fuel Vehicle Eligible,35,45.0,270064105,POINT (-122.13158 47.67858),PUGET SOUND ENERGY INC||CITY OF TACOMA - (WA),53033032323
1G1RA6S59H,Skagit,Burlington,WA,98233,2017,CHEVROLET,VOLT,Plug-in Hybrid Electric Vehicle (PHEV),Clean Alternative Fuel Vehicle Eligible,53,40.0,248754474,POINT (-122.33029 48.46846),PUGET SOUND ENERGY INC,53057951600
KL8CL6S07F,Whatcom,Bellingham,WA,98226,2015,CHEVROLET,SPARK,Battery Electric Vehicle (BEV),Clean Alternative Fuel Vehicle Eligible,82,42.0,475172715,POINT (-122.49756 48.7999),PUGET SOUND ENERGY INC||PUD NO 1 OF WHATCOM COUNTY,53073000202
5YJXCBE23H,King,Bellevue,WA,98004,2017,TESLA,MODEL X,Battery Electric Vehicle (BEV),Clean Alternative Fuel Vehicle Eligible,200,41.0,298375556,POINT (-122.1872 47.61001),PUGET SOUND ENERGY INC||CITY OF TACOMA - (WA),53033023901
1N4AZ0CP6F,Skagit,Mount Vernon,WA,98273,2015,NISSAN,LEAF,Battery Electric Vehicle (BEV),Clean Alternative Fuel Vehicle Eligible,84,40.0,181030538,POINT (-122.33891 48.41644),PUGET SOUND ENERGY INC,53057951900
JTMFB3FV6S,King,Seattle,WA,98117,2025,TOYOTA,RAV4 PRIME (PHEV),Plug-in Hybrid Electric Vehicle (PHEV),Clean Alternative Fuel Vehicle Eligible,42,36.0,284333430,POINT (-122.38418 47.70044),CITY OF SEATTLE - (WA)|CITY OF TACOMA - (WA),53033002900
5UXTS1C02L,King,Renton,WA,98058,2020,BMW,X3,Plug-in Hybrid Electric Vehicle (PHEV),Not eligible due to low battery range,17,47.0,183307883,POINT (-122.08747 47.4466),PUGET SOUND ENERGY INC||CITY OF TACOMA - (WA),53033031906
5YJ3E1EB9J,King,Kirkland,WA,98033,2018,TESLA,MODEL 3,Battery Electric Vehicle (BEV),Clean Alternative Fuel Vehicle Eligible,215,45.0,230165225,POINT (-122.2066 47.67887),PUGET SOUND ENERGY INC||CITY OF TACOMA - (WA),53033022006
5YJ3E1EB8J,Franklin,Pasco,WA,99301,2018,TESLA,MODEL 3,Battery Electric Vehicle (BEV),Clean Alternative Fuel Vehicle Eligible,215,16.0,287518402,POINT (-119.09467 46.23542),BONNEVILLE POWER ADMINISTRATION||PUD NO 1 OF FRANKLIN COUNTY,53021020401
JTMAB3FV7N,Yakima,Toppenish,WA,98948,2022,TOYOTA,RAV4 PRIME (PHEV),Plug-in Hybrid Electric Vehicle (PHEV),Clean Alternative Fuel Vehicle Eligible,42,14.0,275062056,POINT (-120.31298 46.37508),PACIFICORP,53077940002
JTMFB3FVXS,King,Seattle,WA,98125,2025,TOYOTA,RAV4 PRIME (PHEV),Plug-in Hybrid Electric Vehicle (PHEV),Clean Alternative Fuel Vehicle Eligible,42,46.0,277842575,POINT (-122.30253 47.72656),CITY OF SEATTLE - (WA)|CITY OF TACOMA - (WA),53033001000
YV4BC0PM5H,Pierce,Fox Island,WA,98333,2017,VOLVO,XC90,Plug-in Hybrid Electric Vehicle (PHEV),Not eligible due to low battery range,14,26.0,217217360,POINT (-122.65107 47.27375),BONNEVILLE POWER ADMINISTRATION||CITY OF TACOMA - (WA)||PENINSULA LIGHT COMPANY,53053072410
5YJ3E1EA5K,King,Bothell,WA,98011,2019,TESLA,MODEL 3,Battery Electric Vehicle (BEV),Clean Alternative Fuel Vehicle Eligible,220,1.0,477184494,POINT (-122.20563 47.76144),PUGET SOUND ENERGY INC||CITY OF TACOMA - (WA),53033021803
1N4AZ0CPXG,King,Renton,WA,98058,2016,NISSAN,LEAF,Battery Electric Vehicle (BEV),Clean Alternative Fuel Vehicle Eligible,84,11.0,417987,POINT (-122.08747 47.4466),PUGET SOUND ENERGY INC||CITY OF TACOMA - (WA),53033031910
YV4H60CN0P,King,Seattle,WA,98125,2023,VOLVO,XC90,Plug-in Hybrid Electric Vehicle (PHEV),Clean Alternative Fuel Vehicle Eligible,32,46.0,227441931,POINT (-122.30253 47.72656),CITY OF SEATTLE - (WA)|CITY OF TACOMA - (WA),53033001000
1G1RD6E4XC,King,Seattle,WA,98103,2012,CHEVROLET,VOLT,Plug-in Hybrid Electric Vehicle (PHEV),Clean Alternative Fuel Vehicle Eligible,35,43.0,284411354,POINT (-122.35436 47.67596),CITY OF SEATTLE - (WA)|CITY OF TACOMA - (WA),53033005401
YV4BR0CL7L,King,Bellevue,WA,98005,2020,VOLVO,XC90,Plug-in Hybrid Electric Vehicle (PHEV),Not eligible due to low battery range,18,41.0,244954993,POINT (-122.1621 47.64441),PUGET SOUND ENERGY INC||CITY OF TACOMA - (WA),53033023500
5YJ3E1EB6K,King,Kent,WA,98030,2019,TESLA,MODEL 3,Battery Electric Vehicle (BEV),Clean Alternative Fuel Vehicle Eligible,220,33.0,179571395,POINT (-122.19975 47.37483),PUGET SOUND ENERGY INC||CITY OF TACOMA - (WA),53033029505
1N4BZ1DP7L,Island,Camano Island,WA,98282,2020,NISSAN,LEAF,Battery Electric Vehicle (BEV),Clean Alternative Fuel Vehicle Eligible,215,10.0,141924107,POINT (-122.40049 48.23986),BONNEVILLE POWER ADMINISTRATION||PUD 1 OF SNOHOMISH COUNTY,53029971400
JTDKN3DP9D,Clallam,Sequim,WA,98382,2013,TOYOTA,PRIUS,Plug-in Hybrid Electric Vehicle (PHEV),Not eligible due to low battery range,6,24.0,181749753,POINT (-123.10367 48.07965),BONNEVILLE POWER ADMINISTRATION||PUD NO 1 OF CLALLAM COUNTY,53009002302
5YJSA1E24J,King,Kirkland,WA,98033,2018,TESLA,MODEL S,Battery Electric Vehicle (BEV),Clean Alternative Fuel Vehicle Eligible,249,45.0,5969470,POINT (-122.2066 47.67887),PUGET SOUND ENERGY INC||CITY OF TACOMA - (WA),53033022603
5YJ3E1EA4K,King,Seattle,WA,98126,2019,TESLA,MODEL 3,Battery Electric Vehicle (BEV),Clean Alternative Fuel Vehicle Eligible,220,34.0,117233861,POINT (-122.36893 47.54701),CITY OF SEATTLE - (WA)|CITY OF TACOMA - (WA),53033011500
ZACPDFCW6R,King,Tukwila,WA,98188,2024,DODGE,HORNET,Plug-in Hybrid Electric Vehicle (PHEV),Clean Alternative Fuel Vehicle Eligible,32,11.0,271158191,POINT (-122.27979 47.44952),PUGET SOUND ENERGY INC||CITY OF TACOMA - (WA),53033028200
KNDJX3AE7G,King,Redmond,WA,98053,2016,KIA,SOUL,Battery Electric Vehicle (BEV),Clean Alternative Fuel Vehicle Eligible,93,5.0,110667098,POINT (-122.03287 47.68555),PUGET SOUND ENERGY INC||CITY OF TACOMA - (WA),53033032315
1G1FZ6S03K,King,Woodinville,WA,98072,2019,CHEVROLET,BOLT EV,Battery Electric Vehicle (BEV),Clean Alternative Fuel Vehicle Eligible,238,45.0,219040216,POINT (-122.15545 47.75448),PUGET SOUND ENERGY INC||CITY OF TACOMA - (WA),53033032326
5YJ3E1EA5L,King,Bellevue,WA,98006,2020,TESLA,MODEL 3,Battery Electric Vehicle (BEV),Clean Alternative Fuel Vehicle Eligible,266,41.0,127527886,POINT (-122.12096 47.55584),PUGET SOUND ENERGY INC||CITY OF TACOMA - (WA),53033024701
1FADP5FU5H,Snohomish,Stanwood,WA,98292,2017,FORD,C-MAX,Plug-in Hybrid Electric Vehicle (PHEV),Not eligible due to low battery range,20,10.0,186630825,POINT (-122.37265 48.24159),BONNEVILLE POWER ADMINISTRATION||PUD 1 OF SNOHOMISH COUNTY,53061053201
1C4RJYD65P,Mason,Belfair,WA,98528,2023,JEEP,GRAND CHEROKEE,Plug-in Hybrid Electric Vehicle (PHEV),Not eligible due to low battery range,25,35.0,252399003,POINT (-122.82762 47.45056),BONNEVILLE POWER ADMINISTRATION||CITY OF TACOMA - (WA)||PUD NO 3 OF MASON COUNTY,53045960401
KM8JFDD27R,King,Seattle,WA,98177,2024,HYUNDAI,TUCSON,Plug-in Hybrid Electric Vehicle (PHEV),Clean Alternative Fuel Vehicle Eligible,33,36.0,259154612,POINT (-122.37238 47.74068),CITY OF SEATTLE - (WA)|CITY OF TACOMA - (WA),53033001600
YV4BR0CM3N,King,Seattle,WA,98109,2022,VOLVO,XC90,Plug-in Hybrid Electric Vehicle (PHEV),Not eligible due to low battery range,18,36.0,179356075,POINT (-122.35022 47.63824),CITY OF SEATTLE - (WA)|CITY OF TACOMA - (WA),53033006800
YV4BC0PM5H,King,Redmond,WA,98052,2017,VOLVO,XC90,Plug-in Hybrid Electric Vehicle (PHEV),Not eligible due to low battery range,14,45.0,321385214,POINT (-122.13158 47.67858),PUGET SOUND ENERGY INC||CITY OF TACOMA - (WA),53033032321
1G1FZ6S06L,King,Seattle,WA,98177,2020,CHEVROLET,BOLT EV,Battery Electric Vehicle (BEV),Clean Alternative Fuel Vehicle Eligible,259,36.0,147919733,POINT (-122.37238 47.74068),CITY OF SEATTLE - (WA)|CITY OF TACOMA - (WA),53033001400
5YJSA1E27H,King,Sammamish,WA,98075,2017,TESLA,MODEL S,Battery Electric Vehicle (BEV),Clean Alternative Fuel Vehicle Eligible,210,41.0,475536652,POINT (-122.03539 47.61344),PUGET SOUND ENERGY INC||CITY OF TACOMA - (WA),53033032215
3FA6P0PU6H,Kitsap,Kingston,WA,98346,2017,FORD,FUSION,Plug-in Hybrid Electric Vehicle (PHEV),Not eligible due to low battery range,21,23.0,113560660,POINT (-122.4977 47.79802),PUGET SOUND ENERGY INC,53035090102
JA4J2VA79N,Spokane,Spokane Valley,WA,99037,2022,MITSUBISHI,OUTLANDER,Plug-in Hybrid Electric Vehicle (PHEV),Not eligible due to low battery range,24,4.0,190220341,POINT (-117.1873 47.6492),BONNEVILLE POWER ADMINISTRATION||AVISTA CORP||INLAND POWER & LIGHT COMPANY,53063013002
1N4AZ0CP4E,King,Carnation,WA,98014,2014,NISSAN,LEAF,Battery Electric Vehicle (BEV),Clean Alternative Fuel Vehicle Eligible,84,5.0,201154334,POINT (-121.91353 47.64901),PUGET SOUND ENERGY INC||CITY OF TACOMA - (WA),53033032500
JTDACACU6R,Yakima,Yakima,WA,98908,2024,TOYOTA,PRIUS PRIME (PHEV),Plug-in Hybrid Electric Vehicle (PHEV),Clean Alternative Fuel Vehicle Eligible,39,14.0,281395005,POINT (-120.60199 46.59817),PACIFICORP,53077002804
2C4RC1S79P,King,Vashon,WA,98070,2023,CHRYSLER,PACIFICA,Plug-in Hybrid Electric Vehicle (PHEV),Clean Alternative Fuel Vehicle Eligible,32,34.0,267745607,POINT (-122.4573 47.44929),PUGET SOUND ENERGY INC||CITY OF TACOMA - (WA),53033027701
1N4AZ1CP0J,King,Seattle,WA,98146,2018,NISSAN,LEAF,Battery Electric Vehicle (BEV),Clean Alternative Fuel Vehicle Eligible,151,34.0,337571979,POINT (-122.36322 47.49736),CITY OF SEATTLE - (WA)|CITY OF TACOMA - (WA),53033026801
KNDCC3LG0L,Whatcom,Bellingham,WA,98229,2020,KIA,NIRO,Battery Electric Vehicle (BEV),Clean Alternative Fuel Vehicle Eligible,239,40.0,280342478,POINT (-122.45486 48.7449),PUGET SOUND ENERGY INC||PUD NO 1 OF WHATCOM COUNTY,53073000808
5YJYGDEE4L,Snohomish,Arlington,WA,98223,2020,TESLA,MODEL Y,Battery Electric Vehicle (BEV),Clean Alternative Fuel Vehicle Eligible,291,39.0,109975078,POINT (-122.1264 48.19471),BONNEVILLE POWER ADMINISTRATION||PUD 1 OF SNOHOMISH COUNTY,53061053506
1G1FY6S00L,Snohomish,Everett,WA,98204,2020,CHEVROLET,BOLT EV,Battery Electric Vehicle (BEV),Clean Alternative Fuel Vehicle Eligible,259,21.0,149046817,POINT (-122.27557 47.88936),PUGET SOUND ENERGY INC,53061041905
5YJ3E1EB8L,Clark,Vancouver,WA,98683,2020,TESLA,MODEL 3,Battery Electric Vehicle (BEV),Clean Alternative Fuel Vehicle Eligible,322,17.0,211287079,POINT (-122.49212 45.60365),BONNEVILLE POWER ADMINISTRATION||PUD NO 1 OF CLARK COUNTY - (WA),53011041322
JTDKN3DP9E,King,Tukwila,WA,98168,2014,TOYOTA,PRIUS,Plug-in Hybrid Electric Vehicle (PHEV),Not eligible due to low battery range,6,11.0,476792795,POINT (-122.29411 47.48924),CITY OF SEATTLE - (WA)|CITY OF TACOMA - (WA),53033027300
JTJKKCFZ3S,Spokane,Spokane,WA,99208,2025,LEXUS,NX,Plug-in Hybrid Electric Vehicle (PHEV),Clean Alternative Fuel Vehicle Eligible,37,6.0,278902179,POINT (-117.45005 47.7333),BONNEVILLE POWER ADMINISTRATION||AVISTA CORP||INLAND POWER & LIGHT COMPANY,53063010702
1G1RA6E48E,Lewis,Randle,WA,98377,2014,CHEVROLET,VOLT,Plug-in Hybrid Electric Vehicle (PHEV),Clean Alternative Fuel Vehicle Eligible,38,20.0,218495644,POINT (-121.95585 46.53534),BONNEVILLE POWER ADMINISTRATION||CITY OF TACOMA - (WA)||PUD NO 1 OF LEWIS COUNTY,53041972000
WBY8P2C57K,King,Seattle,WA,98102,2019,BMW,I3,Battery Electric Vehicle (BEV),Clean Alternative Fuel Vehicle Eligible,153,43.0,121649510,POINT (-122.32427 47.63433),CITY OF SEATTLE - (WA)|CITY OF TACOMA - (WA),53033006100
5YJYGDEE2L,King,Seattle,WA,98102,2020,TESLA,MODEL Y,Battery Electric Vehicle (BEV),Clean Alternative Fuel Vehicle Eligible,291,43.0,199487599,POINT (-122.32427 47.63433),CITY OF SEATTLE - (WA)|CITY OF TACOMA - (WA),53033006100
5YJSA1E26L,Kitsap,Bainbridge Island,WA,98110,2020,TESLA,MODEL S,Battery Electric Vehicle (BEV),Clean Alternative Fuel Vehicle Eligible,330,23.0,103100280,POINT (-122.521 47.62732),PUGET SOUND ENERGY INC,53035090901
1N4AZ0CPXD,Pierce,Anderson Island,WA,98303,2013,NISSAN,LEAF,Battery Electric Vehicle (BEV),Clean Alternative Fuel Vehicle Eligible,75,28.0,180911496,POINT (-122.67876 47.17794),BONNEVILLE POWER ADMINISTRATION||CITY OF TACOMA - (WA)||PENINSULA LIGHT COMPANY,53053072603
YV4BR00K4M,King,Bellevue,WA,98004,2021,VOLVO,XC90,Plug-in Hybrid Electric Vehicle (PHEV),Not eligible due to low battery range,18,41.0,274329030,POINT (-122.1872 47.61001),PUGET SOUND ENERGY INC||CITY OF TACOMA - (WA),53033023901
5YJXCBE2XL,Snohomish,Bothell,WA,98012,2020,TESLA,MODEL X,Battery Electric Vehicle (BEV),Clean Alternative Fuel Vehicle Eligible,293,1.0,206974022,POINT (-122.20105 47.84423),PUGET SOUND ENERGY INC,53061051935
5YJYGDEE0L,King,Bellevue,WA,98004,2020,TESLA,MODEL Y,Battery Electric Vehicle (BEV),Clean Alternative Fuel Vehicle Eligible,291,48.0,121957426,POINT (-122.1872 47.61001),PUGET SOUND ENERGY INC||CITY OF TACOMA - (WA),53033024001
5YJ3E1EB2K,Chelan,Leavenworth,WA,98826,2019,TESLA,MODEL 3,Battery Electric Vehicle (BEV),Clean Alternative Fuel Vehicle Eligible,220,12.0,283535045,POINT (-120.65754 47.5982),PUD NO 1 OF CHELAN COUNTY,53007960201
5YJXCBE22J,Snohomish,Mill Creek,WA,98012,2018,TESLA,MODEL X,Battery Electric Vehicle (BEV),Clean Alternative Fuel Vehicle Eligible,238,44.0,180772231,POINT (-122.20105 47.84423),PUGET SOUND ENERGY INC,53061052006
WA1VABGE1K,Snohomish,Mill Creek,WA,98012,2019,AUDI,E-TRON,Battery Electric Vehicle (BEV),Clean Alternative Fuel Vehicle Eligible,204,44.0,267927012,POINT (-122.20105 47.84423),PUGET SOUND ENERGY INC,53061052008
5YJ3E1EB0J,King,Kirkland,WA,98033,2018,TESLA,MODEL 3,Battery Electric Vehicle (BEV),Clean Alternative Fuel Vehicle Eligible,215,48.0,475229821,POINT (-122.2066 47.67887),PUGET SOUND ENERGY INC||CITY OF TACOMA - (WA),53033022603
JTJKKCFZ1S,King,Enumclaw,WA,98022,2025,LEXUS,NX,Plug-in Hybrid Electric Vehicle (PHEV),Clean Alternative Fuel Vehicle Eligible,37,31.0,282221019,POINT (-121.99136 47.20433),PUGET SOUND ENERGY INC||CITY OF TACOMA - (WA),53033031302
1N4AZ0CP0F,King,Seattle,WA,98146,2015,NISSAN,LEAF,Battery Electric Vehicle (BEV),Clean Alternative Fuel Vehicle Eligible,84,34.0,245505781,POINT (-122.36322 47.49736),CITY OF SEATTLE - (WA)|CITY OF TACOMA - (WA),53033012100
JM3KKDHA5R,Clark,Vancouver,WA,98682,2024,MAZDA,CX-90,Plug-in Hybrid Electric Vehicle (PHEV),Not eligible due to low battery range,26,17.0,271890062,POINT (-122.55149 45.69345),BONNEVILLE POWER ADMINISTRATION||PUD NO 1 OF CLARK COUNTY - (WA),53011041332
JA4J24A56J,Douglas,East Wenatchee,WA,98802,2018,MITSUBISHI,OUTLANDER,Plug-in Hybrid Electric Vehicle (PHEV),Not eligible due to low battery range,22,12.0,476222498,POINT (-120.29473 47.41515),PUD NO 1 OF DOUGLAS COUNTY,53017950500
1G1RD6E46E,Clark,Vancouver,WA,98686,2014,CHEVROLET,VOLT,Plug-in Hybrid Electric Vehicle (PHEV),Clean Alternative Fuel Vehicle Eligible,38,49.0,348184763,POINT (-122.62731 45.71668),BONNEVILLE POWER ADMINISTRATION||PUD NO 1 OF CLARK COUNTY - (WA),53011040803
5YJ3E1EC5L,King,Bellevue,WA,98005,2020,TESLA,MODEL 3,Battery Electric Vehicle (BEV),Clean Alternative Fuel Vehicle Eligible,308,48.0,127224527,POINT (-122.1621 47.64441),PUGET SOUND ENERGY INC||CITY OF TACOMA - (WA),53033023701
1C4JJXR64M,Lewis,Centralia,WA,98531,2021,JEEP,WRANGLER,Plug-in Hybrid Electric Vehicle (PHEV),Not eligible due to low battery range,21,20.0,192830809,POINT (-122.95266 46.72895),BONNEVILLE POWER ADMINISTRATION||CITY OF CENTRALIA - (WA)|CITY OF TACOMA - (WA),53041970400
5YJ3E1EB1J,King,Seattle,WA,98102,2018,TESLA,MODEL 3,Battery Electric Vehicle (BEV),Clean Alternative Fuel Vehicle Eligible,215,43.0,474729951,POINT (-122.32427 47.63433),CITY OF SEATTLE - (WA)|CITY OF TACOMA - (WA),53033006500
ZACPDFCW7R,King,Tukwila,WA,98188,2024,DODGE,HORNET,Plug-in Hybrid Electric Vehicle (PHEV),Clean Alternative Fuel Vehicle Eligible,32,11.0,262394709,POINT (-122.27979 47.44952),PUGET SOUND ENERGY INC||CITY OF TACOMA - (WA),53033028200
ZACPDFCWXR,King,Tukwila,WA,98188,2024,DODGE,HORNET,Plug-in Hybrid Electric Vehicle (PHEV),Clean Alternative Fuel Vehicle Eligible,32,11.0,261341720,POINT (-122.27979 47.44952),PUGET SOUND ENERGY INC||CITY OF TACOMA - (WA),53033028200
5YJXCAE2XL,King,Redmond,WA,98052,2020,TESLA,MODEL X,Battery Electric Vehicle (BEV),Clean Alternative Fuel Vehicle Eligible,293,48.0,2223427,POINT (-122.13158 47.67858),PUGET SOUND ENERGY INC||CITY OF TACOMA - (WA),53033032325
5YJ3E1EB3K,Whatcom,Bellingham,WA,98229,2019,TESLA,MODEL 3,Battery Electric Vehicle (BEV),Clean Alternative Fuel Vehicle Eligible,220,40.0,272937458,POINT (-122.45486 48.7449),PUGET SOUND ENERGY INC||PUD NO 1 OF WHATCOM COUNTY,53073000902
5YJ3E1EA1L,King,Bellevue,WA,98007,2020,TESLA,MODEL 3,Battery Electric Vehicle (BEV),Clean Alternative Fuel Vehicle Eligible,266,48.0,3376803,POINT (-122.12056 47.61334),PUGET SOUND ENERGY INC||CITY OF TACOMA - (WA),53033023300
5UXTA6C01P,Snohomish,Bothell,WA,98012,2023,BMW,X5,Plug-in Hybrid Electric Vehicle (PHEV),Clean Alternative Fuel Vehicle Eligible,30,1.0,229764356,POINT (-122.20105 47.84423),PUGET SOUND ENERGY INC,53061052107
W1NKM5GB6S,King,Redmond,WA,98053,2025,MERCEDES-BENZ,GLC-CLASS,Plug-in Hybrid Electric Vehicle (PHEV),Clean Alternative Fuel Vehicle Eligible,54,45.0,275996976,POINT (-122.03287 47.68555),PUGET SOUND ENERGY INC||CITY OF TACOMA - (WA),53033032315
1N4BZ1CP7L,King,Bellevue,WA,98008,2020,NISSAN,LEAF,Battery Electric Vehicle (BEV),Clean Alternative Fuel Vehicle Eligible,215,48.0,141910058,POINT (-122.11867 47.63131),PUGET SOUND ENERGY INC||CITY OF TACOMA - (WA),53033023000
ZACPDFCWXR,King,Tukwila,WA,98188,2024,DODGE,HORNET,Plug-in Hybrid Electric Vehicle (PHEV),Clean Alternative Fuel Vehicle Eligible,32,11.0,262511868,POINT (-122.27979 47.44952),PUGET SOUND ENERGY INC||CITY OF TACOMA - (WA),53033028200
KNDCC3LD7L,Kitsap,Silverdale,WA,98383,2020,KIA,NIRO,Plug-in Hybrid Electric Vehicle (PHEV),Not eligible due to low battery range,26,23.0,288571741,POINT (-122.69275 47.65171),PUGET SOUND ENERGY INC,53035091206
1FMCU0E1XP,King,Kent,WA,98032,2023,FORD,ESCAPE,Plug-in Hybrid Electric Vehicle (PHEV),Clean Alternative Fuel Vehicle Eligible,37,33.0,276540379,POINT (-122.23741 47.3807),PUGET SOUND ENERGY INC||CITY OF TACOMA - (WA),53033029203
5YJ3E1EB6J,Whatcom,Lynden,WA,98264,2018,TESLA,MODEL 3,Battery Electric Vehicle (BEV),Clean Alternative Fuel Vehicle Eligible,215,42.0,475202087,POINT (-122.45051 48.94298),PUGET SOUND ENERGY INC||PUD NO 1 OF WHATCOM COUNTY,53073010302
5YJSA1E45L,King,Bellevue,WA,98008,2020,TESLA,MODEL S,Battery Electric Vehicle (BEV),Clean Alternative Fuel Vehicle Eligible,337,48.0,104710539,POINT (-122.11867 47.63131),PUGET SOUND ENERGY INC||CITY OF TACOMA - (WA),53033023000
1G1RB6E47C,Spokane,Spokane,WA,99202,2012,CHEVROLET,VOLT,Plug-in Hybrid Electric Vehicle (PHEV),Clean Alternative Fuel Vehicle Eligible,35,3.0,126063605,POINT (-117.3797 47.65548),MODERN ELECTRIC WATER COMPANY,53063003100
1N4AZ1CP2J,King,Federal Way,WA,98023,2018,NISSAN,LEAF,Battery Electric Vehicle (BEV),Clean Alternative Fuel Vehicle Eligible,151,30.0,274737354,POINT (-122.36217 47.31011),PUGET SOUND ENERGY INC||CITY OF TACOMA - (WA),53033030308
KL8CL6S04G,King,Seattle,WA,98146,2016,CHEVROLET,SPARK,Battery Electric Vehicle (BEV),Clean Alternative Fuel Vehicle Eligible,82,34.0,318221452,POINT (-122.36322 47.49736),CITY OF SEATTLE - (WA)|CITY OF TACOMA - (WA),53033012100
1N4AZ0CP0F,King,Seattle,WA,98125,2015,NISSAN,LEAF,Battery Electric Vehicle (BEV),Clean Alternative Fuel Vehicle Eligible,84,46.0,184963586,POINT (-122.30253 47.72656),CITY OF SEATTLE - (WA)|CITY OF TACOMA - (WA),53033000700
1FADP5CU6F,King,Kirkland,WA,98034,2015,FORD,C-MAX,Plug-in Hybrid Electric Vehicle (PHEV),Not eligible due to low battery range,19,45.0,228829191,POINT (-122.22901 47.72201),PUGET SOUND ENERGY INC||CITY OF TACOMA - (WA),53033021905
5YJYGDEF9L,King,Kirkland,WA,98034,2020,TESLA,MODEL Y,Battery Electric Vehicle (BEV),Clean Alternative Fuel Vehicle Eligible,291,1.0,107655061,POINT (-122.22901 47.72201),PUGET SOUND ENERGY INC||CITY OF TACOMA - (WA),53033022204
1G1FX6S03H,King,Seattle,WA,98116,2017,CHEVROLET,BOLT EV,Battery Electric Vehicle (BEV),Clean Alternative Fuel Vehicle Eligible,238,34.0,312431822,POINT (-122.41067 47.57894),CITY OF SEATTLE - (WA)|CITY OF TACOMA - (WA),53033009701
5YJXCAE47G,Pierce,Spanaway,WA,98387,2016,TESLA,MODEL X,Battery Electric Vehicle (BEV),Clean Alternative Fuel Vehicle Eligible,200,29.0,135080046,POINT (-122.41046 47.06512),BONNEVILLE POWER ADMINISTRATION||CITY OF TACOMA - (WA)||PENINSULA LIGHT COMPANY,53053071403
1G1FZ6S04K,Kitsap,Bainbridge Island,WA,98110,2019,CHEVROLET,BOLT EV,Battery Electric Vehicle (BEV),Clean Alternative Fuel Vehicle Eligible,238,23.0,330819933,POINT (-122.521 47.62732),PUGET SOUND ENERGY INC,53035090902
KNDPYDAH9P,Benton,Kennewick,WA,99336,2023,KIA,SPORTAGE,Plug-in Hybrid Electric Vehicle (PHEV),Clean Alternative Fuel Vehicle Eligible,34,8.0,240935901,POINT (-119.11698 46.20837),BONNEVILLE POWER ADMINISTRATION||PUD NO 1 OF BENTON COUNTY,53005010816
1N4AZ0CP0F,Snohomish,Edmonds,WA,98026,2015,NISSAN,LEAF,Battery Electric Vehicle (BEV),Clean Alternative Fuel Vehicle Eligible,84,32.0,204635364,POINT (-122.31768 47.87166),PUGET SOUND ENERGY INC,53061050800
KNDCE3LG8L,King,Issaquah,WA,98027,2020,KIA,NIRO,Battery Electric Vehicle (BEV),Clean Alternative Fuel Vehicle Eligible,239,5.0,166075829,POINT (-122.03439 47.5301),PUGET SOUND ENERGY INC||CITY OF TACOMA - (WA),53033032104
1G1RA6S54H,King,Issaquah,WA,98027,2017,CHEVROLET,VOLT,Plug-in Hybrid Electric Vehicle (PHEV),Clean Alternative Fuel Vehicle Eligible,53,5.0,349806572,POINT (-122.03439 47.5301),PUGET SOUND ENERGY INC||CITY OF TACOMA - (WA),53033032102
3FA6P0SU6E,Snohomish,Everett,WA,98204,2014,FORD,FUSION,Plug-in Hybrid Electric Vehicle (PHEV),Not eligible due to low battery range,19,21.0,198060852,POINT (-122.27557 47.88936),PUGET SOUND ENERGY INC,53061041812
JHMZC5F3XL,King,Seattle,WA,98125,2020,HONDA,CLARITY,Plug-in Hybrid Electric Vehicle (PHEV),Clean Alternative Fuel Vehicle Eligible,47,46.0,194477377,POINT (-122.30253 47.72656),CITY OF SEATTLE - (WA)|CITY OF TACOMA - (WA),53033001000
5UX43EU01S,King,Federal Way,WA,98003,2025,BMW,X5,Plug-in Hybrid Electric Vehicle (PHEV),Clean Alternative Fuel Vehicle Eligible,40,30.0,278450889,POINT (-122.3303 47.30151),PUGET SOUND ENERGY INC||CITY OF TACOMA - (WA),53033030203
WVWPR7AU8K,King,Seattle,WA,98144,2019,VOLKSWAGEN,E-GOLF,Battery Electric Vehicle (BEV),Clean Alternative Fuel Vehicle Eligible,125,37.0,6204915,POINT (-122.30866 47.57874),CITY OF SEATTLE - (WA)|CITY OF TACOMA - (WA),53033008900
JTJHKCFZ0S,King,Bellevue,WA,98006,2025,LEXUS,NX,Plug-in Hybrid Electric Vehicle (PHEV),Clean Alternative Fuel Vehicle Eligible,37,41.0,282955788,POINT (-122.12096 47.55584),PUGET SOUND ENERGY INC||CITY OF TACOMA - (WA),53033025001
1N4AZ0CP9F,King,Bothell,WA,98011,2015,NISSAN,LEAF,Battery Electric Vehicle (BEV),Clean Alternative Fuel Vehicle Eligible,84,1.0,161039714,POINT (-122.20563 47.76144),PUGET SOUND ENERGY INC||CITY OF TACOMA - (WA),53033021905
